 
****************************************
Report : timing
        -path full
        -delay max
        -nworst 5
        -max_paths 20
Design : horcrux_top_synth
Version: X-2025.06
Date   : Wed Oct  7 12:17:30 2026
****************************************

Operating Conditions: ss_typical_max_0p81v_125c   Library: sc9_cln40g_base_rvt_ss_typical_max_0p81v_125c
Wire Load Model Mode: top

  Startpoint: i_horcrux_top/id_stage_i/rs_values_o_reg[rs2][3]
              (rising edge-triggered flip-flop clocked by clk)
  Endpoint: result_o[data][30]
            (output port clocked by clk)
  Path Group: clk
  Path Type: max

  Des/Clust/Port     Wire Load Model       Library
  ------------------------------------------------
  horcrux_top_synth  Medium                sc9_cln40g_base_rvt_ss_typical_max_0p81v_125c

  Point                                                                                                                                                                                                                                                                                                                                                                                                                                                                                                                                                 Incr       Path
  ---------------------------------------------------------------------------------------------------------------------------------------------------------------------------------------------------------------------------------------------------------------------------------------------------
  clock clk (rise edge)                                                                                                                                                                                                                                                          0.0000     0.0000
  clock network delay (ideal)                                                                                                                                                                                                                                                    0.5000     0.5000
  i_horcrux_top/id_stage_i/rs_values_o_reg[rs2][3]/CK (DFFSQN_X3M_A9TR)                                                                                                                                                                                                          0.0000     0.5000 r
  i_horcrux_top/id_stage_i/rs_values_o_reg[rs2][3]/QN (DFFSQN_X3M_A9TR)                                                                                                                                                                                                          0.1561     0.6561 r
  i_horcrux_top/id_stage_i/U4/Y (BUF_X16M_A9TR)                                                                                                                                                                                                                                  0.0474     0.7035 r
  i_horcrux_top/id_stage_i/rs_values_o[rs2][3] (id_stage_I_xif_issue_if_if_xif_coproc_issue_X_NUM_RS_3)                                                                                                                                                                          0.0000     0.7035 r
  i_horcrux_top/i_horcrux/rs_values_i[rs2][3] (horcrux_NUM_VARIABLES50_VARIABLE_WIDTH32)                                                                                                                                                                                         0.0000     0.7035 r
  i_horcrux_top/i_horcrux/multiplier_tree_inst/multiplier_tree2_i[3] (multiplier_tree)                                                                                                                                                                                           0.0000     0.7035 r
  i_horcrux_top/i_horcrux/multiplier_tree_inst/DP_OP_87J8_127_9004/I2[3] (multiplier_tree_DP_OP_87J8_127_9004_3)                                                                                                                                                                 0.0000     0.7035 r
  i_horcrux_top/i_horcrux/multiplier_tree_inst/DP_OP_87J8_127_9004/U493/Y (BUFH_X6M_A9TR)                                                                                                                                                                                        0.0312     0.7348 r
  i_horcrux_top/i_horcrux/multiplier_tree_inst/DP_OP_87J8_127_9004/U536/Y (NAND2B_X4M_A9TR)                                                                                                                                                                                      0.0555     0.7902 r
  i_horcrux_top/i_horcrux/multiplier_tree_inst/DP_OP_87J8_127_9004/U552/Y (NAND2_X6M_A9TR)                                                                                                                                                                                       0.0325     0.8227 f
  i_horcrux_top/i_horcrux/multiplier_tree_inst/DP_OP_87J8_127_9004/U492/Y (INV_X5M_A9TR)                                                                                                                                                                                         0.0316     0.8543 r
  i_horcrux_top/i_horcrux/multiplier_tree_inst/DP_OP_87J8_127_9004/U465/Y (NOR2_X4B_A9TR)                                                                                                                                                                                        0.0390     0.8932 f
  i_horcrux_top/i_horcrux/multiplier_tree_inst/DP_OP_87J8_127_9004/U508/Y (NAND2_X6A_A9TR)                                                                                                                                                                                       0.0348     0.9280 r
  i_horcrux_top/i_horcrux/multiplier_tree_inst/DP_OP_87J8_127_9004/U501/Y (NAND2XB_X8M_A9TR)                                                                                                                                                                                     0.0297     0.9577 f
  i_horcrux_top/i_horcrux/multiplier_tree_inst/DP_OP_87J8_127_9004/U502/Y (NAND2_X8M_A9TR)                                                                                                                                                                                       0.0302     0.9879 r
  i_horcrux_top/i_horcrux/multiplier_tree_inst/DP_OP_87J8_127_9004/U584/Y (NAND2_X8A_A9TR)                                                                                                                                                                                       0.0209     1.0088 f
  i_horcrux_top/i_horcrux/multiplier_tree_inst/DP_OP_87J8_127_9004/U550/Y (XNOR2_X4M_A9TR)                                                                                                                                                                                       0.0377     1.0465 f
  i_horcrux_top/i_horcrux/multiplier_tree_inst/DP_OP_87J8_127_9004/O2[7] (multiplier_tree_DP_OP_87J8_127_9004_3)                                                                                                                                                                 0.0000     1.0465 f
  i_horcrux_top/i_horcrux/multiplier_tree_inst/U588/Y (AOI21B_X6M_A9TR)                                                                                                                                                                                                          0.0577     1.1042 r
  i_horcrux_top/i_horcrux/multiplier_tree_inst/U570/Y (NAND2_X8A_A9TR)                                                                                                                                                                                                           0.0286     1.1328 f
  i_horcrux_top/i_horcrux/multiplier_tree_inst/u_shared_mul/op_b_i[7] (shared_multiplication_logic)                                                                                                                                                                              0.0000     1.1328 f
  i_horcrux_top/i_horcrux/multiplier_tree_inst/u_shared_mul/u_primary_mul/b_i[7] (unified_mul_32x32)                                                                                                                                                                             0.0000     1.1328 f
  i_horcrux_top/i_horcrux/multiplier_tree_inst/u_shared_mul/u_primary_mul/U6041/Y (AND2_X11B_A9TR)                                                                                                                                                                               0.0432     1.1760 f
  i_horcrux_top/i_horcrux/multiplier_tree_inst/u_shared_mul/u_primary_mul/add_x_1/A[7] (unified_mul_32x32_DW01_add_648)                                                                                                                                                          0.0000     1.1760 f
  i_horcrux_top/i_horcrux/multiplier_tree_inst/u_shared_mul/u_primary_mul/add_x_1/U682/Y (NOR2_X8A_A9TR)                                                                                                                                                                         0.0384     1.2145 r
  i_horcrux_top/i_horcrux/multiplier_tree_inst/u_shared_mul/u_primary_mul/add_x_1/U640/Y (INV_X6M_A9TR)                                                                                                                                                                          0.0274     1.2418 f
  i_horcrux_top/i_horcrux/multiplier_tree_inst/u_shared_mul/u_primary_mul/add_x_1/U643/Y (AOI21B_X6M_A9TR)                                                                                                                                                                       0.0367     1.2785 r
  i_horcrux_top/i_horcrux/multiplier_tree_inst/u_shared_mul/u_primary_mul/add_x_1/U646/Y (NAND2_X4M_A9TR)                                                                                                                                                                        0.0261     1.3046 f
  i_horcrux_top/i_horcrux/multiplier_tree_inst/u_shared_mul/u_primary_mul/add_x_1/U679/Y (XOR2_X4M_A9TR)                                                                                                                                                                         0.0373     1.3419 f
  i_horcrux_top/i_horcrux/multiplier_tree_inst/u_shared_mul/u_primary_mul/add_x_1/SUM[8] (unified_mul_32x32_DW01_add_648)                                                                                                                                                        0.0000     1.3419 f
  i_horcrux_top/i_horcrux/multiplier_tree_inst/u_shared_mul/u_primary_mul/U4982/Y (MX2_X8B_A9TR)                                                                                                                                                                                 0.0598     1.4017 f
  i_horcrux_top/i_horcrux/multiplier_tree_inst/u_shared_mul/u_primary_mul/add_x_2/A[8] (unified_mul_32x32_DW01_add_437)                                                                                                                                                          0.0000     1.4017 f
  i_horcrux_top/i_horcrux/multiplier_tree_inst/u_shared_mul/u_primary_mul/add_x_2/U453/Y (OR2_X6M_A9TR)                                                                                                                                                                          0.0521     1.4538 f
  i_horcrux_top/i_horcrux/multiplier_tree_inst/u_shared_mul/u_primary_mul/add_x_2/U439/Y (NAND2_X4M_A9TR)                                                                                                                                                                        0.0259     1.4798 r
  i_horcrux_top/i_horcrux/multiplier_tree_inst/u_shared_mul/u_primary_mul/add_x_2/U544/Y (XOR2_X4M_A9TR)                                                                                                                                                                         0.0634     1.5431 r
  i_horcrux_top/i_horcrux/multiplier_tree_inst/u_shared_mul/u_primary_mul/add_x_2/SUM[8] (unified_mul_32x32_DW01_add_437)                                                                                                                                                        0.0000     1.5431 r
  i_horcrux_top/i_horcrux/multiplier_tree_inst/u_shared_mul/u_primary_mul/U2083/Y (NAND2_X6M_A9TR)                                                                                                                                                                               0.0315     1.5746 f
  i_horcrux_top/i_horcrux/multiplier_tree_inst/u_shared_mul/u_primary_mul/U2541/Y (NAND2_X8A_A9TR)                                                                                                                                                                               0.0310     1.6056 r
  i_horcrux_top/i_horcrux/multiplier_tree_inst/u_shared_mul/u_primary_mul/add_x_3/A[8] (unified_mul_32x32_DW01_add_809)                                                                                                                                                          0.0000     1.6056 r
  i_horcrux_top/i_horcrux/multiplier_tree_inst/u_shared_mul/u_primary_mul/add_x_3/U465/Y (OR2_X8B_A9TR)                                                                                                                                                                          0.0398     1.6454 r
  i_horcrux_top/i_horcrux/multiplier_tree_inst/u_shared_mul/u_primary_mul/add_x_3/U504/Y (NAND3_X6A_A9TR)                                                                                                                                                                        0.0311     1.6765 f
  i_horcrux_top/i_horcrux/multiplier_tree_inst/u_shared_mul/u_primary_mul/add_x_3/U503/Y (NAND2_X8A_A9TR)                                                                                                                                                                        0.0325     1.7089 r
  i_horcrux_top/i_horcrux/multiplier_tree_inst/u_shared_mul/u_primary_mul/add_x_3/U501/Y (NAND3_X6A_A9TR)                                                                                                                                                                        0.0330     1.7420 f
  i_horcrux_top/i_horcrux/multiplier_tree_inst/u_shared_mul/u_primary_mul/add_x_3/U499/Y (NAND2_X8B_A9TR)                                                                                                                                                                        0.0341     1.7761 r
  i_horcrux_top/i_horcrux/multiplier_tree_inst/u_shared_mul/u_primary_mul/add_x_3/U536/Y (XNOR2_X4M_A9TR)                                                                                                                                                                        0.0438     1.8198 r
  i_horcrux_top/i_horcrux/multiplier_tree_inst/u_shared_mul/u_primary_mul/add_x_3/SUM[11] (unified_mul_32x32_DW01_add_809)                                                                                                                                                       0.0000     1.8198 r
  i_horcrux_top/i_horcrux/multiplier_tree_inst/u_shared_mul/u_primary_mul/U2655/Y (NAND2_X6A_A9TR)                                                                                                                                                                               0.0327     1.8525 f
  i_horcrux_top/i_horcrux/multiplier_tree_inst/u_shared_mul/u_primary_mul/U6359/Y (NAND2_X8A_A9TR)                                                                                                                                                                               0.0281     1.8806 r
  i_horcrux_top/i_horcrux/multiplier_tree_inst/u_shared_mul/u_primary_mul/add_x_4/A[11] (unified_mul_32x32_DW01_add_853)                                                                                                                                                         0.0000     1.8806 r
  i_horcrux_top/i_horcrux/multiplier_tree_inst/u_shared_mul/u_primary_mul/add_x_4/U973/Y (OR2_X11B_A9TR)                                                                                                                                                                         0.0436     1.9242 r
  i_horcrux_top/i_horcrux/multiplier_tree_inst/u_shared_mul/u_primary_mul/add_x_4/U912/Y (NAND3_X6A_A9TR)                                                                                                                                                                        0.0386     1.9629 f
  i_horcrux_top/i_horcrux/multiplier_tree_inst/u_shared_mul/u_primary_mul/add_x_4/U876/Y (NAND2_X6B_A9TR)                                                                                                                                                                        0.0329     1.9958 r
  i_horcrux_top/i_horcrux/multiplier_tree_inst/u_shared_mul/u_primary_mul/add_x_4/U874/Y (XOR2_X4M_A9TR)                                                                                                                                                                         0.0412     2.0370 r
  i_horcrux_top/i_horcrux/multiplier_tree_inst/u_shared_mul/u_primary_mul/add_x_4/SUM[12] (unified_mul_32x32_DW01_add_853)                                                                                                                                                       0.0000     2.0370 r
  i_horcrux_top/i_horcrux/multiplier_tree_inst/u_shared_mul/u_primary_mul/U2297/Y (NAND2_X6M_A9TR)                                                                                                                                                                               0.0316     2.0686 f
  i_horcrux_top/i_horcrux/multiplier_tree_inst/u_shared_mul/u_primary_mul/U2296/Y (NAND2_X8B_A9TR)                                                                                                                                                                               0.0262     2.0948 r
  i_horcrux_top/i_horcrux/multiplier_tree_inst/u_shared_mul/u_primary_mul/add_x_5/A[12] (unified_mul_32x32_DW01_add_370)                                                                                                                                                         0.0000     2.0948 r
  i_horcrux_top/i_horcrux/multiplier_tree_inst/u_shared_mul/u_primary_mul/add_x_5/U794/Y (OR2_X8M_A9TR)                                                                                                                                                                          0.0417     2.1365 r
  i_horcrux_top/i_horcrux/multiplier_tree_inst/u_shared_mul/u_primary_mul/add_x_5/U709/Y (NAND3_X6A_A9TR)                                                                                                                                                                        0.0480     2.1845 f
  i_horcrux_top/i_horcrux/multiplier_tree_inst/u_shared_mul/u_primary_mul/add_x_5/U729/Y (NAND2_X4B_A9TR)                                                                                                                                                                        0.0344     2.2189 r
  i_horcrux_top/i_horcrux/multiplier_tree_inst/u_shared_mul/u_primary_mul/add_x_5/U803/Y (XNOR2_X4M_A9TR)                                                                                                                                                                        0.0624     2.2814 r
  i_horcrux_top/i_horcrux/multiplier_tree_inst/u_shared_mul/u_primary_mul/add_x_5/SUM[13] (unified_mul_32x32_DW01_add_370)                                                                                                                                                       0.0000     2.2814 r
  i_horcrux_top/i_horcrux/multiplier_tree_inst/u_shared_mul/u_primary_mul/U5922/Y (NAND2_X6A_A9TR)                                                                                                                                                                               0.0328     2.3141 f
  i_horcrux_top/i_horcrux/multiplier_tree_inst/u_shared_mul/u_primary_mul/U6418/Y (NAND2_X8A_A9TR)                                                                                                                                                                               0.0280     2.3421 r
  i_horcrux_top/i_horcrux/multiplier_tree_inst/u_shared_mul/u_primary_mul/add_x_6/A[13] (unified_mul_32x32_DW01_add_841)                                                                                                                                                         0.0000     2.3421 r
  i_horcrux_top/i_horcrux/multiplier_tree_inst/u_shared_mul/u_primary_mul/add_x_6/U645/Y (NAND2XB_X4M_A9TR)                                                                                                                                                                      0.0335     2.3756 f
  i_horcrux_top/i_horcrux/multiplier_tree_inst/u_shared_mul/u_primary_mul/add_x_6/U668/Y (NAND2_X6M_A9TR)                                                                                                                                                                        0.0323     2.4080 r
  i_horcrux_top/i_horcrux/multiplier_tree_inst/u_shared_mul/u_primary_mul/add_x_6/U761/Y (XOR2_X4M_A9TR)                                                                                                                                                                         0.0414     2.4493 r
  i_horcrux_top/i_horcrux/multiplier_tree_inst/u_shared_mul/u_primary_mul/add_x_6/SUM[13] (unified_mul_32x32_DW01_add_841)                                                                                                                                                       0.0000     2.4493 r
  i_horcrux_top/i_horcrux/multiplier_tree_inst/u_shared_mul/u_primary_mul/U2111/Y (NAND2_X6A_A9TR)                                                                                                                                                                               0.0328     2.4821 f
  i_horcrux_top/i_horcrux/multiplier_tree_inst/u_shared_mul/u_primary_mul/U3188/Y (NAND2_X8A_A9TR)                                                                                                                                                                               0.0338     2.5160 r
  i_horcrux_top/i_horcrux/multiplier_tree_inst/u_shared_mul/u_primary_mul/add_x_7/A[13] (unified_mul_32x32_DW01_add_349)                                                                                                                                                         0.0000     2.5160 r
  i_horcrux_top/i_horcrux/multiplier_tree_inst/u_shared_mul/u_primary_mul/add_x_7/U661/Y (NAND2_X8A_A9TR)                                                                                                                                                                        0.0250     2.5410 f
  i_horcrux_top/i_horcrux/multiplier_tree_inst/u_shared_mul/u_primary_mul/add_x_7/U705/Y (OAI21_X8M_A9TR)                                                                                                                                                                        0.0267     2.5677 r
  i_horcrux_top/i_horcrux/multiplier_tree_inst/u_shared_mul/u_primary_mul/add_x_7/U764/Y (XOR2_X4M_A9TR)                                                                                                                                                                         0.0434     2.6111 r
  i_horcrux_top/i_horcrux/multiplier_tree_inst/u_shared_mul/u_primary_mul/add_x_7/SUM[13] (unified_mul_32x32_DW01_add_349)                                                                                                                                                       0.0000     2.6111 r
  i_horcrux_top/i_horcrux/multiplier_tree_inst/u_shared_mul/u_primary_mul/U1479/Y (NAND2_X6A_A9TR)                                                                                                                                                                               0.0328     2.6439 f
  i_horcrux_top/i_horcrux/multiplier_tree_inst/u_shared_mul/u_primary_mul/U2426/Y (NAND2_X8A_A9TR)                                                                                                                                                                               0.0290     2.6729 r
  i_horcrux_top/i_horcrux/multiplier_tree_inst/u_shared_mul/u_primary_mul/add_x_8/A[13] (unified_mul_32x32_DW01_add_173)                                                                                                                                                         0.0000     2.6729 r
  i_horcrux_top/i_horcrux/multiplier_tree_inst/u_shared_mul/u_primary_mul/add_x_8/U598/Y (INV_X9M_A9TR)                                                                                                                                                                          0.0163     2.6892 f
  i_horcrux_top/i_horcrux/multiplier_tree_inst/u_shared_mul/u_primary_mul/add_x_8/U619/Y (NAND2_X8A_A9TR)                                                                                                                                                                        0.0205     2.7097 r
  i_horcrux_top/i_horcrux/multiplier_tree_inst/u_shared_mul/u_primary_mul/add_x_8/U647/Y (AOI21_X8M_A9TR)                                                                                                                                                                        0.0406     2.7503 f
  i_horcrux_top/i_horcrux/multiplier_tree_inst/u_shared_mul/u_primary_mul/add_x_8/U646/Y (OAI21_X8M_A9TR)                                                                                                                                                                        0.0489     2.7993 r
  i_horcrux_top/i_horcrux/multiplier_tree_inst/u_shared_mul/u_primary_mul/add_x_8/U643/Y (NAND2_X8A_A9TR)                                                                                                                                                                        0.0247     2.8240 f
  i_horcrux_top/i_horcrux/multiplier_tree_inst/u_shared_mul/u_primary_mul/add_x_8/U628/Y (NAND2_X8A_A9TR)                                                                                                                                                                        0.0241     2.8481 r
  i_horcrux_top/i_horcrux/multiplier_tree_inst/u_shared_mul/u_primary_mul/add_x_8/U690/Y (NAND2_X8A_A9TR)                                                                                                                                                                        0.0211     2.8691 f
  i_horcrux_top/i_horcrux/multiplier_tree_inst/u_shared_mul/u_primary_mul/add_x_8/U627/Y (NAND2_X8A_A9TR)                                                                                                                                                                        0.0226     2.8917 r
  i_horcrux_top/i_horcrux/multiplier_tree_inst/u_shared_mul/u_primary_mul/add_x_8/U630/Y (NAND2_X8A_A9TR)                                                                                                                                                                        0.0207     2.9124 f
  i_horcrux_top/i_horcrux/multiplier_tree_inst/u_shared_mul/u_primary_mul/add_x_8/U613/Y (NAND2_X8A_A9TR)                                                                                                                                                                        0.0233     2.9357 r
  i_horcrux_top/i_horcrux/multiplier_tree_inst/u_shared_mul/u_primary_mul/add_x_8/U695/Y (XNOR2_X4M_A9TR)                                                                                                                                                                        0.0571     2.9928 r
  i_horcrux_top/i_horcrux/multiplier_tree_inst/u_shared_mul/u_primary_mul/add_x_8/SUM[18] (unified_mul_32x32_DW01_add_173)                                                                                                                                                       0.0000     2.9928 r
  i_horcrux_top/i_horcrux/multiplier_tree_inst/u_shared_mul/u_primary_mul/U2684/Y (AO1B2_X6M_A9TR)                                                                                                                                                                               0.0675     3.0602 r
  i_horcrux_top/i_horcrux/multiplier_tree_inst/u_shared_mul/u_primary_mul/add_x_9/A[18] (unified_mul_32x32_DW01_add_191)                                                                                                                                                         0.0000     3.0602 r
  i_horcrux_top/i_horcrux/multiplier_tree_inst/u_shared_mul/u_primary_mul/add_x_9/U598/Y (NAND2_X8A_A9TR)                                                                                                                                                                        0.0279     3.0881 f
  i_horcrux_top/i_horcrux/multiplier_tree_inst/u_shared_mul/u_primary_mul/add_x_9/U576/Y (INV_X11M_A9TR)                                                                                                                                                                         0.0180     3.1061 r
  i_horcrux_top/i_horcrux/multiplier_tree_inst/u_shared_mul/u_primary_mul/add_x_9/U639/Y (OAI21_X8M_A9TR)                                                                                                                                                                        0.0354     3.1415 f
  i_horcrux_top/i_horcrux/multiplier_tree_inst/u_shared_mul/u_primary_mul/add_x_9/U675/Y (OAI21_X8M_A9TR)                                                                                                                                                                        0.0405     3.1820 r
  i_horcrux_top/i_horcrux/multiplier_tree_inst/u_shared_mul/u_primary_mul/add_x_9/U672/Y (AOI21_X8M_A9TR)                                                                                                                                                                        0.0467     3.2288 f
  i_horcrux_top/i_horcrux/multiplier_tree_inst/u_shared_mul/u_primary_mul/add_x_9/U701/Y (OAI21_X8M_A9TR)                                                                                                                                                                        0.0419     3.2706 r
  i_horcrux_top/i_horcrux/multiplier_tree_inst/u_shared_mul/u_primary_mul/add_x_9/U666/Y (AOI21_X8M_A9TR)                                                                                                                                                                        0.0468     3.3174 f
  i_horcrux_top/i_horcrux/multiplier_tree_inst/u_shared_mul/u_primary_mul/add_x_9/U664/Y (OAI21_X8M_A9TR)                                                                                                                                                                        0.0421     3.3595 r
  i_horcrux_top/i_horcrux/multiplier_tree_inst/u_shared_mul/u_primary_mul/add_x_9/U597/Y (AOI21_X8M_A9TR)                                                                                                                                                                        0.0477     3.4072 f
  i_horcrux_top/i_horcrux/multiplier_tree_inst/u_shared_mul/u_primary_mul/add_x_9/U620/Y (OAI21_X8M_A9TR)                                                                                                                                                                        0.0439     3.4511 r
  i_horcrux_top/i_horcrux/multiplier_tree_inst/u_shared_mul/u_primary_mul/add_x_9/U619/Y (AOI21_X8M_A9TR)                                                                                                                                                                        0.0472     3.4983 f
  i_horcrux_top/i_horcrux/multiplier_tree_inst/u_shared_mul/u_primary_mul/add_x_9/U656/Y (XOR2_X4M_A9TR)                                                                                                                                                                         0.0491     3.5474 f
  i_horcrux_top/i_horcrux/multiplier_tree_inst/u_shared_mul/u_primary_mul/add_x_9/SUM[27] (unified_mul_32x32_DW01_add_191)                                                                                                                                                       0.0000     3.5474 f
  i_horcrux_top/i_horcrux/multiplier_tree_inst/u_shared_mul/u_primary_mul/U2928/Y (NAND2_X8A_A9TR)                                                                                                                                                                               0.0325     3.5799 r
  i_horcrux_top/i_horcrux/multiplier_tree_inst/u_shared_mul/u_primary_mul/U2927/Y (NAND2_X8A_A9TR)                                                                                                                                                                               0.0266     3.6066 f
  i_horcrux_top/i_horcrux/multiplier_tree_inst/u_shared_mul/u_primary_mul/add_x_10/A[27] (unified_mul_32x32_DW01_add_765)                                                                                                                                                        0.0000     3.6066 f
  i_horcrux_top/i_horcrux/multiplier_tree_inst/u_shared_mul/u_primary_mul/add_x_10/U744/Y (INV_X11M_A9TR)                                                                                                                                                                        0.0216     3.6282 r
  i_horcrux_top/i_horcrux/multiplier_tree_inst/u_shared_mul/u_primary_mul/add_x_10/U720/Y (NAND2_X8A_A9TR)                                                                                                                                                                       0.0224     3.6506 f
  i_horcrux_top/i_horcrux/multiplier_tree_inst/u_shared_mul/u_primary_mul/add_x_10/U727/Y (NAND2_X6A_A9TR)                                                                                                                                                                       0.0206     3.6712 r
  i_horcrux_top/i_horcrux/multiplier_tree_inst/u_shared_mul/u_primary_mul/add_x_10/U669/Y (XNOR2_X4M_A9TR)                                                                                                                                                                       0.0597     3.7308 r
  i_horcrux_top/i_horcrux/multiplier_tree_inst/u_shared_mul/u_primary_mul/add_x_10/SUM[27] (unified_mul_32x32_DW01_add_765)                                                                                                                                                      0.0000     3.7308 r
  i_horcrux_top/i_horcrux/multiplier_tree_inst/u_shared_mul/u_primary_mul/U3216/Y (NAND2_X6A_A9TR)                                                                                                                                                                               0.0304     3.7613 f
  i_horcrux_top/i_horcrux/multiplier_tree_inst/u_shared_mul/u_primary_mul/U1179/Y (NAND2_X6A_A9TR)                                                                                                                                                                               0.0305     3.7918 r
  i_horcrux_top/i_horcrux/multiplier_tree_inst/u_shared_mul/u_primary_mul/add_x_11/A[27] (unified_mul_32x32_DW01_add_770)                                                                                                                                                        0.0000     3.7918 r
  i_horcrux_top/i_horcrux/multiplier_tree_inst/u_shared_mul/u_primary_mul/add_x_11/U627/Y (NOR2_X8B_A9TR)                                                                                                                                                                        0.0358     3.8276 f
  i_horcrux_top/i_horcrux/multiplier_tree_inst/u_shared_mul/u_primary_mul/add_x_11/U609/Y (INV_X9M_A9TR)                                                                                                                                                                         0.0258     3.8534 r
  i_horcrux_top/i_horcrux/multiplier_tree_inst/u_shared_mul/u_primary_mul/add_x_11/U628/Y (NAND2_X8A_A9TR)                                                                                                                                                                       0.0191     3.8725 f
  i_horcrux_top/i_horcrux/multiplier_tree_inst/u_shared_mul/u_primary_mul/add_x_11/U698/Y (XOR2_X4M_A9TR)                                                                                                                                                                        0.0355     3.9080 r
  i_horcrux_top/i_horcrux/multiplier_tree_inst/u_shared_mul/u_primary_mul/add_x_11/SUM[27] (unified_mul_32x32_DW01_add_770)                                                                                                                                                      0.0000     3.9080 r
  i_horcrux_top/i_horcrux/multiplier_tree_inst/u_shared_mul/u_primary_mul/U2521/Y (NAND2_X6A_A9TR)                                                                                                                                                                               0.0327     3.9408 f
  i_horcrux_top/i_horcrux/multiplier_tree_inst/u_shared_mul/u_primary_mul/U2797/Y (NAND2_X8A_A9TR)                                                                                                                                                                               0.0295     3.9703 r
  i_horcrux_top/i_horcrux/multiplier_tree_inst/u_shared_mul/u_primary_mul/add_x_12/A[27] (unified_mul_32x32_DW01_add_762)                                                                                                                                                        0.0000     3.9703 r
  i_horcrux_top/i_horcrux/multiplier_tree_inst/u_shared_mul/u_primary_mul/add_x_12/U684/Y (NAND2_X8A_A9TR)                                                                                                                                                                       0.0332     4.0035 f
  i_horcrux_top/i_horcrux/multiplier_tree_inst/u_shared_mul/u_primary_mul/add_x_12/U676/Y (NAND2_X8A_A9TR)                                                                                                                                                                       0.0228     4.0263 r
  i_horcrux_top/i_horcrux/multiplier_tree_inst/u_shared_mul/u_primary_mul/add_x_12/U545/Y (NAND2_X4B_A9TR)                                                                                                                                                                       0.0281     4.0544 f
  i_horcrux_top/i_horcrux/multiplier_tree_inst/u_shared_mul/u_primary_mul/add_x_12/U498/Y (NAND2XB_X6M_A9TR)                                                                                                                                                                     0.0297     4.0841 r
  i_horcrux_top/i_horcrux/multiplier_tree_inst/u_shared_mul/u_primary_mul/add_x_12/U642/Y (AOI21_X8M_A9TR)                                                                                                                                                                       0.0253     4.1094 f
  i_horcrux_top/i_horcrux/multiplier_tree_inst/u_shared_mul/u_primary_mul/add_x_12/U640/Y (XOR2_X4M_A9TR)                                                                                                                                                                        0.0572     4.1666 f
  i_horcrux_top/i_horcrux/multiplier_tree_inst/u_shared_mul/u_primary_mul/add_x_12/SUM[29] (unified_mul_32x32_DW01_add_762)                                                                                                                                                      0.0000     4.1666 f
  i_horcrux_top/i_horcrux/multiplier_tree_inst/u_shared_mul/u_primary_mul/U2991/Y (AO1B2_X6M_A9TR)                                                                                                                                                                               0.0628     4.2294 f
  i_horcrux_top/i_horcrux/multiplier_tree_inst/u_shared_mul/u_primary_mul/add_x_13/A[29] (unified_mul_32x32_DW01_add_240)                                                                                                                                                        0.0000     4.2294 f
  i_horcrux_top/i_horcrux/multiplier_tree_inst/u_shared_mul/u_primary_mul/add_x_13/U559/Y (NOR2_X8A_A9TR)                                                                                                                                                                        0.0396     4.2690 r
  i_horcrux_top/i_horcrux/multiplier_tree_inst/u_shared_mul/u_primary_mul/add_x_13/U489/Y (INV_X5M_A9TR)                                                                                                                                                                         0.0231     4.2921 f
  i_horcrux_top/i_horcrux/multiplier_tree_inst/u_shared_mul/u_primary_mul/add_x_13/U589/Y (NAND2_X6A_A9TR)                                                                                                                                                                       0.0208     4.3129 r
  i_horcrux_top/i_horcrux/multiplier_tree_inst/u_shared_mul/u_primary_mul/add_x_13/U651/Y (XOR2_X4M_A9TR)                                                                                                                                                                        0.0396     4.3526 r
  i_horcrux_top/i_horcrux/multiplier_tree_inst/u_shared_mul/u_primary_mul/add_x_13/SUM[29] (unified_mul_32x32_DW01_add_240)                                                                                                                                                      0.0000     4.3526 r
  i_horcrux_top/i_horcrux/multiplier_tree_inst/u_shared_mul/u_primary_mul/U2218/Y (NAND2_X6M_A9TR)                                                                                                                                                                               0.0317     4.3842 f
  i_horcrux_top/i_horcrux/multiplier_tree_inst/u_shared_mul/u_primary_mul/U2996/Y (NAND2_X8A_A9TR)                                                                                                                                                                               0.0272     4.4114 r
  i_horcrux_top/i_horcrux/multiplier_tree_inst/u_shared_mul/u_primary_mul/add_x_14/A[29] (unified_mul_32x32_DW01_add_817)                                                                                                                                                        0.0000     4.4114 r
  i_horcrux_top/i_horcrux/multiplier_tree_inst/u_shared_mul/u_primary_mul/add_x_14/U495/Y (NOR2_X8M_A9TR)                                                                                                                                                                        0.0341     4.4455 f
  i_horcrux_top/i_horcrux/multiplier_tree_inst/u_shared_mul/u_primary_mul/add_x_14/U592/Y (OAI21_X8M_A9TR)                                                                                                                                                                       0.0476     4.4931 r
  i_horcrux_top/i_horcrux/multiplier_tree_inst/u_shared_mul/u_primary_mul/add_x_14/U502/Y (NAND2_X8M_A9TR)                                                                                                                                                                       0.0326     4.5257 f
  i_horcrux_top/i_horcrux/multiplier_tree_inst/u_shared_mul/u_primary_mul/add_x_14/U519/Y (INV_X6B_A9TR)                                                                                                                                                                         0.0215     4.5472 r
  i_horcrux_top/i_horcrux/multiplier_tree_inst/u_shared_mul/u_primary_mul/add_x_14/U515/Y (OAI21_X8M_A9TR)                                                                                                                                                                       0.0332     4.5804 f
  i_horcrux_top/i_horcrux/multiplier_tree_inst/u_shared_mul/u_primary_mul/add_x_14/U757/Y (OAI21_X8M_A9TR)                                                                                                                                                                       0.0409     4.6213 r
  i_horcrux_top/i_horcrux/multiplier_tree_inst/u_shared_mul/u_primary_mul/add_x_14/U756/Y (AOI21_X8M_A9TR)                                                                                                                                                                       0.0476     4.6689 f
  i_horcrux_top/i_horcrux/multiplier_tree_inst/u_shared_mul/u_primary_mul/add_x_14/U586/Y (OAI21_X8M_A9TR)                                                                                                                                                                       0.0418     4.7107 r
  i_horcrux_top/i_horcrux/multiplier_tree_inst/u_shared_mul/u_primary_mul/add_x_14/U542/Y (AOI21_X8M_A9TR)                                                                                                                                                                       0.0467     4.7573 f
  i_horcrux_top/i_horcrux/multiplier_tree_inst/u_shared_mul/u_primary_mul/add_x_14/U540/Y (XNOR2_X4M_A9TR)                                                                                                                                                                       0.0660     4.8234 f
  i_horcrux_top/i_horcrux/multiplier_tree_inst/u_shared_mul/u_primary_mul/add_x_14/SUM[36] (unified_mul_32x32_DW01_add_817)                                                                                                                                                      0.0000     4.8234 f
  i_horcrux_top/i_horcrux/multiplier_tree_inst/u_shared_mul/u_primary_mul/U2559/Y (NAND2_X6B_A9TR)                                                                                                                                                                               0.0342     4.8576 r
  i_horcrux_top/i_horcrux/multiplier_tree_inst/u_shared_mul/u_primary_mul/U5861/Y (NAND2_X8M_A9TR)                                                                                                                                                                               0.0260     4.8837 f
  i_horcrux_top/i_horcrux/multiplier_tree_inst/u_shared_mul/u_primary_mul/add_x_15/A[36] (unified_mul_32x32_DW01_add_265)                                                                                                                                                        0.0000     4.8837 f
  i_horcrux_top/i_horcrux/multiplier_tree_inst/u_shared_mul/u_primary_mul/add_x_15/U587/Y (NOR2_X8A_A9TR)                                                                                                                                                                        0.0398     4.9234 r
  i_horcrux_top/i_horcrux/multiplier_tree_inst/u_shared_mul/u_primary_mul/add_x_15/U553/Y (INV_X9M_A9TR)                                                                                                                                                                         0.0202     4.9436 f
  i_horcrux_top/i_horcrux/multiplier_tree_inst/u_shared_mul/u_primary_mul/add_x_15/U559/Y (NAND2_X8B_A9TR)                                                                                                                                                                       0.0182     4.9619 r
  i_horcrux_top/i_horcrux/multiplier_tree_inst/u_shared_mul/u_primary_mul/add_x_15/U641/Y (XOR2_X4M_A9TR)                                                                                                                                                                        0.0426     5.0044 r
  i_horcrux_top/i_horcrux/multiplier_tree_inst/u_shared_mul/u_primary_mul/add_x_15/SUM[36] (unified_mul_32x32_DW01_add_265)                                                                                                                                                      0.0000     5.0044 r
  i_horcrux_top/i_horcrux/multiplier_tree_inst/u_shared_mul/u_primary_mul/U2014/Y (NAND2_X8A_A9TR)                                                                                                                                                                               0.0300     5.0344 f
  i_horcrux_top/i_horcrux/multiplier_tree_inst/u_shared_mul/u_primary_mul/U2013/Y (NAND2_X8A_A9TR)                                                                                                                                                                               0.0281     5.0625 r
  i_horcrux_top/i_horcrux/multiplier_tree_inst/u_shared_mul/u_primary_mul/add_x_16/A[36] (unified_mul_32x32_DW01_add_276)                                                                                                                                                        0.0000     5.0625 r
  i_horcrux_top/i_horcrux/multiplier_tree_inst/u_shared_mul/u_primary_mul/add_x_16/U528/Y (INV_X11M_A9TR)                                                                                                                                                                        0.0157     5.0781 f
  i_horcrux_top/i_horcrux/multiplier_tree_inst/u_shared_mul/u_primary_mul/add_x_16/U530/Y (NAND2_X8A_A9TR)                                                                                                                                                                       0.0198     5.0979 r
  i_horcrux_top/i_horcrux/multiplier_tree_inst/u_shared_mul/u_primary_mul/add_x_16/U435/Y (NAND2_X4M_A9TR)                                                                                                                                                                       0.0250     5.1230 f
  i_horcrux_top/i_horcrux/multiplier_tree_inst/u_shared_mul/u_primary_mul/add_x_16/U603/Y (XNOR2_X4M_A9TR)                                                                                                                                                                       0.0411     5.1641 f
  i_horcrux_top/i_horcrux/multiplier_tree_inst/u_shared_mul/u_primary_mul/add_x_16/SUM[36] (unified_mul_32x32_DW01_add_276)                                                                                                                                                      0.0000     5.1641 f
  i_horcrux_top/i_horcrux/multiplier_tree_inst/u_shared_mul/u_primary_mul/U3851/Y (NAND2_X6A_A9TR)                                                                                                                                                                               0.0350     5.1991 r
  i_horcrux_top/i_horcrux/multiplier_tree_inst/u_shared_mul/u_primary_mul/U2551/Y (NAND2_X8M_A9TR)                                                                                                                                                                               0.0249     5.2241 f
  i_horcrux_top/i_horcrux/multiplier_tree_inst/u_shared_mul/u_primary_mul/add_x_17/A[36] (unified_mul_32x32_DW01_add_818)                                                                                                                                                        0.0000     5.2241 f
  i_horcrux_top/i_horcrux/multiplier_tree_inst/u_shared_mul/u_primary_mul/add_x_17/U542/Y (NOR2_X8A_A9TR)                                                                                                                                                                        0.0399     5.2639 r
  i_horcrux_top/i_horcrux/multiplier_tree_inst/u_shared_mul/u_primary_mul/add_x_17/U512/Y (INV_X11M_A9TR)                                                                                                                                                                        0.0189     5.2829 f
  i_horcrux_top/i_horcrux/multiplier_tree_inst/u_shared_mul/u_primary_mul/add_x_17/U475/Y (NAND2_X8B_A9TR)                                                                                                                                                                       0.0180     5.3009 r
  i_horcrux_top/i_horcrux/multiplier_tree_inst/u_shared_mul/u_primary_mul/add_x_17/U546/Y (XOR2_X4M_A9TR)                                                                                                                                                                        0.0423     5.3432 r
  i_horcrux_top/i_horcrux/multiplier_tree_inst/u_shared_mul/u_primary_mul/add_x_17/SUM[36] (unified_mul_32x32_DW01_add_818)                                                                                                                                                      0.0000     5.3432 r
  i_horcrux_top/i_horcrux/multiplier_tree_inst/u_shared_mul/u_primary_mul/U2534/Y (NAND2_X8M_A9TR)                                                                                                                                                                               0.0289     5.3721 f
  i_horcrux_top/i_horcrux/multiplier_tree_inst/u_shared_mul/u_primary_mul/U2195/Y (NAND2_X8B_A9TR)                                                                                                                                                                               0.0269     5.3990 r
  i_horcrux_top/i_horcrux/multiplier_tree_inst/u_shared_mul/u_primary_mul/add_x_18/A[36] (unified_mul_32x32_DW01_add_839)                                                                                                                                                        0.0000     5.3990 r
  i_horcrux_top/i_horcrux/multiplier_tree_inst/u_shared_mul/u_primary_mul/add_x_18/U458/Y (NAND2_X8M_A9TR)                                                                                                                                                                       0.0314     5.4304 f
  i_horcrux_top/i_horcrux/multiplier_tree_inst/u_shared_mul/u_primary_mul/add_x_18/U497/Y (NAND2_X8B_A9TR)                                                                                                                                                                       0.0242     5.4546 r
  i_horcrux_top/i_horcrux/multiplier_tree_inst/u_shared_mul/u_primary_mul/add_x_18/U490/Y (OAI21_X8M_A9TR)                                                                                                                                                                       0.0271     5.4817 f
  i_horcrux_top/i_horcrux/multiplier_tree_inst/u_shared_mul/u_primary_mul/add_x_18/U548/Y (XOR2_X4M_A9TR)                                                                                                                                                                        0.0600     5.5417 f
  i_horcrux_top/i_horcrux/multiplier_tree_inst/u_shared_mul/u_primary_mul/add_x_18/SUM[37] (unified_mul_32x32_DW01_add_839)                                                                                                                                                      0.0000     5.5417 f
  i_horcrux_top/i_horcrux/multiplier_tree_inst/u_shared_mul/u_primary_mul/U2777/Y (NAND2_X6B_A9TR)                                                                                                                                                                               0.0331     5.5748 r
  i_horcrux_top/i_horcrux/multiplier_tree_inst/u_shared_mul/u_primary_mul/U4001/Y (NAND2_X8M_A9TR)                                                                                                                                                                               0.0250     5.5998 f
  i_horcrux_top/i_horcrux/multiplier_tree_inst/u_shared_mul/u_primary_mul/add_x_19/A[37] (unified_mul_32x32_DW01_add_840)                                                                                                                                                        0.0000     5.5998 f
  i_horcrux_top/i_horcrux/multiplier_tree_inst/u_shared_mul/u_primary_mul/add_x_19/U451/Y (NOR2_X8A_A9TR)                                                                                                                                                                        0.0512     5.6510 r
  i_horcrux_top/i_horcrux/multiplier_tree_inst/u_shared_mul/u_primary_mul/add_x_19/U449/Y (OAI21_X8M_A9TR)                                                                                                                                                                       0.0536     5.7046 f
  i_horcrux_top/i_horcrux/multiplier_tree_inst/u_shared_mul/u_primary_mul/add_x_19/U627/Y (NAND2_X8B_A9TR)                                                                                                                                                                       0.0310     5.7355 r
  i_horcrux_top/i_horcrux/multiplier_tree_inst/u_shared_mul/u_primary_mul/add_x_19/U558/Y (NAND3_X6A_A9TR)                                                                                                                                                                       0.0442     5.7797 f
  i_horcrux_top/i_horcrux/multiplier_tree_inst/u_shared_mul/u_primary_mul/add_x_19/U540/Y (XNOR2_X4M_A9TR)                                                                                                                                                                       0.0450     5.8248 r
  i_horcrux_top/i_horcrux/multiplier_tree_inst/u_shared_mul/u_primary_mul/add_x_19/SUM[39] (unified_mul_32x32_DW01_add_840)                                                                                                                                                      0.0000     5.8248 r
  i_horcrux_top/i_horcrux/multiplier_tree_inst/u_shared_mul/u_primary_mul/U5624/Y (NAND2_X6A_A9TR)                                                                                                                                                                               0.0324     5.8572 f
  i_horcrux_top/i_horcrux/multiplier_tree_inst/u_shared_mul/u_primary_mul/U2650/Y (NAND2_X8M_A9TR)                                                                                                                                                                               0.0331     5.8903 r
  i_horcrux_top/i_horcrux/multiplier_tree_inst/u_shared_mul/u_primary_mul/add_x_20/A[39] (unified_mul_32x32_DW01_add_819)                                                                                                                                                        0.0000     5.8903 r
  i_horcrux_top/i_horcrux/multiplier_tree_inst/u_shared_mul/u_primary_mul/add_x_20/U448/Y (INV_X11M_A9TR)                                                                                                                                                                        0.0170     5.9073 f
  i_horcrux_top/i_horcrux/multiplier_tree_inst/u_shared_mul/u_primary_mul/add_x_20/U480/Y (NAND2_X8M_A9TR)                                                                                                                                                                       0.0247     5.9320 r
  i_horcrux_top/i_horcrux/multiplier_tree_inst/u_shared_mul/u_primary_mul/add_x_20/U353/Y (NAND2_X6A_A9TR)                                                                                                                                                                       0.0212     5.9532 f
  i_horcrux_top/i_horcrux/multiplier_tree_inst/u_shared_mul/u_primary_mul/add_x_20/U609/Y (XOR2_X4M_A9TR)                                                                                                                                                                        0.0577     6.0109 f
  i_horcrux_top/i_horcrux/multiplier_tree_inst/u_shared_mul/u_primary_mul/add_x_20/SUM[39] (unified_mul_32x32_DW01_add_819)                                                                                                                                                      0.0000     6.0109 f
  i_horcrux_top/i_horcrux/multiplier_tree_inst/u_shared_mul/u_primary_mul/U2150/Y (NAND2_X6M_A9TR)                                                                                                                                                                               0.0352     6.0460 r
  i_horcrux_top/i_horcrux/multiplier_tree_inst/u_shared_mul/u_primary_mul/U2623/Y (NAND2_X8A_A9TR)                                                                                                                                                                               0.0305     6.0765 f
  i_horcrux_top/i_horcrux/multiplier_tree_inst/u_shared_mul/u_primary_mul/add_x_21/A[39] (unified_mul_32x32_DW01_add_820)                                                                                                                                                        0.0000     6.0765 f
  i_horcrux_top/i_horcrux/multiplier_tree_inst/u_shared_mul/u_primary_mul/add_x_21/U409/Y (OR2_X11B_A9TR)                                                                                                                                                                        0.0529     6.1294 f
  i_horcrux_top/i_horcrux/multiplier_tree_inst/u_shared_mul/u_primary_mul/add_x_21/U416/Y (AOI21_X8M_A9TR)                                                                                                                                                                       0.0359     6.1653 r
  i_horcrux_top/i_horcrux/multiplier_tree_inst/u_shared_mul/u_primary_mul/add_x_21/U456/Y (OAI21_X8M_A9TR)                                                                                                                                                                       0.0403     6.2056 f
  i_horcrux_top/i_horcrux/multiplier_tree_inst/u_shared_mul/u_primary_mul/add_x_21/U410/Y (NAND2_X8A_A9TR)                                                                                                                                                                       0.0328     6.2384 r
  i_horcrux_top/i_horcrux/multiplier_tree_inst/u_shared_mul/u_primary_mul/add_x_21/U452/Y (NAND3_X6A_A9TR)                                                                                                                                                                       0.0384     6.2769 f
  i_horcrux_top/i_horcrux/multiplier_tree_inst/u_shared_mul/u_primary_mul/add_x_21/U470/Y (XNOR2_X4M_A9TR)                                                                                                                                                                       0.0473     6.3242 f
  i_horcrux_top/i_horcrux/multiplier_tree_inst/u_shared_mul/u_primary_mul/add_x_21/SUM[42] (unified_mul_32x32_DW01_add_820)                                                                                                                                                      0.0000     6.3242 f
  i_horcrux_top/i_horcrux/multiplier_tree_inst/u_shared_mul/u_primary_mul/U2394/Y (NAND2_X8A_A9TR)                                                                                                                                                                               0.0340     6.3582 r
  i_horcrux_top/i_horcrux/multiplier_tree_inst/u_shared_mul/u_primary_mul/U1826/Y (NAND2_X8M_A9TR)                                                                                                                                                                               0.0281     6.3863 f
  i_horcrux_top/i_horcrux/multiplier_tree_inst/u_shared_mul/u_primary_mul/add_x_22/A[42] (unified_mul_32x32_DW01_add_821)                                                                                                                                                        0.0000     6.3863 f
  i_horcrux_top/i_horcrux/multiplier_tree_inst/u_shared_mul/u_primary_mul/add_x_22/U496/Y (XOR2_X4M_A9TR)                                                                                                                                                                        0.0382     6.4245 f
  i_horcrux_top/i_horcrux/multiplier_tree_inst/u_shared_mul/u_primary_mul/add_x_22/U391/Y (XNOR2_X4M_A9TR)                                                                                                                                                                       0.0712     6.4957 f
  i_horcrux_top/i_horcrux/multiplier_tree_inst/u_shared_mul/u_primary_mul/add_x_22/SUM[42] (unified_mul_32x32_DW01_add_821)                                                                                                                                                      0.0000     6.4957 f
  i_horcrux_top/i_horcrux/multiplier_tree_inst/u_shared_mul/u_primary_mul/U1674/Y (NAND2_X8A_A9TR)                                                                                                                                                                               0.0338     6.5295 r
  i_horcrux_top/i_horcrux/multiplier_tree_inst/u_shared_mul/u_primary_mul/U2929/Y (NAND2_X8A_A9TR)                                                                                                                                                                               0.0313     6.5608 f
  i_horcrux_top/i_horcrux/multiplier_tree_inst/u_shared_mul/u_primary_mul/add_x_23/A[42] (unified_mul_32x32_DW01_add_850)                                                                                                                                                        0.0000     6.5608 f
  i_horcrux_top/i_horcrux/multiplier_tree_inst/u_shared_mul/u_primary_mul/add_x_23/U329/Y (INV_X11M_A9TR)                                                                                                                                                                        0.0220     6.5828 r
  i_horcrux_top/i_horcrux/multiplier_tree_inst/u_shared_mul/u_primary_mul/add_x_23/U349/Y (NAND2_X8A_A9TR)                                                                                                                                                                       0.0264     6.6092 f
  i_horcrux_top/i_horcrux/multiplier_tree_inst/u_shared_mul/u_primary_mul/add_x_23/U273/Y (NAND2_X4B_A9TR)                                                                                                                                                                       0.0278     6.6370 r
  i_horcrux_top/i_horcrux/multiplier_tree_inst/u_shared_mul/u_primary_mul/add_x_23/U508/Y (XNOR2_X4M_A9TR)                                                                                                                                                                       0.0385     6.6755 r
  i_horcrux_top/i_horcrux/multiplier_tree_inst/u_shared_mul/u_primary_mul/add_x_23/SUM[42] (unified_mul_32x32_DW01_add_850)                                                                                                                                                      0.0000     6.6755 r
  i_horcrux_top/i_horcrux/multiplier_tree_inst/u_shared_mul/u_primary_mul/U3875/Y (AO1B2_X6M_A9TR)                                                                                                                                                                               0.0689     6.7444 r
  i_horcrux_top/i_horcrux/multiplier_tree_inst/u_shared_mul/u_primary_mul/add_x_24/A[42] (unified_mul_32x32_DW01_add_760)                                                                                                                                                        0.0000     6.7444 r
  i_horcrux_top/i_horcrux/multiplier_tree_inst/u_shared_mul/u_primary_mul/add_x_24/U514/Y (OR2_X11M_A9TR)                                                                                                                                                                        0.0537     6.7981 r
  i_horcrux_top/i_horcrux/multiplier_tree_inst/u_shared_mul/u_primary_mul/add_x_24/U339/Y (NAND2_X6M_A9TR)                                                                                                                                                                       0.0218     6.8199 f
  i_horcrux_top/i_horcrux/multiplier_tree_inst/u_shared_mul/u_primary_mul/add_x_24/U485/Y (XNOR2_X4M_A9TR)                                                                                                                                                                       0.0392     6.8591 f
  i_horcrux_top/i_horcrux/multiplier_tree_inst/u_shared_mul/u_primary_mul/add_x_24/SUM[42] (unified_mul_32x32_DW01_add_760)                                                                                                                                                      0.0000     6.8591 f
  i_horcrux_top/i_horcrux/multiplier_tree_inst/u_shared_mul/u_primary_mul/U2306/Y (NAND2_X6A_A9TR)                                                                                                                                                                               0.0349     6.8940 r
  i_horcrux_top/i_horcrux/multiplier_tree_inst/u_shared_mul/u_primary_mul/U2305/Y (NAND2_X8A_A9TR)                                                                                                                                                                               0.0284     6.9224 f
  i_horcrux_top/i_horcrux/multiplier_tree_inst/u_shared_mul/u_primary_mul/add_x_25/A[42] (unified_mul_32x32_DW01_add_824)                                                                                                                                                        0.0000     6.9224 f
  i_horcrux_top/i_horcrux/multiplier_tree_inst/u_shared_mul/u_primary_mul/add_x_25/U492/Y (OR2_X11M_A9TR)                                                                                                                                                                        0.0522     6.9746 f
  i_horcrux_top/i_horcrux/multiplier_tree_inst/u_shared_mul/u_primary_mul/add_x_25/U504/Y (NAND2_X6A_A9TR)                                                                                                                                                                       0.0225     6.9971 r
  i_horcrux_top/i_horcrux/multiplier_tree_inst/u_shared_mul/u_primary_mul/add_x_25/U476/Y (XNOR2_X4M_A9TR)                                                                                                                                                                       0.0366     7.0337 r
  i_horcrux_top/i_horcrux/multiplier_tree_inst/u_shared_mul/u_primary_mul/add_x_25/SUM[42] (unified_mul_32x32_DW01_add_824)                                                                                                                                                      0.0000     7.0337 r
  i_horcrux_top/i_horcrux/multiplier_tree_inst/u_shared_mul/u_primary_mul/U3691/Y (AO1B2_X6M_A9TR)                                                                                                                                                                               0.0666     7.1003 r
  i_horcrux_top/i_horcrux/multiplier_tree_inst/u_shared_mul/u_primary_mul/add_x_26/A[42] (unified_mul_32x32_DW01_add_758)                                                                                                                                                        0.0000     7.1003 r
  i_horcrux_top/i_horcrux/multiplier_tree_inst/u_shared_mul/u_primary_mul/add_x_26/U414/Y (OR2_X4M_A9TR)                                                                                                                                                                         0.0569     7.1572 r
  i_horcrux_top/i_horcrux/multiplier_tree_inst/u_shared_mul/u_primary_mul/add_x_26/U347/Y (NAND2_X4A_A9TR)                                                                                                                                                                       0.0289     7.1861 f
  i_horcrux_top/i_horcrux/multiplier_tree_inst/u_shared_mul/u_primary_mul/add_x_26/U535/Y (XNOR2_X4M_A9TR)                                                                                                                                                                       0.0425     7.2286 f
  i_horcrux_top/i_horcrux/multiplier_tree_inst/u_shared_mul/u_primary_mul/add_x_26/SUM[42] (unified_mul_32x32_DW01_add_758)                                                                                                                                                      0.0000     7.2286 f
  i_horcrux_top/i_horcrux/multiplier_tree_inst/u_shared_mul/u_primary_mul/U2253/Y (NAND2_X6A_A9TR)                                                                                                                                                                               0.0347     7.2633 r
  i_horcrux_top/i_horcrux/multiplier_tree_inst/u_shared_mul/u_primary_mul/U1706/Y (NAND2_X8A_A9TR)                                                                                                                                                                               0.0298     7.2931 f
  i_horcrux_top/i_horcrux/multiplier_tree_inst/u_shared_mul/u_primary_mul/add_x_27/A[42] (unified_mul_32x32_DW01_add_856)                                                                                                                                                        0.0000     7.2931 f
  i_horcrux_top/i_horcrux/multiplier_tree_inst/u_shared_mul/u_primary_mul/add_x_27/U327/Y (XNOR2_X3M_A9TR)                                                                                                                                                                       0.0439     7.3370 f
  i_horcrux_top/i_horcrux/multiplier_tree_inst/u_shared_mul/u_primary_mul/add_x_27/U583/Y (XOR2_X4M_A9TR)                                                                                                                                                                        0.0759     7.4128 f
  i_horcrux_top/i_horcrux/multiplier_tree_inst/u_shared_mul/u_primary_mul/add_x_27/SUM[42] (unified_mul_32x32_DW01_add_856)                                                                                                                                                      0.0000     7.4128 f
  i_horcrux_top/i_horcrux/multiplier_tree_inst/u_shared_mul/u_primary_mul/U1668/Y (NAND2_X6A_A9TR)                                                                                                                                                                               0.0365     7.4494 r
  i_horcrux_top/i_horcrux/multiplier_tree_inst/u_shared_mul/u_primary_mul/U1920/Y (NAND2_X8M_A9TR)                                                                                                                                                                               0.0272     7.4766 f
  i_horcrux_top/i_horcrux/multiplier_tree_inst/u_shared_mul/u_primary_mul/add_x_28/A[42] (unified_mul_32x32_DW01_add_822)                                                                                                                                                        0.0000     7.4766 f
  i_horcrux_top/i_horcrux/multiplier_tree_inst/u_shared_mul/u_primary_mul/add_x_28/U549/Y (NAND2_X6A_A9TR)                                                                                                                                                                       0.0328     7.5093 r
  i_horcrux_top/i_horcrux/multiplier_tree_inst/u_shared_mul/u_primary_mul/add_x_28/U556/Y (OAI211_X4M_A9TR)                                                                                                                                                                      0.0540     7.5633 f
  i_horcrux_top/i_horcrux/multiplier_tree_inst/u_shared_mul/u_primary_mul/add_x_28/U407/Y (NAND3_X6A_A9TR)                                                                                                                                                                       0.0354     7.5987 r
  i_horcrux_top/i_horcrux/multiplier_tree_inst/u_shared_mul/u_primary_mul/add_x_28/U415/Y (NAND2_X8A_A9TR)                                                                                                                                                                       0.0297     7.6284 f
  i_horcrux_top/i_horcrux/multiplier_tree_inst/u_shared_mul/u_primary_mul/add_x_28/U435/Y (XNOR2_X4M_A9TR)                                                                                                                                                                       0.0587     7.6871 f
  i_horcrux_top/i_horcrux/multiplier_tree_inst/u_shared_mul/u_primary_mul/add_x_28/SUM[44] (unified_mul_32x32_DW01_add_822)                                                                                                                                                      0.0000     7.6871 f
  i_horcrux_top/i_horcrux/multiplier_tree_inst/u_shared_mul/u_primary_mul/U2631/Y (AO1B2_X6M_A9TR)                                                                                                                                                                               0.0596     7.7467 f
  i_horcrux_top/i_horcrux/multiplier_tree_inst/u_shared_mul/u_primary_mul/add_x_29/A[44] (unified_mul_32x32_DW01_add_823)                                                                                                                                                        0.0000     7.7467 f
  i_horcrux_top/i_horcrux/multiplier_tree_inst/u_shared_mul/u_primary_mul/add_x_29/U391/Y (AND2_X11B_A9TR)                                                                                                                                                                       0.0430     7.7898 f
  i_horcrux_top/i_horcrux/multiplier_tree_inst/u_shared_mul/u_primary_mul/add_x_29/U398/Y (NOR2_X8A_A9TR)                                                                                                                                                                        0.0280     7.8178 r
  i_horcrux_top/i_horcrux/multiplier_tree_inst/u_shared_mul/u_primary_mul/add_x_29/U390/Y (NAND2_X8A_A9TR)                                                                                                                                                                       0.0374     7.8552 f
  i_horcrux_top/i_horcrux/multiplier_tree_inst/u_shared_mul/u_primary_mul/add_x_29/U389/Y (INV_X11M_A9TR)                                                                                                                                                                        0.0206     7.8758 r
  i_horcrux_top/i_horcrux/multiplier_tree_inst/u_shared_mul/u_primary_mul/add_x_29/U388/Y (OAI21_X8M_A9TR)                                                                                                                                                                       0.0278     7.9036 f
  i_horcrux_top/i_horcrux/multiplier_tree_inst/u_shared_mul/u_primary_mul/add_x_29/U505/Y (XOR2_X4M_A9TR)                                                                                                                                                                        0.0368     7.9404 f
  i_horcrux_top/i_horcrux/multiplier_tree_inst/u_shared_mul/u_primary_mul/add_x_29/SUM[46] (unified_mul_32x32_DW01_add_823)                                                                                                                                                      0.0000     7.9404 f
  i_horcrux_top/i_horcrux/multiplier_tree_inst/u_shared_mul/u_primary_mul/U5580/Y (AO1B2_X6M_A9TR)                                                                                                                                                                               0.0618     8.0022 f
  i_horcrux_top/i_horcrux/multiplier_tree_inst/u_shared_mul/u_primary_mul/add_x_30/A[46] (unified_mul_32x32_DW01_add_791)                                                                                                                                                        0.0000     8.0022 f
  i_horcrux_top/i_horcrux/multiplier_tree_inst/u_shared_mul/u_primary_mul/add_x_30/U417/Y (NOR2_X8A_A9TR)                                                                                                                                                                        0.0444     8.0466 r
  i_horcrux_top/i_horcrux/multiplier_tree_inst/u_shared_mul/u_primary_mul/add_x_30/U366/Y (NOR2_X8M_A9TR)                                                                                                                                                                        0.0331     8.0797 f
  i_horcrux_top/i_horcrux/multiplier_tree_inst/u_shared_mul/u_primary_mul/add_x_30/U363/Y (AOI21_X8M_A9TR)                                                                                                                                                                       0.0470     8.1267 r
  i_horcrux_top/i_horcrux/multiplier_tree_inst/u_shared_mul/u_primary_mul/add_x_30/U360/Y (AO21A1AI2_X6M_A9TR)                                                                                                                                                                   0.0629     8.1896 f
  i_horcrux_top/i_horcrux/multiplier_tree_inst/u_shared_mul/u_primary_mul/add_x_30/U295/Y (XNOR2_X3M_A9TR)                                                                                                                                                                       0.0769     8.2665 f
  i_horcrux_top/i_horcrux/multiplier_tree_inst/u_shared_mul/u_primary_mul/add_x_30/SUM[49] (unified_mul_32x32_DW01_add_791)                                                                                                                                                      0.0000     8.2665 f
  i_horcrux_top/i_horcrux/multiplier_tree_inst/u_shared_mul/u_primary_mul/U5669/Y (MX2_X8B_A9TR)                                                                                                                                                                                 0.0638     8.3303 f
  i_horcrux_top/i_horcrux/multiplier_tree_inst/u_shared_mul/u_primary_mul/sub_x_31/A[49] (unified_mul_32x32_DW01_sub_16)                                                                                                                                                         0.0000     8.3303 f
  i_horcrux_top/i_horcrux/multiplier_tree_inst/u_shared_mul/u_primary_mul/sub_x_31/U326/Y (NAND2B_X4M_A9TR)                                                                                                                                                                      0.0436     8.3739 r
  i_horcrux_top/i_horcrux/multiplier_tree_inst/u_shared_mul/u_primary_mul/sub_x_31/U500/Y (AO21A1AI2_X6M_A9TR)                                                                                                                                                                   0.0543     8.4282 f
  i_horcrux_top/i_horcrux/multiplier_tree_inst/u_shared_mul/u_primary_mul/sub_x_31/U369/Y (AOI21_X8M_A9TR)                                                                                                                                                                       0.0460     8.4742 r
  i_horcrux_top/i_horcrux/multiplier_tree_inst/u_shared_mul/u_primary_mul/sub_x_31/U415/Y (OAI21_X8M_A9TR)                                                                                                                                                                       0.0459     8.5202 f
  i_horcrux_top/i_horcrux/multiplier_tree_inst/u_shared_mul/u_primary_mul/sub_x_31/U292/Y (BUFH_X4M_A9TR)                                                                                                                                                                        0.0464     8.5665 f
  i_horcrux_top/i_horcrux/multiplier_tree_inst/u_shared_mul/u_primary_mul/sub_x_31/U399/Y (NAND2_X6A_A9TR)                                                                                                                                                                       0.0187     8.5852 r
  i_horcrux_top/i_horcrux/multiplier_tree_inst/u_shared_mul/u_primary_mul/sub_x_31/U466/Y (NAND2_X4M_A9TR)                                                                                                                                                                       0.0241     8.6094 f
  i_horcrux_top/i_horcrux/multiplier_tree_inst/u_shared_mul/u_primary_mul/sub_x_31/U395/Y (XOR2_X4M_A9TR)                                                                                                                                                                        0.0406     8.6499 f
  i_horcrux_top/i_horcrux/multiplier_tree_inst/u_shared_mul/u_primary_mul/sub_x_31/DIFF[53] (unified_mul_32x32_DW01_sub_16)                                                                                                                                                      0.0000     8.6499 f
  i_horcrux_top/i_horcrux/multiplier_tree_inst/u_shared_mul/u_primary_mul/U5284/Y (NAND2_X6A_A9TR)                                                                                                                                                                               0.0347     8.6846 r
  i_horcrux_top/i_horcrux/multiplier_tree_inst/u_shared_mul/u_primary_mul/U5283/Y (NAND2_X8A_A9TR)                                                                                                                                                                               0.0256     8.7102 f
  i_horcrux_top/i_horcrux/multiplier_tree_inst/u_shared_mul/u_primary_mul/prod_o[53] (unified_mul_32x32)                                                                                                                                                                         0.0000     8.7102 f
  i_horcrux_top/i_horcrux/multiplier_tree_inst/u_shared_mul/DP_OP_45J11_125_3794/I3[53] (shared_multiplication_logic_DP_OP_45J11_125_3794_13)                                                                                                                                    0.0000     8.7102 f
  i_horcrux_top/i_horcrux/multiplier_tree_inst/u_shared_mul/DP_OP_45J11_125_3794/U5284/Y (XNOR2_X4M_A9TR)                                                                                                                                                                        0.0541     8.7643 f
  i_horcrux_top/i_horcrux/multiplier_tree_inst/u_shared_mul/DP_OP_45J11_125_3794/U3442/Y (AND2_X8M_A9TR)                                                                                                                                                                         0.0674     8.8317 f
  i_horcrux_top/i_horcrux/multiplier_tree_inst/u_shared_mul/DP_OP_45J11_125_3794/U3431/Y (OAI21_X6M_A9TR)                                                                                                                                                                        0.0328     8.8645 r
  i_horcrux_top/i_horcrux/multiplier_tree_inst/u_shared_mul/DP_OP_45J11_125_3794/U3448/Y (AO1B2_X6M_A9TR)                                                                                                                                                                        0.0341     8.8987 f
  i_horcrux_top/i_horcrux/multiplier_tree_inst/u_shared_mul/DP_OP_45J11_125_3794/U3443/Y (AO21A1AI2_X6M_A9TR)                                                                                                                                                                    0.0387     8.9374 r
  i_horcrux_top/i_horcrux/multiplier_tree_inst/u_shared_mul/DP_OP_45J11_125_3794/U3559/Y (AO21A1AI2_X6M_A9TR)                                                                                                                                                                    0.0549     8.9923 f
  i_horcrux_top/i_horcrux/multiplier_tree_inst/u_shared_mul/DP_OP_45J11_125_3794/U3557/Y (AOI21_X8M_A9TR)                                                                                                                                                                        0.0476     9.0399 r
  i_horcrux_top/i_horcrux/multiplier_tree_inst/u_shared_mul/DP_OP_45J11_125_3794/U3446/Y (OAI21_X8M_A9TR)                                                                                                                                                                        0.0361     9.0760 f
  i_horcrux_top/i_horcrux/multiplier_tree_inst/u_shared_mul/DP_OP_45J11_125_3794/U3445/Y (XOR2_X4M_A9TR)                                                                                                                                                                         0.0518     9.1278 r
  i_horcrux_top/i_horcrux/multiplier_tree_inst/u_shared_mul/DP_OP_45J11_125_3794/O1[31] (shared_multiplication_logic_DP_OP_45J11_125_3794_13)                                                                                                                                    0.0000     9.1278 r
  i_horcrux_top/i_horcrux/multiplier_tree_inst/u_shared_mul/U235/Y (INV_X16M_A9TR)                                                                                                                                                                                               0.0498     9.1777 f
  i_horcrux_top/i_horcrux/multiplier_tree_inst/u_shared_mul/U312/Y (INV_X6M_A9TR)                                                                                                                                                                                                0.0418     9.2194 r
  i_horcrux_top/i_horcrux/multiplier_tree_inst/u_shared_mul/U621/Y (AND2_X6B_A9TR)                                                                                                                                                                                               0.0535     9.2730 r
  i_horcrux_top/i_horcrux/multiplier_tree_inst/u_shared_mul/DP_OP_45J11_125_3794/I4[15] (shared_multiplication_logic_DP_OP_45J11_125_3794_13)                                                                                                                                    0.0000     9.2730 r
  i_horcrux_top/i_horcrux/multiplier_tree_inst/u_shared_mul/DP_OP_45J11_125_3794/U3611/Y (XOR2_X4M_A9TR)                                                                                                                                                                         0.0536     9.3265 r
  i_horcrux_top/i_horcrux/multiplier_tree_inst/u_shared_mul/DP_OP_45J11_125_3794/U2853/Y (NOR2_X6A_A9TR)                                                                                                                                                                         0.0456     9.3721 f
  i_horcrux_top/i_horcrux/multiplier_tree_inst/u_shared_mul/DP_OP_45J11_125_3794/U3610/Y (NOR2_X6A_A9TR)                                                                                                                                                                         0.0539     9.4259 r
  i_horcrux_top/i_horcrux/multiplier_tree_inst/u_shared_mul/DP_OP_45J11_125_3794/U2836/Y (AND2_X6M_A9TR)                                                                                                                                                                         0.0598     9.4858 r
  i_horcrux_top/i_horcrux/multiplier_tree_inst/u_shared_mul/DP_OP_45J11_125_3794/U3791/Y (NAND2_X8A_A9TR)                                                                                                                                                                        0.0316     9.5174 f
  i_horcrux_top/i_horcrux/multiplier_tree_inst/u_shared_mul/DP_OP_45J11_125_3794/U3801/Y (NAND2_X8A_A9TR)                                                                                                                                                                        0.0331     9.5505 r
  i_horcrux_top/i_horcrux/multiplier_tree_inst/u_shared_mul/DP_OP_45J11_125_3794/U3783/Y (NAND2_X8A_A9TR)                                                                                                                                                                        0.0250     9.5755 f
  i_horcrux_top/i_horcrux/multiplier_tree_inst/u_shared_mul/DP_OP_45J11_125_3794/U3605/Y (NAND2_X8A_A9TR)                                                                                                                                                                        0.0205     9.5960 r
  i_horcrux_top/i_horcrux/multiplier_tree_inst/u_shared_mul/DP_OP_45J11_125_3794/U3582/Y (XOR2_X4M_A9TR)                                                                                                                                                                         0.0366     9.6326 r
  i_horcrux_top/i_horcrux/multiplier_tree_inst/u_shared_mul/DP_OP_45J11_125_3794/O2[22] (shared_multiplication_logic_DP_OP_45J11_125_3794_13)                                                                                                                                    0.0000     9.6326 r
  i_horcrux_top/i_horcrux/multiplier_tree_inst/u_shared_mul/U606/Y (AO1B2_X6M_A9TR)                                                                                                                                                                                              0.0678     9.7005 r
  i_horcrux_top/i_horcrux/multiplier_tree_inst/u_shared_mul/res_lo_o[22] (shared_multiplication_logic)                                                                                                                                                                           0.0000     9.7005 r
  i_horcrux_top/i_horcrux/multiplier_tree_inst/DP_OP_93_149_9367/I2[22] (multiplier_tree_DP_OP_93_149_9367_8)                                                                                                                                                                    0.0000     9.7005 r
  i_horcrux_top/i_horcrux/multiplier_tree_inst/DP_OP_93_149_9367/U486/Y (NOR2_X8B_A9TR)                                                                                                                                                                                          0.0418     9.7423 f
  i_horcrux_top/i_horcrux/multiplier_tree_inst/DP_OP_93_149_9367/U530/Y (OAI21_X8M_A9TR)                                                                                                                                                                                         0.0409     9.7832 r
  i_horcrux_top/i_horcrux/multiplier_tree_inst/DP_OP_93_149_9367/U466/Y (AOI21_X8M_A9TR)                                                                                                                                                                                         0.0456     9.8288 f
  i_horcrux_top/i_horcrux/multiplier_tree_inst/DP_OP_93_149_9367/U464/Y (OAI21_X8M_A9TR)                                                                                                                                                                                         0.0402     9.8690 r
  i_horcrux_top/i_horcrux/multiplier_tree_inst/DP_OP_93_149_9367/U484/Y (AOI21_X8M_A9TR)                                                                                                                                                                                         0.0365     9.9055 f
  i_horcrux_top/i_horcrux/multiplier_tree_inst/DP_OP_93_149_9367/U499/Y (OA21_X8M_A9TR)                                                                                                                                                                                          0.0603     9.9658 f
  i_horcrux_top/i_horcrux/multiplier_tree_inst/DP_OP_93_149_9367/U546/Y (XOR2_X4M_A9TR)                                                                                                                                                                                          0.0375    10.0033 r
  i_horcrux_top/i_horcrux/multiplier_tree_inst/DP_OP_93_149_9367/O1[30] (multiplier_tree_DP_OP_93_149_9367_8)                                                                                                                                                                    0.0000    10.0033 r
  i_horcrux_top/i_horcrux/multiplier_tree_inst/U652/Y (AOI2XB1_X6M_A9TR)                                                                                                                                                                                                         0.0482    10.0515 f
  i_horcrux_top/i_horcrux/multiplier_tree_inst/U649/Y (NAND2_X6A_A9TR)                                                                                                                                                                                                           0.0256    10.0771 r
  i_horcrux_top/i_horcrux/multiplier_tree_inst/result_o[30] (multiplier_tree)                                                                                                                                                                                                    0.0000    10.0771 r
  i_horcrux_top/i_horcrux/U4337/Y (AO1B2_X6M_A9TR)                                                                                                                                                                                                                               0.0539    10.1310 r
  i_horcrux_top/i_horcrux/rd_values_o[rd1][30] (horcrux_NUM_VARIABLES50_VARIABLE_WIDTH32)                                                                                                                                                                                        0.0000    10.1310 r
  i_horcrux_top/commit_stage_i/result_i[rd1][30] (commit_stage_I_xif_result_if_if_xif_coproc_result_X_NUM_RS_3)                                                                                                                                                                  0.0000    10.1310 r
  i_horcrux_top/commit_stage_i/U18/Y (BUFH_X16M_A9TR)                                                                                                                                                                                                                            0.0505    10.1815 r
  i_horcrux_top/commit_stage_i/xif_result_if.result[data][30] (commit_stage_I_xif_result_if_if_xif_coproc_result_X_NUM_RS_3)                                                                                                                                                     0.0000    10.1815 r
  i_horcrux_top/xif_result_if.result[data][30] (horcrux_top_I_xif_compressed_if_if_xif__X_NUM_RS_3I_xif_issue_if_if_xif__X_NUM_RS_3I_xif_commit_if_if_xif__X_NUM_RS_3I_xif_mem_if_if_xif__X_NUM_RS_3I_xif_mem_result_if_if_xif__X_NUM_RS_3I_xif_result_if_if_xif__X_NUM_RS_3)    0.0000    10.1815 r
  result_o[data][30] (out)                                                                                                                                                                                                                                                       0.0038    10.1853 r
  data arrival time                                                                                                                                                                                                                                                                        10.1853

  clock clk (rise edge)                                                                                                                                                                                                                                                          5.0000     5.0000
  clock network delay (ideal)                                                                                                                                                                                                                                                    0.5000     5.5000
  clock uncertainty                                                                                                                                                                                                                                                             -0.2500     5.2500
  output external delay                                                                                                                                                                                                                                                         -0.7500     4.5000
  data required time                                                                                                                                                                                                                                                                        4.5000
  ---------------------------------------------------------------------------------------------------------------------------------------------------------------------------------------------------------------------------------------------------------------------------------------------------
  data required time                                                                                                                                                                                                                                                                        4.5000
  data arrival time                                                                                                                                                                                                                                                                       -10.1853
  ---------------------------------------------------------------------------------------------------------------------------------------------------------------------------------------------------------------------------------------------------------------------------------------------------
  slack (VIOLATED)                                                                                                                                                                                                                                                                         -5.6853


