 
****************************************
Report : timing
        -path full
        -delay max
        -nworst 5
        -max_paths 20
Design : horcrux_top_synth
Version: X-2025.06
Date   : Wed Oct  7 13:17:44 2026
****************************************

Operating Conditions: ss_typical_max_0p81v_125c   Library: sc9_cln40g_base_rvt_ss_typical_max_0p81v_125c
Wire Load Model Mode: top

  Startpoint: i_horcrux_top/id_stage_i/rs_values_o_reg[rs2][13]
              (rising edge-triggered flip-flop clocked by clk)
  Endpoint: result_o[data][28]
            (output port clocked by clk)
  Path Group: clk
  Path Type: max

  Des/Clust/Port     Wire Load Model       Library
  ------------------------------------------------
  horcrux_top_synth  Medium                sc9_cln40g_base_rvt_ss_typical_max_0p81v_125c

  Point                                                                                                                                                                                                                                                                                                                                                                                                                                                                                                                                                 Incr       Path
  ---------------------------------------------------------------------------------------------------------------------------------------------------------------------------------------------------------------------------------------------------------------------------------------------------
  clock clk (rise edge)                                                                                                                                                                                                                                                          0.0000     0.0000
  clock network delay (ideal)                                                                                                                                                                                                                                                    0.4800     0.4800
  i_horcrux_top/id_stage_i/rs_values_o_reg[rs2][13]/CK (DFFSQN_X3M_A9TR)                                                                                                                                                                                                         0.0000     0.4800 r
  i_horcrux_top/id_stage_i/rs_values_o_reg[rs2][13]/QN (DFFSQN_X3M_A9TR)                                                                                                                                                                                                         0.1736     0.6536 f
  i_horcrux_top/id_stage_i/rs_values_o[rs2][13] (id_stage_I_xif_issue_if_if_xif_coproc_issue_X_NUM_RS_3)                                                                                                                                                                         0.0000     0.6536 f
  i_horcrux_top/i_horcrux/rs_values_i[rs2][13] (horcrux_NUM_VARIABLES50_VARIABLE_WIDTH32)                                                                                                                                                                                        0.0000     0.6536 f
  i_horcrux_top/i_horcrux/multiplier_tree_inst/multiplier_tree2_i[13] (multiplier_tree)                                                                                                                                                                                          0.0000     0.6536 f
  i_horcrux_top/i_horcrux/multiplier_tree_inst/U648/Y (INV_X9M_A9TR)                                                                                                                                                                                                             0.0397     0.6934 r
  i_horcrux_top/i_horcrux/multiplier_tree_inst/U1222/Y (INV_X16B_A9TR)                                                                                                                                                                                                           0.0217     0.7151 f
  i_horcrux_top/i_horcrux/multiplier_tree_inst/U444/Y (BUF_X2B_A9TR)                                                                                                                                                                                                             0.0654     0.7805 f
  i_horcrux_top/i_horcrux/multiplier_tree_inst/U1016/Y (BUFH_X13M_A9TR)                                                                                                                                                                                                          0.0452     0.8257 f
  i_horcrux_top/i_horcrux/multiplier_tree_inst/DP_OP_88J8_128_2685/I1[13] (multiplier_tree_DP_OP_88J8_128_2685_0)                                                                                                                                                                0.0000     0.8257 f
  i_horcrux_top/i_horcrux/multiplier_tree_inst/DP_OP_88J8_128_2685/U246/Y (NOR2B_X8M_A9TR)                                                                                                                                                                                       0.0382     0.8638 r
  i_horcrux_top/i_horcrux/multiplier_tree_inst/DP_OP_88J8_128_2685/U314/Y (OAI21_X4M_A9TR)                                                                                                                                                                                       0.0567     0.9205 f
  i_horcrux_top/i_horcrux/multiplier_tree_inst/DP_OP_88J8_128_2685/U331/Y (INV_X1M_A9TR)                                                                                                                                                                                         0.0620     0.9825 r
  i_horcrux_top/i_horcrux/multiplier_tree_inst/DP_OP_88J8_128_2685/U332/Y (OAI21_X2M_A9TR)                                                                                                                                                                                       0.0621     1.0446 f
  i_horcrux_top/i_horcrux/multiplier_tree_inst/DP_OP_88J8_128_2685/U224/Y (AOI21_X6M_A9TR)                                                                                                                                                                                       0.0457     1.0903 r
  i_horcrux_top/i_horcrux/multiplier_tree_inst/DP_OP_88J8_128_2685/U277/Y (XOR2_X4M_A9TR)                                                                                                                                                                                        0.0345     1.1248 f
  i_horcrux_top/i_horcrux/multiplier_tree_inst/DP_OP_88J8_128_2685/O1[14] (multiplier_tree_DP_OP_88J8_128_2685_0)                                                                                                                                                                0.0000     1.1248 f
  i_horcrux_top/i_horcrux/multiplier_tree_inst/U397/Y (NAND2_X4B_A9TR)                                                                                                                                                                                                           0.0345     1.1593 r
  i_horcrux_top/i_horcrux/multiplier_tree_inst/U751/Y (NAND4_X4A_A9TR)                                                                                                                                                                                                           0.0414     1.2007 f
  i_horcrux_top/i_horcrux/multiplier_tree_inst/U869/Y (NAND3BB_X8M_A9TR)                                                                                                                                                                                                         0.0582     1.2590 f
  i_horcrux_top/i_horcrux/multiplier_tree_inst/u_shared_mul/op_b_i[14] (shared_multiplication_logic)                                                                                                                                                                             0.0000     1.2590 f
  i_horcrux_top/i_horcrux/multiplier_tree_inst/u_shared_mul/u_primary_mul/b_i[14] (unified_mul_32x32)                                                                                                                                                                            0.0000     1.2590 f
  i_horcrux_top/i_horcrux/multiplier_tree_inst/u_shared_mul/u_primary_mul/U1907/Y (AND2_X11B_A9TR)                                                                                                                                                                               0.0425     1.3015 f
  i_horcrux_top/i_horcrux/multiplier_tree_inst/u_shared_mul/u_primary_mul/add_x_1/A[14] (unified_mul_32x32_DW01_add_684)                                                                                                                                                         0.0000     1.3015 f
  i_horcrux_top/i_horcrux/multiplier_tree_inst/u_shared_mul/u_primary_mul/add_x_1/U728/Y (OR2_X11M_A9TR)                                                                                                                                                                         0.0503     1.3518 f
  i_horcrux_top/i_horcrux/multiplier_tree_inst/u_shared_mul/u_primary_mul/add_x_1/U777/Y (AOI21_X8M_A9TR)                                                                                                                                                                        0.0402     1.3919 r
  i_horcrux_top/i_horcrux/multiplier_tree_inst/u_shared_mul/u_primary_mul/add_x_1/U570/Y (BUFH_X7P5M_A9TR)                                                                                                                                                                       0.0403     1.4323 r
  i_horcrux_top/i_horcrux/multiplier_tree_inst/u_shared_mul/u_primary_mul/add_x_1/U697/Y (OAI21_X8M_A9TR)                                                                                                                                                                        0.0271     1.4594 f
  i_horcrux_top/i_horcrux/multiplier_tree_inst/u_shared_mul/u_primary_mul/add_x_1/U696/Y (XOR2_X4M_A9TR)                                                                                                                                                                         0.0401     1.4995 f
  i_horcrux_top/i_horcrux/multiplier_tree_inst/u_shared_mul/u_primary_mul/add_x_1/SUM[15] (unified_mul_32x32_DW01_add_684)                                                                                                                                                       0.0000     1.4995 f
  i_horcrux_top/i_horcrux/multiplier_tree_inst/u_shared_mul/u_primary_mul/U5631/Y (NAND2_X6B_A9TR)                                                                                                                                                                               0.0334     1.5329 r
  i_horcrux_top/i_horcrux/multiplier_tree_inst/u_shared_mul/u_primary_mul/U5216/Y (NAND2_X8M_A9TR)                                                                                                                                                                               0.0260     1.5589 f
  i_horcrux_top/i_horcrux/multiplier_tree_inst/u_shared_mul/u_primary_mul/add_x_2/A[15] (unified_mul_32x32_DW01_add_853)                                                                                                                                                         0.0000     1.5589 f
  i_horcrux_top/i_horcrux/multiplier_tree_inst/u_shared_mul/u_primary_mul/add_x_2/U498/Y (NAND2_X4B_A9TR)                                                                                                                                                                        0.0306     1.5895 r
  i_horcrux_top/i_horcrux/multiplier_tree_inst/u_shared_mul/u_primary_mul/add_x_2/U497/Y (INV_X6B_A9TR)                                                                                                                                                                          0.0196     1.6091 f
  i_horcrux_top/i_horcrux/multiplier_tree_inst/u_shared_mul/u_primary_mul/add_x_2/U431/Y (NOR2_X3A_A9TR)                                                                                                                                                                         0.0432     1.6523 r
  i_horcrux_top/i_horcrux/multiplier_tree_inst/u_shared_mul/u_primary_mul/add_x_2/U593/Y (XOR2_X4M_A9TR)                                                                                                                                                                         0.0721     1.7243 r
  i_horcrux_top/i_horcrux/multiplier_tree_inst/u_shared_mul/u_primary_mul/add_x_2/SUM[15] (unified_mul_32x32_DW01_add_853)                                                                                                                                                       0.0000     1.7243 r
  i_horcrux_top/i_horcrux/multiplier_tree_inst/u_shared_mul/u_primary_mul/U5975/Y (NAND2_X6A_A9TR)                                                                                                                                                                               0.0326     1.7569 f
  i_horcrux_top/i_horcrux/multiplier_tree_inst/u_shared_mul/u_primary_mul/U5834/Y (NAND2_X8A_A9TR)                                                                                                                                                                               0.0264     1.7834 r
  i_horcrux_top/i_horcrux/multiplier_tree_inst/u_shared_mul/u_primary_mul/add_x_3/A[15] (unified_mul_32x32_DW01_add_830)                                                                                                                                                         0.0000     1.7834 r
  i_horcrux_top/i_horcrux/multiplier_tree_inst/u_shared_mul/u_primary_mul/add_x_3/U659/Y (NOR2_X8B_A9TR)                                                                                                                                                                         0.0362     1.8196 f
  i_horcrux_top/i_horcrux/multiplier_tree_inst/u_shared_mul/u_primary_mul/add_x_3/U464/Y (NAND2XB_X3M_A9TR)                                                                                                                                                                      0.0627     1.8822 f
  i_horcrux_top/i_horcrux/multiplier_tree_inst/u_shared_mul/u_primary_mul/add_x_3/U575/Y (XOR2_X4M_A9TR)                                                                                                                                                                         0.0574     1.9396 f
  i_horcrux_top/i_horcrux/multiplier_tree_inst/u_shared_mul/u_primary_mul/add_x_3/SUM[15] (unified_mul_32x32_DW01_add_830)                                                                                                                                                       0.0000     1.9396 f
  i_horcrux_top/i_horcrux/multiplier_tree_inst/u_shared_mul/u_primary_mul/U5932/Y (AO1B2_X6M_A9TR)                                                                                                                                                                               0.0600     1.9996 f
  i_horcrux_top/i_horcrux/multiplier_tree_inst/u_shared_mul/u_primary_mul/add_x_4/A[15] (unified_mul_32x32_DW01_add_895)                                                                                                                                                         0.0000     1.9996 f
  i_horcrux_top/i_horcrux/multiplier_tree_inst/u_shared_mul/u_primary_mul/add_x_4/U1049/Y (NAND2_X8A_A9TR)                                                                                                                                                                       0.0327     2.0323 r
  i_horcrux_top/i_horcrux/multiplier_tree_inst/u_shared_mul/u_primary_mul/add_x_4/U1014/Y (INV_X5M_A9TR)                                                                                                                                                                         0.0217     2.0540 f
  i_horcrux_top/i_horcrux/multiplier_tree_inst/u_shared_mul/u_primary_mul/add_x_4/U934/Y (AOI21_X8M_A9TR)                                                                                                                                                                        0.0390     2.0930 r
  i_horcrux_top/i_horcrux/multiplier_tree_inst/u_shared_mul/u_primary_mul/add_x_4/U855/Y (NAND2_X4A_A9TR)                                                                                                                                                                        0.0417     2.1348 f
  i_horcrux_top/i_horcrux/multiplier_tree_inst/u_shared_mul/u_primary_mul/add_x_4/U922/Y (NAND2_X8M_A9TR)                                                                                                                                                                        0.0370     2.1717 r
  i_horcrux_top/i_horcrux/multiplier_tree_inst/u_shared_mul/u_primary_mul/add_x_4/U905/Y (AO21A1AI2_X6M_A9TR)                                                                                                                                                                    0.0521     2.2238 f
  i_horcrux_top/i_horcrux/multiplier_tree_inst/u_shared_mul/u_primary_mul/add_x_4/U1018/Y (XNOR2_X4M_A9TR)                                                                                                                                                                       0.0498     2.2736 f
  i_horcrux_top/i_horcrux/multiplier_tree_inst/u_shared_mul/u_primary_mul/add_x_4/SUM[20] (unified_mul_32x32_DW01_add_895)                                                                                                                                                       0.0000     2.2736 f
  i_horcrux_top/i_horcrux/multiplier_tree_inst/u_shared_mul/u_primary_mul/U5760/Y (NAND2_X6A_A9TR)                                                                                                                                                                               0.0346     2.3082 r
  i_horcrux_top/i_horcrux/multiplier_tree_inst/u_shared_mul/u_primary_mul/U5836/Y (NAND2_X8A_A9TR)                                                                                                                                                                               0.0253     2.3335 f
  i_horcrux_top/i_horcrux/multiplier_tree_inst/u_shared_mul/u_primary_mul/add_x_5/A[20] (unified_mul_32x32_DW01_add_897)                                                                                                                                                         0.0000     2.3335 f
  i_horcrux_top/i_horcrux/multiplier_tree_inst/u_shared_mul/u_primary_mul/add_x_5/U844/Y (OR2_X11B_A9TR)                                                                                                                                                                         0.0471     2.3806 f
  i_horcrux_top/i_horcrux/multiplier_tree_inst/u_shared_mul/u_primary_mul/add_x_5/U754/Y (NAND2_X2A_A9TR)                                                                                                                                                                        0.0312     2.4118 r
  i_horcrux_top/i_horcrux/multiplier_tree_inst/u_shared_mul/u_primary_mul/add_x_5/U870/Y (XOR2_X4M_A9TR)                                                                                                                                                                         0.0654     2.4772 r
  i_horcrux_top/i_horcrux/multiplier_tree_inst/u_shared_mul/u_primary_mul/add_x_5/SUM[20] (unified_mul_32x32_DW01_add_897)                                                                                                                                                       0.0000     2.4772 r
  i_horcrux_top/i_horcrux/multiplier_tree_inst/u_shared_mul/u_primary_mul/U5052/Y (MX2_X8B_A9TR)                                                                                                                                                                                 0.0671     2.5443 r
  i_horcrux_top/i_horcrux/multiplier_tree_inst/u_shared_mul/u_primary_mul/add_x_6/A[20] (unified_mul_32x32_DW01_add_857)                                                                                                                                                         0.0000     2.5443 r
  i_horcrux_top/i_horcrux/multiplier_tree_inst/u_shared_mul/u_primary_mul/add_x_6/U751/Y (XNOR2_X3M_A9TR)                                                                                                                                                                        0.0439     2.5882 r
  i_horcrux_top/i_horcrux/multiplier_tree_inst/u_shared_mul/u_primary_mul/add_x_6/U827/Y (XOR2_X4M_A9TR)                                                                                                                                                                         0.0813     2.6695 r
  i_horcrux_top/i_horcrux/multiplier_tree_inst/u_shared_mul/u_primary_mul/add_x_6/SUM[20] (unified_mul_32x32_DW01_add_857)                                                                                                                                                       0.0000     2.6695 r
  i_horcrux_top/i_horcrux/multiplier_tree_inst/u_shared_mul/u_primary_mul/U6208/Y (NAND2_X8A_A9TR)                                                                                                                                                                               0.0301     2.6996 f
  i_horcrux_top/i_horcrux/multiplier_tree_inst/u_shared_mul/u_primary_mul/U6207/Y (NAND2_X8A_A9TR)                                                                                                                                                                               0.0263     2.7259 r
  i_horcrux_top/i_horcrux/multiplier_tree_inst/u_shared_mul/u_primary_mul/add_x_7/A[20] (unified_mul_32x32_DW01_add_884)                                                                                                                                                         0.0000     2.7259 r
  i_horcrux_top/i_horcrux/multiplier_tree_inst/u_shared_mul/u_primary_mul/add_x_7/U708/Y (OR2_X11M_A9TR)                                                                                                                                                                         0.0454     2.7713 r
  i_horcrux_top/i_horcrux/multiplier_tree_inst/u_shared_mul/u_primary_mul/add_x_7/U736/Y (NAND2_X3A_A9TR)                                                                                                                                                                        0.0282     2.7995 f
  i_horcrux_top/i_horcrux/multiplier_tree_inst/u_shared_mul/u_primary_mul/add_x_7/U919/Y (OAI21_X8M_A9TR)                                                                                                                                                                        0.0443     2.8438 r
  i_horcrux_top/i_horcrux/multiplier_tree_inst/u_shared_mul/u_primary_mul/add_x_7/U737/Y (XNOR2_X4M_A9TR)                                                                                                                                                                        0.0660     2.9098 r
  i_horcrux_top/i_horcrux/multiplier_tree_inst/u_shared_mul/u_primary_mul/add_x_7/SUM[21] (unified_mul_32x32_DW01_add_884)                                                                                                                                                       0.0000     2.9098 r
  i_horcrux_top/i_horcrux/multiplier_tree_inst/u_shared_mul/u_primary_mul/U4765/Y (NAND2_X6A_A9TR)                                                                                                                                                                               0.0329     2.9427 f
  i_horcrux_top/i_horcrux/multiplier_tree_inst/u_shared_mul/u_primary_mul/U4763/Y (NAND2_X8A_A9TR)                                                                                                                                                                               0.0277     2.9704 r
  i_horcrux_top/i_horcrux/multiplier_tree_inst/u_shared_mul/u_primary_mul/add_x_8/A[21] (unified_mul_32x32_DW01_add_871)                                                                                                                                                         0.0000     2.9704 r
  i_horcrux_top/i_horcrux/multiplier_tree_inst/u_shared_mul/u_primary_mul/add_x_8/U727/Y (OR2_X11M_A9TR)                                                                                                                                                                         0.0430     3.0134 r
  i_horcrux_top/i_horcrux/multiplier_tree_inst/u_shared_mul/u_primary_mul/add_x_8/U582/Y (INV_X3P5M_A9TR)                                                                                                                                                                        0.0218     3.0351 f
  i_horcrux_top/i_horcrux/multiplier_tree_inst/u_shared_mul/u_primary_mul/add_x_8/U634/Y (NOR2_X8A_A9TR)                                                                                                                                                                         0.0339     3.0690 r
  i_horcrux_top/i_horcrux/multiplier_tree_inst/u_shared_mul/u_primary_mul/add_x_8/U631/Y (NAND2_X8A_A9TR)                                                                                                                                                                        0.0278     3.0968 f
  i_horcrux_top/i_horcrux/multiplier_tree_inst/u_shared_mul/u_primary_mul/add_x_8/U563/Y (NAND2_X6B_A9TR)                                                                                                                                                                        0.0236     3.1204 r
  i_horcrux_top/i_horcrux/multiplier_tree_inst/u_shared_mul/u_primary_mul/add_x_8/U901/Y (XNOR2_X4M_A9TR)                                                                                                                                                                        0.0422     3.1626 r
  i_horcrux_top/i_horcrux/multiplier_tree_inst/u_shared_mul/u_primary_mul/add_x_8/SUM[23] (unified_mul_32x32_DW01_add_871)                                                                                                                                                       0.0000     3.1626 r
  i_horcrux_top/i_horcrux/multiplier_tree_inst/u_shared_mul/u_primary_mul/U5826/Y (NAND2_X8A_A9TR)                                                                                                                                                                               0.0302     3.1928 f
  i_horcrux_top/i_horcrux/multiplier_tree_inst/u_shared_mul/u_primary_mul/U5845/Y (NAND2_X8A_A9TR)                                                                                                                                                                               0.0271     3.2199 r
  i_horcrux_top/i_horcrux/multiplier_tree_inst/u_shared_mul/u_primary_mul/add_x_9/A[23] (unified_mul_32x32_DW01_add_875)                                                                                                                                                         0.0000     3.2199 r
  i_horcrux_top/i_horcrux/multiplier_tree_inst/u_shared_mul/u_primary_mul/add_x_9/U650/Y (OR2_X8M_A9TR)                                                                                                                                                                          0.0488     3.2686 r
  i_horcrux_top/i_horcrux/multiplier_tree_inst/u_shared_mul/u_primary_mul/add_x_9/U820/Y (OA21_X8M_A9TR)                                                                                                                                                                         0.0473     3.3159 r
  i_horcrux_top/i_horcrux/multiplier_tree_inst/u_shared_mul/u_primary_mul/add_x_9/U672/Y (NAND2_X8A_A9TR)                                                                                                                                                                        0.0266     3.3425 f
  i_horcrux_top/i_horcrux/multiplier_tree_inst/u_shared_mul/u_primary_mul/add_x_9/U658/Y (NAND2_X8A_A9TR)                                                                                                                                                                        0.0243     3.3668 r
  i_horcrux_top/i_horcrux/multiplier_tree_inst/u_shared_mul/u_primary_mul/add_x_9/U677/Y (XNOR2_X4M_A9TR)                                                                                                                                                                        0.0628     3.4296 r
  i_horcrux_top/i_horcrux/multiplier_tree_inst/u_shared_mul/u_primary_mul/add_x_9/SUM[25] (unified_mul_32x32_DW01_add_875)                                                                                                                                                       0.0000     3.4296 r
  i_horcrux_top/i_horcrux/multiplier_tree_inst/u_shared_mul/u_primary_mul/U5759/Y (NAND2_X6A_A9TR)                                                                                                                                                                               0.0328     3.4624 f
  i_horcrux_top/i_horcrux/multiplier_tree_inst/u_shared_mul/u_primary_mul/U5756/Y (NAND2_X8A_A9TR)                                                                                                                                                                               0.0284     3.4908 r
  i_horcrux_top/i_horcrux/multiplier_tree_inst/u_shared_mul/u_primary_mul/add_x_10/A[25] (unified_mul_32x32_DW01_add_898)                                                                                                                                                        0.0000     3.4908 r
  i_horcrux_top/i_horcrux/multiplier_tree_inst/u_shared_mul/u_primary_mul/add_x_10/U548/Y (NAND2B_X6M_A9TR)                                                                                                                                                                      0.0292     3.5200 f
  i_horcrux_top/i_horcrux/multiplier_tree_inst/u_shared_mul/u_primary_mul/add_x_10/U517/Y (INV_X4M_A9TR)                                                                                                                                                                         0.0342     3.5542 r
  i_horcrux_top/i_horcrux/multiplier_tree_inst/u_shared_mul/u_primary_mul/add_x_10/U675/Y (NOR2_X8A_A9TR)                                                                                                                                                                        0.0222     3.5764 f
  i_horcrux_top/i_horcrux/multiplier_tree_inst/u_shared_mul/u_primary_mul/add_x_10/U588/Y (XNOR2_X4M_A9TR)                                                                                                                                                                       0.0401     3.6164 f
  i_horcrux_top/i_horcrux/multiplier_tree_inst/u_shared_mul/u_primary_mul/add_x_10/SUM[25] (unified_mul_32x32_DW01_add_898)                                                                                                                                                      0.0000     3.6164 f
  i_horcrux_top/i_horcrux/multiplier_tree_inst/u_shared_mul/u_primary_mul/U3521/Y (NAND2_X6M_A9TR)                                                                                                                                                                               0.0359     3.6524 r
  i_horcrux_top/i_horcrux/multiplier_tree_inst/u_shared_mul/u_primary_mul/U4965/Y (NAND2_X8A_A9TR)                                                                                                                                                                               0.0270     3.6794 f
  i_horcrux_top/i_horcrux/multiplier_tree_inst/u_shared_mul/u_primary_mul/add_x_11/A[25] (unified_mul_32x32_DW01_add_867)                                                                                                                                                        0.0000     3.6794 f
  i_horcrux_top/i_horcrux/multiplier_tree_inst/u_shared_mul/u_primary_mul/add_x_11/U509/Y (OR2_X3M_A9TR)                                                                                                                                                                         0.0524     3.7318 f
  i_horcrux_top/i_horcrux/multiplier_tree_inst/u_shared_mul/u_primary_mul/add_x_11/U637/Y (AOI22_X8M_A9TR)                                                                                                                                                                       0.0421     3.7739 r
  i_horcrux_top/i_horcrux/multiplier_tree_inst/u_shared_mul/u_primary_mul/add_x_11/U634/Y (XOR2_X4M_A9TR)                                                                                                                                                                        0.0716     3.8455 r
  i_horcrux_top/i_horcrux/multiplier_tree_inst/u_shared_mul/u_primary_mul/add_x_11/SUM[26] (unified_mul_32x32_DW01_add_867)                                                                                                                                                      0.0000     3.8455 r
  i_horcrux_top/i_horcrux/multiplier_tree_inst/u_shared_mul/u_primary_mul/U3274/Y (NAND2_X6A_A9TR)                                                                                                                                                                               0.0329     3.8784 f
  i_horcrux_top/i_horcrux/multiplier_tree_inst/u_shared_mul/u_primary_mul/U3354/Y (NAND2_X8A_A9TR)                                                                                                                                                                               0.0274     3.9058 r
  i_horcrux_top/i_horcrux/multiplier_tree_inst/u_shared_mul/u_primary_mul/add_x_12/A[26] (unified_mul_32x32_DW01_add_894)                                                                                                                                                        0.0000     3.9058 r
  i_horcrux_top/i_horcrux/multiplier_tree_inst/u_shared_mul/u_primary_mul/add_x_12/U534/Y (NAND2_X8A_A9TR)                                                                                                                                                                       0.0259     3.9316 f
  i_horcrux_top/i_horcrux/multiplier_tree_inst/u_shared_mul/u_primary_mul/add_x_12/U526/Y (NAND3_X6A_A9TR)                                                                                                                                                                       0.0292     3.9609 r
  i_horcrux_top/i_horcrux/multiplier_tree_inst/u_shared_mul/u_primary_mul/add_x_12/U524/Y (NAND3_X6A_A9TR)                                                                                                                                                                       0.0384     3.9993 f
  i_horcrux_top/i_horcrux/multiplier_tree_inst/u_shared_mul/u_primary_mul/add_x_12/U521/Y (NAND2_X8A_A9TR)                                                                                                                                                                       0.0333     4.0325 r
  i_horcrux_top/i_horcrux/multiplier_tree_inst/u_shared_mul/u_primary_mul/add_x_12/U593/Y (AOI21_X8M_A9TR)                                                                                                                                                                       0.0413     4.0738 f
  i_horcrux_top/i_horcrux/multiplier_tree_inst/u_shared_mul/u_primary_mul/add_x_12/U638/Y (XOR2_X4M_A9TR)                                                                                                                                                                        0.0663     4.1402 f
  i_horcrux_top/i_horcrux/multiplier_tree_inst/u_shared_mul/u_primary_mul/add_x_12/SUM[29] (unified_mul_32x32_DW01_add_894)                                                                                                                                                      0.0000     4.1402 f
  i_horcrux_top/i_horcrux/multiplier_tree_inst/u_shared_mul/u_primary_mul/U2827/Y (NAND2_X6A_A9TR)                                                                                                                                                                               0.0344     4.1745 r
  i_horcrux_top/i_horcrux/multiplier_tree_inst/u_shared_mul/u_primary_mul/U2634/Y (NAND2_X8A_A9TR)                                                                                                                                                                               0.0302     4.2048 f
  i_horcrux_top/i_horcrux/multiplier_tree_inst/u_shared_mul/u_primary_mul/add_x_13/A[29] (unified_mul_32x32_DW01_add_879)                                                                                                                                                        0.0000     4.2048 f
  i_horcrux_top/i_horcrux/multiplier_tree_inst/u_shared_mul/u_primary_mul/add_x_13/U695/Y (XOR2_X4M_A9TR)                                                                                                                                                                        0.0393     4.2441 f
  i_horcrux_top/i_horcrux/multiplier_tree_inst/u_shared_mul/u_primary_mul/add_x_13/U700/Y (XNOR2_X4M_A9TR)                                                                                                                                                                       0.0660     4.3101 f
  i_horcrux_top/i_horcrux/multiplier_tree_inst/u_shared_mul/u_primary_mul/add_x_13/SUM[29] (unified_mul_32x32_DW01_add_879)                                                                                                                                                      0.0000     4.3101 f
  i_horcrux_top/i_horcrux/multiplier_tree_inst/u_shared_mul/u_primary_mul/U2648/Y (MX2_X8B_A9TR)                                                                                                                                                                                 0.0621     4.3722 f
  i_horcrux_top/i_horcrux/multiplier_tree_inst/u_shared_mul/u_primary_mul/add_x_14/A[29] (unified_mul_32x32_DW01_add_837)                                                                                                                                                        0.0000     4.3722 f
  i_horcrux_top/i_horcrux/multiplier_tree_inst/u_shared_mul/u_primary_mul/add_x_14/U621/Y (NOR2_X8A_A9TR)                                                                                                                                                                        0.0493     4.4215 r
  i_horcrux_top/i_horcrux/multiplier_tree_inst/u_shared_mul/u_primary_mul/add_x_14/U515/Y (NOR2_X8A_A9TR)                                                                                                                                                                        0.0314     4.4529 f
  i_horcrux_top/i_horcrux/multiplier_tree_inst/u_shared_mul/u_primary_mul/add_x_14/U516/Y (XNOR2_X4M_A9TR)                                                                                                                                                                       0.0407     4.4936 f
  i_horcrux_top/i_horcrux/multiplier_tree_inst/u_shared_mul/u_primary_mul/add_x_14/SUM[29] (unified_mul_32x32_DW01_add_837)                                                                                                                                                      0.0000     4.4936 f
  i_horcrux_top/i_horcrux/multiplier_tree_inst/u_shared_mul/u_primary_mul/U2472/Y (NAND2_X6A_A9TR)                                                                                                                                                                               0.0352     4.5288 r
  i_horcrux_top/i_horcrux/multiplier_tree_inst/u_shared_mul/u_primary_mul/U2021/Y (NAND2_X8A_A9TR)                                                                                                                                                                               0.0272     4.5559 f
  i_horcrux_top/i_horcrux/multiplier_tree_inst/u_shared_mul/u_primary_mul/add_x_15/A[29] (unified_mul_32x32_DW01_add_882)                                                                                                                                                        0.0000     4.5559 f
  i_horcrux_top/i_horcrux/multiplier_tree_inst/u_shared_mul/u_primary_mul/add_x_15/U496/Y (INV_X11M_A9TR)                                                                                                                                                                        0.0183     4.5742 r
  i_horcrux_top/i_horcrux/multiplier_tree_inst/u_shared_mul/u_primary_mul/add_x_15/U499/Y (NAND2_X8A_A9TR)                                                                                                                                                                       0.0223     4.5966 f
  i_horcrux_top/i_horcrux/multiplier_tree_inst/u_shared_mul/u_primary_mul/add_x_15/U498/Y (AOI21_X8M_A9TR)                                                                                                                                                                       0.0490     4.6456 r
  i_horcrux_top/i_horcrux/multiplier_tree_inst/u_shared_mul/u_primary_mul/add_x_15/U497/Y (XNOR2_X4M_A9TR)                                                                                                                                                                       0.0669     4.7124 r
  i_horcrux_top/i_horcrux/multiplier_tree_inst/u_shared_mul/u_primary_mul/add_x_15/SUM[30] (unified_mul_32x32_DW01_add_882)                                                                                                                                                      0.0000     4.7124 r
  i_horcrux_top/i_horcrux/multiplier_tree_inst/u_shared_mul/u_primary_mul/U5547/Y (AO1B2_X6M_A9TR)                                                                                                                                                                               0.0695     4.7820 r
  i_horcrux_top/i_horcrux/multiplier_tree_inst/u_shared_mul/u_primary_mul/add_x_16/A[30] (unified_mul_32x32_DW01_add_825)                                                                                                                                                        0.0000     4.7820 r
  i_horcrux_top/i_horcrux/multiplier_tree_inst/u_shared_mul/u_primary_mul/add_x_16/U503/Y (NAND2_X8A_A9TR)                                                                                                                                                                       0.0278     4.8097 f
  i_horcrux_top/i_horcrux/multiplier_tree_inst/u_shared_mul/u_primary_mul/add_x_16/U621/Y (NAND3_X6A_A9TR)                                                                                                                                                                       0.0282     4.8380 r
  i_horcrux_top/i_horcrux/multiplier_tree_inst/u_shared_mul/u_primary_mul/add_x_16/U475/Y (NAND2_X4B_A9TR)                                                                                                                                                                       0.0260     4.8640 f
  i_horcrux_top/i_horcrux/multiplier_tree_inst/u_shared_mul/u_primary_mul/add_x_16/U595/Y (XNOR2_X4M_A9TR)                                                                                                                                                                       0.0626     4.9266 f
  i_horcrux_top/i_horcrux/multiplier_tree_inst/u_shared_mul/u_primary_mul/add_x_16/SUM[31] (unified_mul_32x32_DW01_add_825)                                                                                                                                                      0.0000     4.9266 f
  i_horcrux_top/i_horcrux/multiplier_tree_inst/u_shared_mul/u_primary_mul/U3857/Y (NAND2_X8M_A9TR)                                                                                                                                                                               0.0348     4.9614 r
  i_horcrux_top/i_horcrux/multiplier_tree_inst/u_shared_mul/u_primary_mul/U2636/Y (NAND2_X8A_A9TR)                                                                                                                                                                               0.0293     4.9906 f
  i_horcrux_top/i_horcrux/multiplier_tree_inst/u_shared_mul/u_primary_mul/add_x_17/A[31] (unified_mul_32x32_DW01_add_826)                                                                                                                                                        0.0000     4.9906 f
  i_horcrux_top/i_horcrux/multiplier_tree_inst/u_shared_mul/u_primary_mul/add_x_17/U525/Y (XOR2_X4M_A9TR)                                                                                                                                                                        0.0419     5.0325 f
  i_horcrux_top/i_horcrux/multiplier_tree_inst/u_shared_mul/u_primary_mul/add_x_17/U524/Y (XNOR2_X4M_A9TR)                                                                                                                                                                       0.0587     5.0912 f
  i_horcrux_top/i_horcrux/multiplier_tree_inst/u_shared_mul/u_primary_mul/add_x_17/SUM[31] (unified_mul_32x32_DW01_add_826)                                                                                                                                                      0.0000     5.0912 f
  i_horcrux_top/i_horcrux/multiplier_tree_inst/u_shared_mul/u_primary_mul/U2262/Y (NAND2_X8A_A9TR)                                                                                                                                                                               0.0332     5.1244 r
  i_horcrux_top/i_horcrux/multiplier_tree_inst/u_shared_mul/u_primary_mul/U2664/Y (NAND2_X8A_A9TR)                                                                                                                                                                               0.0286     5.1529 f
  i_horcrux_top/i_horcrux/multiplier_tree_inst/u_shared_mul/u_primary_mul/add_x_18/A[31] (unified_mul_32x32_DW01_add_293)                                                                                                                                                        0.0000     5.1529 f
  i_horcrux_top/i_horcrux/multiplier_tree_inst/u_shared_mul/u_primary_mul/add_x_18/U488/Y (OR2_X11M_A9TR)                                                                                                                                                                        0.0452     5.1981 f
  i_horcrux_top/i_horcrux/multiplier_tree_inst/u_shared_mul/u_primary_mul/add_x_18/U543/Y (AOI21_X8M_A9TR)                                                                                                                                                                       0.0404     5.2385 r
  i_horcrux_top/i_horcrux/multiplier_tree_inst/u_shared_mul/u_primary_mul/add_x_18/U588/Y (OAI21_X8M_A9TR)                                                                                                                                                                       0.0402     5.2786 f
  i_horcrux_top/i_horcrux/multiplier_tree_inst/u_shared_mul/u_primary_mul/add_x_18/U585/Y (AOI21_X8M_A9TR)                                                                                                                                                                       0.0485     5.3271 r
  i_horcrux_top/i_horcrux/multiplier_tree_inst/u_shared_mul/u_primary_mul/add_x_18/U582/Y (OAI21_X8M_A9TR)                                                                                                                                                                       0.0410     5.3681 f
  i_horcrux_top/i_horcrux/multiplier_tree_inst/u_shared_mul/u_primary_mul/add_x_18/U567/Y (XNOR2_X4M_A9TR)                                                                                                                                                                       0.0630     5.4310 f
  i_horcrux_top/i_horcrux/multiplier_tree_inst/u_shared_mul/u_primary_mul/add_x_18/SUM[35] (unified_mul_32x32_DW01_add_293)                                                                                                                                                      0.0000     5.4310 f
  i_horcrux_top/i_horcrux/multiplier_tree_inst/u_shared_mul/u_primary_mul/U5535/Y (AO1B2_X6M_A9TR)                                                                                                                                                                               0.0622     5.4933 f
  i_horcrux_top/i_horcrux/multiplier_tree_inst/u_shared_mul/u_primary_mul/add_x_19/A[35] (unified_mul_32x32_DW01_add_828)                                                                                                                                                        0.0000     5.4933 f
  i_horcrux_top/i_horcrux/multiplier_tree_inst/u_shared_mul/u_primary_mul/add_x_19/U553/Y (OR2_X11M_A9TR)                                                                                                                                                                        0.0476     5.5409 f
  i_horcrux_top/i_horcrux/multiplier_tree_inst/u_shared_mul/u_primary_mul/add_x_19/U412/Y (NAND2_X6M_A9TR)                                                                                                                                                                       0.0248     5.5657 r
  i_horcrux_top/i_horcrux/multiplier_tree_inst/u_shared_mul/u_primary_mul/add_x_19/U481/Y (NAND2_X8A_A9TR)                                                                                                                                                                       0.0240     5.5897 f
  i_horcrux_top/i_horcrux/multiplier_tree_inst/u_shared_mul/u_primary_mul/add_x_19/U542/Y (NAND2_X8A_A9TR)                                                                                                                                                                       0.0214     5.6111 r
  i_horcrux_top/i_horcrux/multiplier_tree_inst/u_shared_mul/u_primary_mul/add_x_19/U477/Y (NAND2_X8A_A9TR)                                                                                                                                                                       0.0223     5.6334 f
  i_horcrux_top/i_horcrux/multiplier_tree_inst/u_shared_mul/u_primary_mul/add_x_19/U645/Y (XNOR2_X4M_A9TR)                                                                                                                                                                       0.0597     5.6931 f
  i_horcrux_top/i_horcrux/multiplier_tree_inst/u_shared_mul/u_primary_mul/add_x_19/SUM[37] (unified_mul_32x32_DW01_add_828)                                                                                                                                                      0.0000     5.6931 f
  i_horcrux_top/i_horcrux/multiplier_tree_inst/u_shared_mul/u_primary_mul/U4783/Y (NAND2_X6A_A9TR)                                                                                                                                                                               0.0347     5.7277 r
  i_horcrux_top/i_horcrux/multiplier_tree_inst/u_shared_mul/u_primary_mul/U5501/Y (NAND2_X8A_A9TR)                                                                                                                                                                               0.0278     5.7555 f
  i_horcrux_top/i_horcrux/multiplier_tree_inst/u_shared_mul/u_primary_mul/add_x_20/A[37] (unified_mul_32x32_DW01_add_829)                                                                                                                                                        0.0000     5.7555 f
  i_horcrux_top/i_horcrux/multiplier_tree_inst/u_shared_mul/u_primary_mul/add_x_20/U558/Y (OR2_X11M_A9TR)                                                                                                                                                                        0.0478     5.8033 f
  i_horcrux_top/i_horcrux/multiplier_tree_inst/u_shared_mul/u_primary_mul/add_x_20/U479/Y (NAND2_X8A_A9TR)                                                                                                                                                                       0.0274     5.8307 r
  i_horcrux_top/i_horcrux/multiplier_tree_inst/u_shared_mul/u_primary_mul/add_x_20/U511/Y (NAND3_X6A_A9TR)                                                                                                                                                                       0.0415     5.8721 f
  i_horcrux_top/i_horcrux/multiplier_tree_inst/u_shared_mul/u_primary_mul/add_x_20/U648/Y (NAND2_X8B_A9TR)                                                                                                                                                                       0.0309     5.9030 r
  i_horcrux_top/i_horcrux/multiplier_tree_inst/u_shared_mul/u_primary_mul/add_x_20/U680/Y (OAI21_X8M_A9TR)                                                                                                                                                                       0.0320     5.9350 f
  i_horcrux_top/i_horcrux/multiplier_tree_inst/u_shared_mul/u_primary_mul/add_x_20/U500/Y (NAND2_X8A_A9TR)                                                                                                                                                                       0.0244     5.9594 r
  i_horcrux_top/i_horcrux/multiplier_tree_inst/u_shared_mul/u_primary_mul/add_x_20/U551/Y (NAND2_X8A_A9TR)                                                                                                                                                                       0.0225     5.9819 f
  i_horcrux_top/i_horcrux/multiplier_tree_inst/u_shared_mul/u_primary_mul/add_x_20/U650/Y (XNOR2_X4M_A9TR)                                                                                                                                                                       0.0572     6.0392 f
  i_horcrux_top/i_horcrux/multiplier_tree_inst/u_shared_mul/u_primary_mul/add_x_20/SUM[41] (unified_mul_32x32_DW01_add_829)                                                                                                                                                      0.0000     6.0392 f
  i_horcrux_top/i_horcrux/multiplier_tree_inst/u_shared_mul/u_primary_mul/U4794/Y (MX2_X8B_A9TR)                                                                                                                                                                                 0.0613     6.1004 f
  i_horcrux_top/i_horcrux/multiplier_tree_inst/u_shared_mul/u_primary_mul/add_x_21/A[41] (unified_mul_32x32_DW01_add_834)                                                                                                                                                        0.0000     6.1004 f
  i_horcrux_top/i_horcrux/multiplier_tree_inst/u_shared_mul/u_primary_mul/add_x_21/U594/Y (NAND2_X8B_A9TR)                                                                                                                                                                       0.0273     6.1277 r
  i_horcrux_top/i_horcrux/multiplier_tree_inst/u_shared_mul/u_primary_mul/add_x_21/U545/Y (NAND3_X6A_A9TR)                                                                                                                                                                       0.0393     6.1670 f
  i_horcrux_top/i_horcrux/multiplier_tree_inst/u_shared_mul/u_primary_mul/add_x_21/U401/Y (NAND2_X8A_A9TR)                                                                                                                                                                       0.0312     6.1982 r
  i_horcrux_top/i_horcrux/multiplier_tree_inst/u_shared_mul/u_primary_mul/add_x_21/U521/Y (XOR2_X4M_A9TR)                                                                                                                                                                        0.0672     6.2654 r
  i_horcrux_top/i_horcrux/multiplier_tree_inst/u_shared_mul/u_primary_mul/add_x_21/SUM[42] (unified_mul_32x32_DW01_add_834)                                                                                                                                                      0.0000     6.2654 r
  i_horcrux_top/i_horcrux/multiplier_tree_inst/u_shared_mul/u_primary_mul/U2551/Y (NAND2_X8M_A9TR)                                                                                                                                                                               0.0291     6.2945 f
  i_horcrux_top/i_horcrux/multiplier_tree_inst/u_shared_mul/u_primary_mul/U5439/Y (NAND2_X8A_A9TR)                                                                                                                                                                               0.0306     6.3252 r
  i_horcrux_top/i_horcrux/multiplier_tree_inst/u_shared_mul/u_primary_mul/add_x_22/A[42] (unified_mul_32x32_DW01_add_832)                                                                                                                                                        0.0000     6.3252 r
  i_horcrux_top/i_horcrux/multiplier_tree_inst/u_shared_mul/u_primary_mul/add_x_22/U491/Y (XOR2_X4M_A9TR)                                                                                                                                                                        0.0497     6.3748 r
  i_horcrux_top/i_horcrux/multiplier_tree_inst/u_shared_mul/u_primary_mul/add_x_22/U542/Y (XOR2_X4M_A9TR)                                                                                                                                                                        0.0538     6.4287 r
  i_horcrux_top/i_horcrux/multiplier_tree_inst/u_shared_mul/u_primary_mul/add_x_22/SUM[42] (unified_mul_32x32_DW01_add_832)                                                                                                                                                      0.0000     6.4287 r
  i_horcrux_top/i_horcrux/multiplier_tree_inst/u_shared_mul/u_primary_mul/U2029/Y (NAND2_X6A_A9TR)                                                                                                                                                                               0.0325     6.4612 f
  i_horcrux_top/i_horcrux/multiplier_tree_inst/u_shared_mul/u_primary_mul/U2346/Y (NAND2_X8A_A9TR)                                                                                                                                                                               0.0307     6.4919 r
  i_horcrux_top/i_horcrux/multiplier_tree_inst/u_shared_mul/u_primary_mul/add_x_23/A[42] (unified_mul_32x32_DW01_add_845)                                                                                                                                                        0.0000     6.4919 r
  i_horcrux_top/i_horcrux/multiplier_tree_inst/u_shared_mul/u_primary_mul/add_x_23/U506/Y (NAND2XB_X8M_A9TR)                                                                                                                                                                     0.0295     6.5214 f
  i_horcrux_top/i_horcrux/multiplier_tree_inst/u_shared_mul/u_primary_mul/add_x_23/U415/Y (NAND2_X8M_A9TR)                                                                                                                                                                       0.0247     6.5461 r
  i_horcrux_top/i_horcrux/multiplier_tree_inst/u_shared_mul/u_primary_mul/add_x_23/U385/Y (NAND2_X8B_A9TR)                                                                                                                                                                       0.0221     6.5682 f
  i_horcrux_top/i_horcrux/multiplier_tree_inst/u_shared_mul/u_primary_mul/add_x_23/U329/Y (NAND2_X6M_A9TR)                                                                                                                                                                       0.0217     6.5899 r
  i_horcrux_top/i_horcrux/multiplier_tree_inst/u_shared_mul/u_primary_mul/add_x_23/U426/Y (AOI21_X8M_A9TR)                                                                                                                                                                       0.0299     6.6198 f
  i_horcrux_top/i_horcrux/multiplier_tree_inst/u_shared_mul/u_primary_mul/add_x_23/U399/Y (OAI21_X8M_A9TR)                                                                                                                                                                       0.0418     6.6616 r
  i_horcrux_top/i_horcrux/multiplier_tree_inst/u_shared_mul/u_primary_mul/add_x_23/U398/Y (AOI21_X8M_A9TR)                                                                                                                                                                       0.0465     6.7081 f
  i_horcrux_top/i_horcrux/multiplier_tree_inst/u_shared_mul/u_primary_mul/add_x_23/U406/Y (NAND2_X6A_A9TR)                                                                                                                                                                       0.0293     6.7374 r
  i_horcrux_top/i_horcrux/multiplier_tree_inst/u_shared_mul/u_primary_mul/add_x_23/U439/Y (NAND2_X8A_A9TR)                                                                                                                                                                       0.0278     6.7651 f
  i_horcrux_top/i_horcrux/multiplier_tree_inst/u_shared_mul/u_primary_mul/add_x_23/U438/Y (OAI21_X8M_A9TR)                                                                                                                                                                       0.0331     6.7983 r
  i_horcrux_top/i_horcrux/multiplier_tree_inst/u_shared_mul/u_primary_mul/add_x_23/U468/Y (AOI21_X8M_A9TR)                                                                                                                                                                       0.0424     6.8407 f
  i_horcrux_top/i_horcrux/multiplier_tree_inst/u_shared_mul/u_primary_mul/add_x_23/U540/Y (OAI21_X8M_A9TR)                                                                                                                                                                       0.0423     6.8829 r
  i_horcrux_top/i_horcrux/multiplier_tree_inst/u_shared_mul/u_primary_mul/add_x_23/U572/Y (XNOR2_X4M_A9TR)                                                                                                                                                                       0.0699     6.9529 r
  i_horcrux_top/i_horcrux/multiplier_tree_inst/u_shared_mul/u_primary_mul/add_x_23/SUM[50] (unified_mul_32x32_DW01_add_845)                                                                                                                                                      0.0000     6.9529 r
  i_horcrux_top/i_horcrux/multiplier_tree_inst/u_shared_mul/u_primary_mul/U5153/Y (NAND2_X8A_A9TR)                                                                                                                                                                               0.0301     6.9830 f
  i_horcrux_top/i_horcrux/multiplier_tree_inst/u_shared_mul/u_primary_mul/U5416/Y (NAND2_X8A_A9TR)                                                                                                                                                                               0.0272     7.0101 r
  i_horcrux_top/i_horcrux/multiplier_tree_inst/u_shared_mul/u_primary_mul/add_x_24/A[50] (unified_mul_32x32_DW01_add_854)                                                                                                                                                        0.0000     7.0101 r
  i_horcrux_top/i_horcrux/multiplier_tree_inst/u_shared_mul/u_primary_mul/add_x_24/U630/Y (XOR2_X4M_A9TR)                                                                                                                                                                        0.0394     7.0495 r
  i_horcrux_top/i_horcrux/multiplier_tree_inst/u_shared_mul/u_primary_mul/add_x_24/U629/Y (XOR2_X4M_A9TR)                                                                                                                                                                        0.0751     7.1246 r
  i_horcrux_top/i_horcrux/multiplier_tree_inst/u_shared_mul/u_primary_mul/add_x_24/SUM[50] (unified_mul_32x32_DW01_add_854)                                                                                                                                                      0.0000     7.1246 r
  i_horcrux_top/i_horcrux/multiplier_tree_inst/u_shared_mul/u_primary_mul/U4470/Y (NAND2_X6A_A9TR)                                                                                                                                                                               0.0328     7.1575 f
  i_horcrux_top/i_horcrux/multiplier_tree_inst/u_shared_mul/u_primary_mul/U5229/Y (NAND2_X8A_A9TR)                                                                                                                                                                               0.0299     7.1874 r
  i_horcrux_top/i_horcrux/multiplier_tree_inst/u_shared_mul/u_primary_mul/add_x_25/A[50] (unified_mul_32x32_DW01_add_844)                                                                                                                                                        0.0000     7.1874 r
  i_horcrux_top/i_horcrux/multiplier_tree_inst/u_shared_mul/u_primary_mul/add_x_25/U345/Y (INV_X11M_A9TR)                                                                                                                                                                        0.0188     7.2062 f
  i_horcrux_top/i_horcrux/multiplier_tree_inst/u_shared_mul/u_primary_mul/add_x_25/U542/Y (NAND2_X8A_A9TR)                                                                                                                                                                       0.0230     7.2292 r
  i_horcrux_top/i_horcrux/multiplier_tree_inst/u_shared_mul/u_primary_mul/add_x_25/U468/Y (INV_X11M_A9TR)                                                                                                                                                                        0.0147     7.2439 f
  i_horcrux_top/i_horcrux/multiplier_tree_inst/u_shared_mul/u_primary_mul/add_x_25/U455/Y (OAI21_X8M_A9TR)                                                                                                                                                                       0.0322     7.2761 r
  i_horcrux_top/i_horcrux/multiplier_tree_inst/u_shared_mul/u_primary_mul/add_x_25/U561/Y (XNOR2_X4M_A9TR)                                                                                                                                                                       0.0662     7.3423 r
  i_horcrux_top/i_horcrux/multiplier_tree_inst/u_shared_mul/u_primary_mul/add_x_25/SUM[51] (unified_mul_32x32_DW01_add_844)                                                                                                                                                      0.0000     7.3423 r
  i_horcrux_top/i_horcrux/multiplier_tree_inst/u_shared_mul/u_primary_mul/U2227/Y (NAND2_X6A_A9TR)                                                                                                                                                                               0.0329     7.3751 f
  i_horcrux_top/i_horcrux/multiplier_tree_inst/u_shared_mul/u_primary_mul/U6009/Y (NAND2_X8A_A9TR)                                                                                                                                                                               0.0320     7.4071 r
  i_horcrux_top/i_horcrux/multiplier_tree_inst/u_shared_mul/u_primary_mul/add_x_26/A[51] (unified_mul_32x32_DW01_add_843)                                                                                                                                                        0.0000     7.4071 r
  i_horcrux_top/i_horcrux/multiplier_tree_inst/u_shared_mul/u_primary_mul/add_x_26/U399/Y (NAND2_X8A_A9TR)                                                                                                                                                                       0.0261     7.4333 f
  i_horcrux_top/i_horcrux/multiplier_tree_inst/u_shared_mul/u_primary_mul/add_x_26/U582/Y (OAI21_X8M_A9TR)                                                                                                                                                                       0.0275     7.4608 r
  i_horcrux_top/i_horcrux/multiplier_tree_inst/u_shared_mul/u_primary_mul/add_x_26/U524/Y (XOR2_X4M_A9TR)                                                                                                                                                                        0.0432     7.5040 r
  i_horcrux_top/i_horcrux/multiplier_tree_inst/u_shared_mul/u_primary_mul/add_x_26/SUM[51] (unified_mul_32x32_DW01_add_843)                                                                                                                                                      0.0000     7.5040 r
  i_horcrux_top/i_horcrux/multiplier_tree_inst/u_shared_mul/u_primary_mul/U2594/Y (NAND2_X6B_A9TR)                                                                                                                                                                               0.0346     7.5385 f
  i_horcrux_top/i_horcrux/multiplier_tree_inst/u_shared_mul/u_primary_mul/U2652/Y (NAND2_X8M_A9TR)                                                                                                                                                                               0.0334     7.5719 r
  i_horcrux_top/i_horcrux/multiplier_tree_inst/u_shared_mul/u_primary_mul/add_x_27/A[51] (unified_mul_32x32_DW01_add_838)                                                                                                                                                        0.0000     7.5719 r
  i_horcrux_top/i_horcrux/multiplier_tree_inst/u_shared_mul/u_primary_mul/add_x_27/U425/Y (XOR2_X4M_A9TR)                                                                                                                                                                        0.0414     7.6133 r
  i_horcrux_top/i_horcrux/multiplier_tree_inst/u_shared_mul/u_primary_mul/add_x_27/U568/Y (XNOR2_X4M_A9TR)                                                                                                                                                                       0.0720     7.6853 r
  i_horcrux_top/i_horcrux/multiplier_tree_inst/u_shared_mul/u_primary_mul/add_x_27/SUM[51] (unified_mul_32x32_DW01_add_838)                                                                                                                                                      0.0000     7.6853 r
  i_horcrux_top/i_horcrux/multiplier_tree_inst/u_shared_mul/u_primary_mul/U193/Y (NAND2_X6M_A9TR)                                                                                                                                                                                0.0319     7.7172 f
  i_horcrux_top/i_horcrux/multiplier_tree_inst/u_shared_mul/u_primary_mul/U2570/Y (NAND2_X8A_A9TR)                                                                                                                                                                               0.0307     7.7479 r
  i_horcrux_top/i_horcrux/multiplier_tree_inst/u_shared_mul/u_primary_mul/add_x_28/A[51] (unified_mul_32x32_DW01_add_846)                                                                                                                                                        0.0000     7.7479 r
  i_horcrux_top/i_horcrux/multiplier_tree_inst/u_shared_mul/u_primary_mul/add_x_28/U403/Y (OR2_X8B_A9TR)                                                                                                                                                                         0.0391     7.7870 r
  i_horcrux_top/i_horcrux/multiplier_tree_inst/u_shared_mul/u_primary_mul/add_x_28/U359/Y (NAND3_X6A_A9TR)                                                                                                                                                                       0.0304     7.8174 f
  i_horcrux_top/i_horcrux/multiplier_tree_inst/u_shared_mul/u_primary_mul/add_x_28/U286/Y (INV_X6M_A9TR)                                                                                                                                                                         0.0268     7.8442 r
  i_horcrux_top/i_horcrux/multiplier_tree_inst/u_shared_mul/u_primary_mul/add_x_28/U355/Y (OAI21_X8M_A9TR)                                                                                                                                                                       0.0345     7.8788 f
  i_horcrux_top/i_horcrux/multiplier_tree_inst/u_shared_mul/u_primary_mul/add_x_28/U475/Y (OAI21_X8M_A9TR)                                                                                                                                                                       0.0409     7.9196 r
  i_horcrux_top/i_horcrux/multiplier_tree_inst/u_shared_mul/u_primary_mul/add_x_28/U525/Y (AOI21_X8M_A9TR)                                                                                                                                                                       0.0455     7.9651 f
  i_horcrux_top/i_horcrux/multiplier_tree_inst/u_shared_mul/u_primary_mul/add_x_28/U444/Y (OAI21_X8M_A9TR)                                                                                                                                                                       0.0478     8.0129 r
  i_horcrux_top/i_horcrux/multiplier_tree_inst/u_shared_mul/u_primary_mul/add_x_28/U446/Y (XNOR2_X4M_A9TR)                                                                                                                                                                       0.0691     8.0820 r
  i_horcrux_top/i_horcrux/multiplier_tree_inst/u_shared_mul/u_primary_mul/add_x_28/SUM[56] (unified_mul_32x32_DW01_add_846)                                                                                                                                                      0.0000     8.0820 r
  i_horcrux_top/i_horcrux/multiplier_tree_inst/u_shared_mul/u_primary_mul/U5746/Y (NAND2_X8A_A9TR)                                                                                                                                                                               0.0301     8.1121 f
  i_horcrux_top/i_horcrux/multiplier_tree_inst/u_shared_mul/u_primary_mul/U5768/Y (NAND2_X8A_A9TR)                                                                                                                                                                               0.0270     8.1391 r
  i_horcrux_top/i_horcrux/multiplier_tree_inst/u_shared_mul/u_primary_mul/add_x_29/A[56] (unified_mul_32x32_DW01_add_412)                                                                                                                                                        0.0000     8.1391 r
  i_horcrux_top/i_horcrux/multiplier_tree_inst/u_shared_mul/u_primary_mul/add_x_29/U373/Y (OR2_X11M_A9TR)                                                                                                                                                                        0.0466     8.1857 r
  i_horcrux_top/i_horcrux/multiplier_tree_inst/u_shared_mul/u_primary_mul/add_x_29/U462/Y (AOI21_X8M_A9TR)                                                                                                                                                                       0.0416     8.2273 f
  i_horcrux_top/i_horcrux/multiplier_tree_inst/u_shared_mul/u_primary_mul/add_x_29/U504/Y (XNOR2_X4M_A9TR)                                                                                                                                                                       0.0637     8.2910 f
  i_horcrux_top/i_horcrux/multiplier_tree_inst/u_shared_mul/u_primary_mul/add_x_29/SUM[57] (unified_mul_32x32_DW01_add_412)                                                                                                                                                      0.0000     8.2910 f
  i_horcrux_top/i_horcrux/multiplier_tree_inst/u_shared_mul/u_primary_mul/U6019/Y (AO1B2_X6M_A9TR)                                                                                                                                                                               0.0622     8.3532 f
  i_horcrux_top/i_horcrux/multiplier_tree_inst/u_shared_mul/u_primary_mul/add_x_30/A[57] (unified_mul_32x32_DW01_add_540)                                                                                                                                                        0.0000     8.3532 f
  i_horcrux_top/i_horcrux/multiplier_tree_inst/u_shared_mul/u_primary_mul/add_x_30/U394/Y (OR2_X11M_A9TR)                                                                                                                                                                        0.0506     8.4038 f
  i_horcrux_top/i_horcrux/multiplier_tree_inst/u_shared_mul/u_primary_mul/add_x_30/U269/Y (NAND2_X6M_A9TR)                                                                                                                                                                       0.0233     8.4272 r
  i_horcrux_top/i_horcrux/multiplier_tree_inst/u_shared_mul/u_primary_mul/add_x_30/U354/Y (OAI21_X8M_A9TR)                                                                                                                                                                       0.0347     8.4619 f
  i_horcrux_top/i_horcrux/multiplier_tree_inst/u_shared_mul/u_primary_mul/add_x_30/U404/Y (XNOR2_X4M_A9TR)                                                                                                                                                                       0.0619     8.5238 f
  i_horcrux_top/i_horcrux/multiplier_tree_inst/u_shared_mul/u_primary_mul/add_x_30/SUM[58] (unified_mul_32x32_DW01_add_540)                                                                                                                                                      0.0000     8.5238 f
  i_horcrux_top/i_horcrux/multiplier_tree_inst/u_shared_mul/u_primary_mul/U4964/Y (AO1B2_X6M_A9TR)                                                                                                                                                                               0.0622     8.5860 f
  i_horcrux_top/i_horcrux/multiplier_tree_inst/u_shared_mul/u_primary_mul/sub_x_31/A[58] (unified_mul_32x32_DW01_sub_8)                                                                                                                                                          0.0000     8.5860 f
  i_horcrux_top/i_horcrux/multiplier_tree_inst/u_shared_mul/u_primary_mul/sub_x_31/U381/Y (OR2_X11M_A9TR)                                                                                                                                                                        0.0510     8.6370 f
  i_horcrux_top/i_horcrux/multiplier_tree_inst/u_shared_mul/u_primary_mul/sub_x_31/U347/Y (NAND2_X8A_A9TR)                                                                                                                                                                       0.0234     8.6604 r
  i_horcrux_top/i_horcrux/multiplier_tree_inst/u_shared_mul/u_primary_mul/sub_x_31/U349/Y (NAND3_X6A_A9TR)                                                                                                                                                                       0.0379     8.6983 f
  i_horcrux_top/i_horcrux/multiplier_tree_inst/u_shared_mul/u_primary_mul/sub_x_31/U350/Y (AOI31_X6M_A9TR)                                                                                                                                                                       0.0513     8.7496 r
  i_horcrux_top/i_horcrux/multiplier_tree_inst/u_shared_mul/u_primary_mul/sub_x_31/U360/Y (XNOR2_X4M_A9TR)                                                                                                                                                                       0.0504     8.7999 r
  i_horcrux_top/i_horcrux/multiplier_tree_inst/u_shared_mul/u_primary_mul/sub_x_31/DIFF[61] (unified_mul_32x32_DW01_sub_8)                                                                                                                                                       0.0000     8.7999 r
  i_horcrux_top/i_horcrux/multiplier_tree_inst/u_shared_mul/u_primary_mul/U3025/Y (NAND2_X8A_A9TR)                                                                                                                                                                               0.0301     8.8300 f
  i_horcrux_top/i_horcrux/multiplier_tree_inst/u_shared_mul/u_primary_mul/U3209/Y (NAND2_X8A_A9TR)                                                                                                                                                                               0.0289     8.8589 r
  i_horcrux_top/i_horcrux/multiplier_tree_inst/u_shared_mul/u_primary_mul/prod_o[61] (unified_mul_32x32)                                                                                                                                                                         0.0000     8.8589 r
  i_horcrux_top/i_horcrux/multiplier_tree_inst/u_shared_mul/DP_OP_45J11_125_3794/I3[61] (shared_multiplication_logic_DP_OP_45J11_125_3794_5)                                                                                                                                     0.0000     8.8589 r
  i_horcrux_top/i_horcrux/multiplier_tree_inst/u_shared_mul/DP_OP_45J11_125_3794/U3466/Y (XOR2_X4M_A9TR)                                                                                                                                                                         0.0612     8.9202 r
  i_horcrux_top/i_horcrux/multiplier_tree_inst/u_shared_mul/DP_OP_45J11_125_3794/U3478/Y (AOI22BB_X8M_A9TR)                                                                                                                                                                      0.0731     8.9933 r
  i_horcrux_top/i_horcrux/multiplier_tree_inst/u_shared_mul/DP_OP_45J11_125_3794/U5345/Y (AO21A1AI2_X6M_A9TR)                                                                                                                                                                    0.0566     9.0499 f
  i_horcrux_top/i_horcrux/multiplier_tree_inst/u_shared_mul/DP_OP_45J11_125_3794/U4772/Y (NAND2_X8A_A9TR)                                                                                                                                                                        0.0494     9.0993 r
  i_horcrux_top/i_horcrux/multiplier_tree_inst/u_shared_mul/DP_OP_45J11_125_3794/O1[31] (shared_multiplication_logic_DP_OP_45J11_125_3794_5)                                                                                                                                     0.0000     9.0993 r
  i_horcrux_top/i_horcrux/multiplier_tree_inst/u_shared_mul/U382/Y (NOR2B_X8M_A9TR)                                                                                                                                                                                              0.0661     9.1653 r
  i_horcrux_top/i_horcrux/multiplier_tree_inst/u_shared_mul/DP_OP_45J11_125_3794/I4[3] (shared_multiplication_logic_DP_OP_45J11_125_3794_5)                                                                                                                                      0.0000     9.1653 r
  i_horcrux_top/i_horcrux/multiplier_tree_inst/u_shared_mul/DP_OP_45J11_125_3794/U3503/Y (NAND2B_X8M_A9TR)                                                                                                                                                                       0.0317     9.1970 f
  i_horcrux_top/i_horcrux/multiplier_tree_inst/u_shared_mul/DP_OP_45J11_125_3794/U3504/Y (OAI21_X8M_A9TR)                                                                                                                                                                        0.0405     9.2375 r
  i_horcrux_top/i_horcrux/multiplier_tree_inst/u_shared_mul/DP_OP_45J11_125_3794/U3666/Y (AOI21_X8M_A9TR)                                                                                                                                                                        0.0512     9.2886 f
  i_horcrux_top/i_horcrux/multiplier_tree_inst/u_shared_mul/DP_OP_45J11_125_3794/U3662/Y (NAND2_X8A_A9TR)                                                                                                                                                                        0.0357     9.3243 r
  i_horcrux_top/i_horcrux/multiplier_tree_inst/u_shared_mul/DP_OP_45J11_125_3794/U3487/Y (NAND2_X8A_A9TR)                                                                                                                                                                        0.0300     9.3543 f
  i_horcrux_top/i_horcrux/multiplier_tree_inst/u_shared_mul/DP_OP_45J11_125_3794/U3744/Y (NAND2_X8A_A9TR)                                                                                                                                                                        0.0306     9.3849 r
  i_horcrux_top/i_horcrux/multiplier_tree_inst/u_shared_mul/DP_OP_45J11_125_3794/U5366/Y (NAND3_X6A_A9TR)                                                                                                                                                                        0.0382     9.4232 f
  i_horcrux_top/i_horcrux/multiplier_tree_inst/u_shared_mul/DP_OP_45J11_125_3794/U5374/Y (NAND2_X8A_A9TR)                                                                                                                                                                        0.0476     9.4708 r
  i_horcrux_top/i_horcrux/multiplier_tree_inst/u_shared_mul/DP_OP_45J11_125_3794/U3502/Y (NAND2_X8M_A9TR)                                                                                                                                                                        0.0424     9.5131 f
  i_horcrux_top/i_horcrux/multiplier_tree_inst/u_shared_mul/DP_OP_45J11_125_3794/U3534/Y (NAND2_X8A_A9TR)                                                                                                                                                                        0.0419     9.5550 r
  i_horcrux_top/i_horcrux/multiplier_tree_inst/u_shared_mul/DP_OP_45J11_125_3794/U3571/Y (NAND2_X8A_A9TR)                                                                                                                                                                        0.0232     9.5782 f
  i_horcrux_top/i_horcrux/multiplier_tree_inst/u_shared_mul/DP_OP_45J11_125_3794/U3530/Y (NAND2_X6M_A9TR)                                                                                                                                                                        0.0252     9.6034 r
  i_horcrux_top/i_horcrux/multiplier_tree_inst/u_shared_mul/DP_OP_45J11_125_3794/O2[24] (shared_multiplication_logic_DP_OP_45J11_125_3794_5)                                                                                                                                     0.0000     9.6034 r
  i_horcrux_top/i_horcrux/multiplier_tree_inst/u_shared_mul/U54/Y (NAND2_X6M_A9TR)                                                                                                                                                                                               0.0231     9.6265 f
  i_horcrux_top/i_horcrux/multiplier_tree_inst/u_shared_mul/U273/Y (NAND2_X8A_A9TR)                                                                                                                                                                                              0.0279     9.6545 r
  i_horcrux_top/i_horcrux/multiplier_tree_inst/u_shared_mul/res_lo_o[24] (shared_multiplication_logic)                                                                                                                                                                           0.0000     9.6545 r
  i_horcrux_top/i_horcrux/multiplier_tree_inst/DP_OP_93_149_9367/I2[24] (multiplier_tree_DP_OP_93_149_9367_8)                                                                                                                                                                    0.0000     9.6545 r
  i_horcrux_top/i_horcrux/multiplier_tree_inst/DP_OP_93_149_9367/U515/Y (NOR2_X8A_A9TR)                                                                                                                                                                                          0.0357     9.6902 f
  i_horcrux_top/i_horcrux/multiplier_tree_inst/DP_OP_93_149_9367/U403/Y (BUFH_X4M_A9TR)                                                                                                                                                                                          0.0498     9.7400 f
  i_horcrux_top/i_horcrux/multiplier_tree_inst/DP_OP_93_149_9367/U459/Y (NOR2_X6A_A9TR)                                                                                                                                                                                          0.0390     9.7790 r
  i_horcrux_top/i_horcrux/multiplier_tree_inst/DP_OP_93_149_9367/U364/Y (AND2_X3B_A9TR)                                                                                                                                                                                          0.0603     9.8393 r
  i_horcrux_top/i_horcrux/multiplier_tree_inst/DP_OP_93_149_9367/U570/Y (NAND3_X6A_A9TR)                                                                                                                                                                                         0.0386     9.8779 f
  i_horcrux_top/i_horcrux/multiplier_tree_inst/DP_OP_93_149_9367/U491/Y (NAND2_X8A_A9TR)                                                                                                                                                                                         0.0266     9.9045 r
  i_horcrux_top/i_horcrux/multiplier_tree_inst/DP_OP_93_149_9367/U559/Y (XOR2_X4M_A9TR)                                                                                                                                                                                          0.0427     9.9471 r
  i_horcrux_top/i_horcrux/multiplier_tree_inst/DP_OP_93_149_9367/O1[28] (multiplier_tree_DP_OP_93_149_9367_8)                                                                                                                                                                    0.0000     9.9471 r
  i_horcrux_top/i_horcrux/multiplier_tree_inst/U690/Y (NAND2_X8A_A9TR)                                                                                                                                                                                                           0.0298     9.9769 f
  i_horcrux_top/i_horcrux/multiplier_tree_inst/U692/Y (NAND2_X8A_A9TR)                                                                                                                                                                                                           0.0241    10.0009 r
  i_horcrux_top/i_horcrux/multiplier_tree_inst/result_o[28] (multiplier_tree)                                                                                                                                                                                                    0.0000    10.0009 r
  i_horcrux_top/i_horcrux/U38/Y (NAND2_X8M_A9TR)                                                                                                                                                                                                                                 0.0217    10.0226 f
  i_horcrux_top/i_horcrux/U421/Y (NAND2_X8A_A9TR)                                                                                                                                                                                                                                0.0226    10.0452 r
  i_horcrux_top/i_horcrux/rd_values_o[rd1][28] (horcrux_NUM_VARIABLES50_VARIABLE_WIDTH32)                                                                                                                                                                                        0.0000    10.0452 r
  i_horcrux_top/commit_stage_i/result_i[rd1][28] (commit_stage_I_xif_result_if_if_xif_coproc_result_X_NUM_RS_3)                                                                                                                                                                  0.0000    10.0452 r
  i_horcrux_top/commit_stage_i/U26/Y (INV_X16M_A9TR)                                                                                                                                                                                                                             0.0204    10.0656 f
  i_horcrux_top/commit_stage_i/U27/Y (INV_X16M_A9TR)                                                                                                                                                                                                                             0.0279    10.0935 r
  i_horcrux_top/commit_stage_i/xif_result_if.result[data][28] (commit_stage_I_xif_result_if_if_xif_coproc_result_X_NUM_RS_3)                                                                                                                                                     0.0000    10.0935 r
  i_horcrux_top/xif_result_if.result[data][28] (horcrux_top_I_xif_compressed_if_if_xif__X_NUM_RS_3I_xif_issue_if_if_xif__X_NUM_RS_3I_xif_commit_if_if_xif__X_NUM_RS_3I_xif_mem_if_if_xif__X_NUM_RS_3I_xif_mem_result_if_if_xif__X_NUM_RS_3I_xif_result_if_if_xif__X_NUM_RS_3)    0.0000    10.0935 r
  result_o[data][28] (out)                                                                                                                                                                                                                                                       0.0038    10.0973 r
  data arrival time                                                                                                                                                                                                                                                                        10.0973

  clock clk (rise edge)                                                                                                                                                                                                                                                          4.8000     4.8000
  clock network delay (ideal)                                                                                                                                                                                                                                                    0.4800     5.2800
  clock uncertainty                                                                                                                                                                                                                                                             -0.2400     5.0400
  output external delay                                                                                                                                                                                                                                                         -0.7200     4.3200
  data required time                                                                                                                                                                                                                                                                        4.3200
  ---------------------------------------------------------------------------------------------------------------------------------------------------------------------------------------------------------------------------------------------------------------------------------------------------
  data required time                                                                                                                                                                                                                                                                        4.3200
  data arrival time                                                                                                                                                                                                                                                                       -10.0973
  ---------------------------------------------------------------------------------------------------------------------------------------------------------------------------------------------------------------------------------------------------------------------------------------------------
  slack (VIOLATED)                                                                                                                                                                                                                                                                         -5.7773


