Copyright 1986-2022 Xilinx, Inc. All Rights Reserved. Copyright 2022-2024 Advanced Micro Devices, Inc. All Rights Reserved.
---------------------------------------------------------------------------------------------------------------------------------------------
| Tool Version : Vivado v.2024.2 (win64) Build 5239630 Fri Nov 08 22:35:27 MST 2024
| Date         : Mon Sep  7 14:23:04 2026
| Host         : DESKTOP-OKV77IV running 64-bit major release  (build 9200)
| Command      : report_timing_summary -file build/polito_vlsi_crheepto_0/pynq-z2-vivado-exp1/reports/timing_summary.rpt
| Design       : xilinx_crheepto_wrapper
| Device       : 7z020-clg400
| Speed File   : -1  PRODUCTION 1.12 2019-11-22
| Design State : Synthesized
---------------------------------------------------------------------------------------------------------------------------------------------

Timing Summary Report

------------------------------------------------------------------------------------------------
| Timer Settings
| --------------
------------------------------------------------------------------------------------------------

  Enable Multi Corner Analysis               :  Yes
  Enable Pessimism Removal                   :  Yes
  Pessimism Removal Resolution               :  Nearest Common Node
  Enable Input Delay Default Clock           :  No
  Enable Preset / Clear Arcs                 :  No
  Disable Flight Delays                      :  No
  Ignore I/O Paths                           :  No
  Timing Early Launch at Borrowing Latches   :  No
  Borrow Time for Max Delay Exceptions       :  Yes
  Merge Timing Exceptions                    :  Yes
  Inter-SLR Compensation                     :  Conservative

  Corner  Analyze    Analyze    
  Name    Max Paths  Min Paths  
  ------  ---------  ---------  
  Slow    Yes        Yes        
  Fast    Yes        Yes        


------------------------------------------------------------------------------------------------
| Report Methodology
| ------------------
------------------------------------------------------------------------------------------------

No report available as report_methodology has not been run prior. Run report_methodology on the current design for the summary of methodology violations.



check_timing report

Table of Contents
-----------------
1. checking no_clock (5)
2. checking constant_clock (0)
3. checking pulse_width_clock (0)
4. checking unconstrained_internal_endpoints (3)
5. checking no_input_delay (35)
6. checking no_output_delay (36)
7. checking multiple_clock (37535)
8. checking generated_clocks (0)
9. checking loops (0)
10. checking partial_input_delay (0)
11. checking partial_output_delay (0)
12. checking latch_loops (0)

1. checking no_clock (5)
------------------------
 There are 3 register/latch pins with no clock driven by root clock pin: u_crheepto_top/u_core_v_mini_mcu/peripheral_subsystem_i/i2s_i/i2s_core_i/i2s_clk_gen_i/t_ff1_q_reg/Q (HIGH)

 There are 2 register/latch pins with no clock driven by root clock pin: u_crheepto_top/u_core_v_mini_mcu/peripheral_subsystem_i/i2s_i/i2s_core_i/i2s_clk_gen_i/t_ff2_q_reg/Q (HIGH)


2. checking constant_clock (0)
------------------------------
 There are 0 register/latch pins with constant_clock.


3. checking pulse_width_clock (0)
---------------------------------
 There are 0 register/latch pins which need pulse_width check


4. checking unconstrained_internal_endpoints (3)
------------------------------------------------
 There are 3 pins that are not constrained for maximum delay. (HIGH)

 There are 0 pins that are not constrained for maximum delay due to constant clock.


5. checking no_input_delay (35)
-------------------------------
 There are 35 input ports with no input delay specified. (HIGH)

 There are 0 input ports with no input delay but user has a false path constraint.


6. checking no_output_delay (36)
--------------------------------
 There are 34 ports with no output delay specified. (HIGH)

 There are 0 ports with no output delay but user has a false path constraint

 There are 2 ports with no output delay but with a timing clock defined on it or propagating through it (LOW)


7. checking multiple_clock (37535)
----------------------------------
 There are 37535 register/latch pins with multiple clocks. (HIGH)


8. checking generated_clocks (0)
--------------------------------
 There are 0 generated clocks that are not connected to a clock source.


9. checking loops (0)
---------------------
 There are 0 combinational loops in the design.


10. checking partial_input_delay (0)
------------------------------------
 There are 0 input ports with partial input delay specified.


11. checking partial_output_delay (0)
-------------------------------------
 There are 0 ports with partial output delay specified.


12. checking latch_loops (0)
----------------------------
 There are 0 combinational latch loops in the design through latch input



------------------------------------------------------------------------------------------------
| Design Timing Summary
| ---------------------
------------------------------------------------------------------------------------------------

    WNS(ns)      TNS(ns)  TNS Failing Endpoints  TNS Total Endpoints      WHS(ns)      THS(ns)  THS Failing Endpoints  THS Total Endpoints     WPWS(ns)     TPWS(ns)  TPWS Failing Endpoints  TPWS Total Endpoints  
    -------      -------  ---------------------  -------------------      -------      -------  ---------------------  -------------------     --------     --------  ----------------------  --------------------  
     -4.785       -4.785                      1               100809       -4.807     -421.144                   1908               100805        1.000        0.000                       0                 37847  


Timing constraints are not met.


------------------------------------------------------------------------------------------------
| Clock Summary
| -------------
------------------------------------------------------------------------------------------------

Clock                                       Waveform(ns)         Period(ns)      Frequency(MHz)
-----                                       ------------         ----------      --------------
clk_i                                       {0.000 4.000}        8.000           125.000         
  clk_out1_xilinx_clk_wizard_clk_wiz_0_0    {0.000 33.333}       66.667          15.000          
  clkfbout_xilinx_clk_wizard_clk_wiz_0_0    {0.000 20.000}       40.000          25.000          
jtag_clk_pin                                {0.000 5.000}        100.000         10.000          
spi_slave_clk_pin                           {0.000 5.000}        16.000          62.500          
sys_clk_pin                                 {0.000 5.000}        8.000           125.000         
  clk_out1_xilinx_clk_wizard_clk_wiz_0_0_1  {0.000 33.333}       66.667          15.000          
  clkfbout_xilinx_clk_wizard_clk_wiz_0_0_1  {0.000 20.000}       40.000          25.000          


------------------------------------------------------------------------------------------------
| Intra Clock Table
| -----------------
------------------------------------------------------------------------------------------------

Clock                                           WNS(ns)      TNS(ns)  TNS Failing Endpoints  TNS Total Endpoints      WHS(ns)      THS(ns)  THS Failing Endpoints  THS Total Endpoints     WPWS(ns)     TPWS(ns)  TPWS Failing Endpoints  TPWS Total Endpoints  
-----                                           -------      -------  ---------------------  -------------------      -------      -------  ---------------------  -------------------     --------     --------  ----------------------  --------------------  
clk_i                                                                                                                                                                                         2.000        0.000                       0                     1  
  clk_out1_xilinx_clk_wizard_clk_wiz_0_0         15.696        0.000                      0                84875       -0.202       -1.183                      8                84875       32.833        0.000                       0                 37537  
  clkfbout_xilinx_clk_wizard_clk_wiz_0_0                                                                                                                                                     37.845        0.000                       0                     3  
jtag_clk_pin                                      2.340        0.000                      0                  459        0.045        0.000                      0                  459        4.500        0.000                       0                   306  
sys_clk_pin                                                                                                                                                                                   1.000        0.000                       0                     1  
  clk_out1_xilinx_clk_wizard_clk_wiz_0_0_1       15.708        0.000                      0                84875       -0.202       -1.183                      8                84875       32.833        0.000                       0                 37537  
  clkfbout_xilinx_clk_wizard_clk_wiz_0_0_1                                                                                                                                                   37.845        0.000                       0                     3  


------------------------------------------------------------------------------------------------
| Inter Clock Table
| -----------------
------------------------------------------------------------------------------------------------

From Clock                                To Clock                                      WNS(ns)      TNS(ns)  TNS Failing Endpoints  TNS Total Endpoints      WHS(ns)      THS(ns)  THS Failing Endpoints  THS Total Endpoints  
----------                                --------                                      -------      -------  ---------------------  -------------------      -------      -------  ---------------------  -------------------  
jtag_clk_pin                              clk_out1_xilinx_clk_wizard_clk_wiz_0_0         13.512        0.000                      0                  755        1.523        0.000                      0                  712  
spi_slave_clk_pin                         clk_out1_xilinx_clk_wizard_clk_wiz_0_0         -4.785       -4.785                      1                    1        1.329        0.000                      0                    1  
clk_out1_xilinx_clk_wizard_clk_wiz_0_0_1  clk_out1_xilinx_clk_wizard_clk_wiz_0_0         15.696        0.000                      0                84875       -0.361      -36.924                   1767                84875  
clk_out1_xilinx_clk_wizard_clk_wiz_0_0    jtag_clk_pin                                   20.765        0.000                      0                  177       -4.807     -384.220                    141                  141  
clk_out1_xilinx_clk_wizard_clk_wiz_0_0_1  jtag_clk_pin                                   20.778        0.000                      0                  177       -4.795     -382.453                    141                  141  
clk_out1_xilinx_clk_wizard_clk_wiz_0_0    clk_out1_xilinx_clk_wizard_clk_wiz_0_0_1       15.696        0.000                      0                84875       -0.361      -36.924                   1767                84875  
jtag_clk_pin                              clk_out1_xilinx_clk_wizard_clk_wiz_0_0_1       13.524        0.000                      0                  755        1.535        0.000                      0                  712  
spi_slave_clk_pin                         clk_out1_xilinx_clk_wizard_clk_wiz_0_0_1       -4.772       -4.772                      1                    1        1.342        0.000                      0                    1  


------------------------------------------------------------------------------------------------
| Other Path Groups Table
| -----------------------
------------------------------------------------------------------------------------------------

Path Group                                From Clock                                To Clock                                      WNS(ns)      TNS(ns)  TNS Failing Endpoints  TNS Total Endpoints      WHS(ns)      THS(ns)  THS Failing Endpoints  THS Total Endpoints  
----------                                ----------                                --------                                      -------      -------  ---------------------  -------------------      -------      -------  ---------------------  -------------------  
**async_default**                         clk_out1_xilinx_clk_wizard_clk_wiz_0_0    clk_out1_xilinx_clk_wizard_clk_wiz_0_0         30.503        0.000                      0                15463        0.442        0.000                      0                15463  
**async_default**                         clk_out1_xilinx_clk_wizard_clk_wiz_0_0_1  clk_out1_xilinx_clk_wizard_clk_wiz_0_0         30.503        0.000                      0                15463        0.283        0.000                      0                15463  
**async_default**                         clk_out1_xilinx_clk_wizard_clk_wiz_0_0    clk_out1_xilinx_clk_wizard_clk_wiz_0_0_1       30.503        0.000                      0                15463        0.283        0.000                      0                15463  
**async_default**                         clk_out1_xilinx_clk_wizard_clk_wiz_0_0_1  clk_out1_xilinx_clk_wizard_clk_wiz_0_0_1       30.516        0.000                      0                15463        0.442        0.000                      0                15463  


------------------------------------------------------------------------------------------------
| Timing Details
| --------------
------------------------------------------------------------------------------------------------


---------------------------------------------------------------------------------------------------
From Clock:  clk_i
  To Clock:  clk_i

Setup :           NA  Failing Endpoints,  Worst Slack           NA  ,  Total Violation           NA
Hold  :           NA  Failing Endpoints,  Worst Slack           NA  ,  Total Violation           NA
PW    :            0  Failing Endpoints,  Worst Slack        2.000ns,  Total Violation        0.000ns
---------------------------------------------------------------------------------------------------


Pulse Width Checks
--------------------------------------------------------------------------------------
Clock Name:         clk_i
Waveform(ns):       { 0.000 4.000 }
Period(ns):         8.000
Sources:            { clk_i }

Check Type        Corner  Lib Pin            Reference Pin  Required(ns)  Actual(ns)  Slack(ns)  Location  Pin
Min Period        n/a     MMCME2_ADV/CLKIN1  n/a            1.249         8.000       6.751                xilinx_clk_wizard_wrapper_i/xilinx_clk_wizard_i/clk_wiz_0/inst/mmcm_adv_inst/CLKIN1
Max Period        n/a     MMCME2_ADV/CLKIN1  n/a            100.000       8.000       92.000               xilinx_clk_wizard_wrapper_i/xilinx_clk_wizard_i/clk_wiz_0/inst/mmcm_adv_inst/CLKIN1
Low Pulse Width   Slow    MMCME2_ADV/CLKIN1  n/a            2.000         4.000       2.000                xilinx_clk_wizard_wrapper_i/xilinx_clk_wizard_i/clk_wiz_0/inst/mmcm_adv_inst/CLKIN1
High Pulse Width  Slow    MMCME2_ADV/CLKIN1  n/a            2.000         4.000       2.000                xilinx_clk_wizard_wrapper_i/xilinx_clk_wizard_i/clk_wiz_0/inst/mmcm_adv_inst/CLKIN1



---------------------------------------------------------------------------------------------------
From Clock:  clk_out1_xilinx_clk_wizard_clk_wiz_0_0
  To Clock:  clk_out1_xilinx_clk_wizard_clk_wiz_0_0

Setup :            0  Failing Endpoints,  Worst Slack       15.696ns,  Total Violation        0.000ns
Hold  :            8  Failing Endpoints,  Worst Slack       -0.202ns,  Total Violation       -1.183ns
PW    :            0  Failing Endpoints,  Worst Slack       32.833ns,  Total Violation        0.000ns
---------------------------------------------------------------------------------------------------


Max Delay Paths
--------------------------------------------------------------------------------------
Slack (MET) :             15.696ns  (required time - arrival time)
  Source:                 u_crheepto_top/u_core_v_mini_mcu/debug_subsystem_i/dmi_jtag_i/i_dmi_cdc/i_cdc_req/i_dst/ack_dst_q_reg/C
                            (rising edge-triggered cell FDCE clocked by clk_out1_xilinx_clk_wizard_clk_wiz_0_0  {rise@0.000ns fall@33.333ns period=66.667ns})
  Destination:            u_crheepto_top/u_core_v_mini_mcu/debug_subsystem_i/dm_obi_top_i/i_dm_top/i_dm_csrs/cmderr_q_reg[0]/D
                            (rising edge-triggered cell FDCE clocked by clk_out1_xilinx_clk_wizard_clk_wiz_0_0  {rise@0.000ns fall@33.333ns period=66.667ns})
  Path Group:             clk_out1_xilinx_clk_wizard_clk_wiz_0_0
  Path Type:              Setup (Max at Slow Process Corner)
  Requirement:            20.000ns  (MaxDelay Path 20.000ns)
  Data Path Delay:        4.044ns  (logic 1.145ns (28.314%)  route 2.899ns (71.686%))
  Logic Levels:           4  (LUT5=1 LUT6=3)
  Clock Path Skew:        -0.145ns (DCD - SCD + CPR)
    Destination Clock Delay (DCD):    -2.269ns
    Source Clock Delay      (SCD):    -1.593ns
    Clock Pessimism Removal (CPR):    0.530ns
  Clock Uncertainty:      0.159ns  ((TSJ^2 + DJ^2)^1/2) / 2 + PE
    Total System Jitter     (TSJ):    0.071ns
    Discrete Jitter          (DJ):    0.311ns
    Phase Error              (PE):    0.000ns
  Timing Exception:       MaxDelay Path 20.000ns

    Location             Delay type                Incr(ns)  Path(ns)    Netlist Resource(s)
  -------------------------------------------------------------------    -------------------
                         (clock clk_out1_xilinx_clk_wizard_clk_wiz_0_0 rise edge)
                                                      0.000     0.000 r  
    H16                                               0.000     0.000 r  clk_i (INOUT)
                         net (fo=0)                   0.000     0.000    xilinx_clk_wizard_wrapper_i/xilinx_clk_wizard_i/clk_wiz_0/inst/clk_in1
    H16                  IBUF (Prop_ibuf_I_O)         1.451     1.451 r  xilinx_clk_wizard_wrapper_i/xilinx_clk_wizard_i/clk_wiz_0/inst/clkin1_ibufg/O
                         net (fo=1, unplaced)         0.584     2.035    xilinx_clk_wizard_wrapper_i/xilinx_clk_wizard_i/clk_wiz_0/inst/clk_in1_xilinx_clk_wizard_clk_wiz_0_0
                         MMCME2_ADV (Prop_mmcme2_adv_CLKIN1_CLKOUT0)
                                                     -5.113    -3.078 r  xilinx_clk_wizard_wrapper_i/xilinx_clk_wizard_i/clk_wiz_0/inst/mmcm_adv_inst/CLKOUT0
                         net (fo=1, unplaced)         0.800    -2.278    xilinx_clk_wizard_wrapper_i/xilinx_clk_wizard_i/clk_wiz_0/inst/clk_out1_xilinx_clk_wizard_clk_wiz_0_0
                         BUFG (Prop_bufg_I_O)         0.101    -2.177 r  xilinx_clk_wizard_wrapper_i/xilinx_clk_wizard_i/clk_wiz_0/inst/clkout1_buf/O
                         net (fo=37312, unplaced)     0.584    -1.593    u_crheepto_top/u_core_v_mini_mcu/debug_subsystem_i/dmi_jtag_i/i_dmi_cdc/i_cdc_req/i_dst/clk_out1_0
                         FDCE                                         r  u_crheepto_top/u_core_v_mini_mcu/debug_subsystem_i/dmi_jtag_i/i_dmi_cdc/i_cdc_req/i_dst/ack_dst_q_reg/C
  -------------------------------------------------------------------    -------------------
                         FDCE (Prop_fdce_C_Q)         0.478    -1.115 r  u_crheepto_top/u_core_v_mini_mcu/debug_subsystem_i/dmi_jtag_i/i_dmi_cdc/i_cdc_req/i_dst/ack_dst_q_reg/Q
                         net (fo=47, unplaced)        1.046    -0.069    u_crheepto_top/u_core_v_mini_mcu/debug_subsystem_i/dmi_jtag_i/i_dmi_cdc/i_cdc_req/i_cdc_reset_ctrlr/i_cdc_reset_ctrlr_half_b/i_state_transition_cdc_dst/write_pointer_q_reg[0]_0
                         LUT6 (Prop_lut6_I0_O)        0.295     0.226 r  u_crheepto_top/u_core_v_mini_mcu/debug_subsystem_i/dmi_jtag_i/i_dmi_cdc/i_cdc_req/i_cdc_reset_ctrlr/i_cdc_reset_ctrlr_half_b/i_state_transition_cdc_dst/status_cnt_q[1]_i_3__0/O
                         net (fo=7, unplaced)         0.484     0.710    u_crheepto_top/u_core_v_mini_mcu/debug_subsystem_i/dmi_jtag_i/i_dmi_cdc/i_cdc_req/i_dst/state_q_reg[0]_0
                         LUT6 (Prop_lut6_I3_O)        0.124     0.834 r  u_crheepto_top/u_core_v_mini_mcu/debug_subsystem_i/dmi_jtag_i/i_dmi_cdc/i_cdc_req/i_dst/cmderr_q[2]_i_8/O
                         net (fo=1, unplaced)         0.902     1.736    u_crheepto_top/u_core_v_mini_mcu/debug_subsystem_i/dmi_jtag_i/i_dmi_cdc/i_cdc_req/i_dst/cmderr_q[2]_i_8_n_0
                         LUT5 (Prop_lut5_I0_O)        0.124     1.860 r  u_crheepto_top/u_core_v_mini_mcu/debug_subsystem_i/dmi_jtag_i/i_dmi_cdc/i_cdc_req/i_dst/cmderr_q[2]_i_3/O
                         net (fo=3, unplaced)         0.467     2.327    u_crheepto_top/u_core_v_mini_mcu/debug_subsystem_i/dm_obi_top_i/i_dm_top/i_dm_csrs/cmderr_q_reg[0]_2
                         LUT6 (Prop_lut6_I4_O)        0.124     2.451 r  u_crheepto_top/u_core_v_mini_mcu/debug_subsystem_i/dm_obi_top_i/i_dm_top/i_dm_csrs/cmderr_q[0]_i_1/O
                         net (fo=1, unplaced)         0.000     2.451    u_crheepto_top/u_core_v_mini_mcu/debug_subsystem_i/dm_obi_top_i/i_dm_top/i_dm_csrs/cmderr_q[0]_i_1_n_0
                         FDCE                                         r  u_crheepto_top/u_core_v_mini_mcu/debug_subsystem_i/dm_obi_top_i/i_dm_top/i_dm_csrs/cmderr_q_reg[0]/D
  -------------------------------------------------------------------    -------------------

                         max delay                   20.000    20.000    
    H16                                               0.000    20.000 r  clk_i (INOUT)
                         net (fo=0)                   0.000    20.000    xilinx_clk_wizard_wrapper_i/xilinx_clk_wizard_i/clk_wiz_0/inst/clk_in1
    H16                  IBUF (Prop_ibuf_I_O)         1.380    21.380 r  xilinx_clk_wizard_wrapper_i/xilinx_clk_wizard_i/clk_wiz_0/inst/clkin1_ibufg/O
                         net (fo=1, unplaced)         0.439    21.819    xilinx_clk_wizard_wrapper_i/xilinx_clk_wizard_i/clk_wiz_0/inst/clk_in1_xilinx_clk_wizard_clk_wiz_0_0
                         MMCME2_ADV (Prop_mmcme2_adv_CLKIN1_CLKOUT0)
                                                     -5.378    16.442 r  xilinx_clk_wizard_wrapper_i/xilinx_clk_wizard_i/clk_wiz_0/inst/mmcm_adv_inst/CLKOUT0
                         net (fo=1, unplaced)         0.760    17.201    xilinx_clk_wizard_wrapper_i/xilinx_clk_wizard_i/clk_wiz_0/inst/clk_out1_xilinx_clk_wizard_clk_wiz_0_0
                         BUFG (Prop_bufg_I_O)         0.091    17.292 r  xilinx_clk_wizard_wrapper_i/xilinx_clk_wizard_i/clk_wiz_0/inst/clkout1_buf/O
                         net (fo=37312, unplaced)     0.439    17.731    u_crheepto_top/u_core_v_mini_mcu/debug_subsystem_i/dm_obi_top_i/i_dm_top/i_dm_csrs/clk_out1_0
                         FDCE                                         r  u_crheepto_top/u_core_v_mini_mcu/debug_subsystem_i/dm_obi_top_i/i_dm_top/i_dm_csrs/cmderr_q_reg[0]/C
                         clock pessimism              0.530    18.262    
                         clock uncertainty           -0.159    18.102    
                         FDCE (Setup_fdce_C_D)        0.044    18.146    u_crheepto_top/u_core_v_mini_mcu/debug_subsystem_i/dm_obi_top_i/i_dm_top/i_dm_csrs/cmderr_q_reg[0]
  -------------------------------------------------------------------
                         required time                         18.146    
                         arrival time                          -2.451    
  -------------------------------------------------------------------
                         slack                                 15.696    





Min Delay Paths
--------------------------------------------------------------------------------------
Slack (VIOLATED) :        -0.202ns  (arrival time - required time)
  Source:                 u_crheepto_top/u_core_v_mini_mcu/peripheral_subsystem_i/i2s_i/i2s_core_i/i2s_clk_gen_i/gate_en_q_reg/C
                            (rising edge-triggered cell FDCE clocked by clk_out1_xilinx_clk_wizard_clk_wiz_0_0  {rise@0.000ns fall@33.333ns period=66.667ns})
  Destination:            u_crheepto_top/u_core_v_mini_mcu/peripheral_subsystem_i/i2s_i/i2s_core_i/i2s_clk_gen_i/gate_is_open_q_reg/D
                            (rising edge-triggered cell FDCE clocked by clk_out1_xilinx_clk_wizard_clk_wiz_0_0  {rise@0.000ns fall@33.333ns period=66.667ns})
  Path Group:             clk_out1_xilinx_clk_wizard_clk_wiz_0_0
  Path Type:              Hold (Min at Slow Process Corner)
  Requirement:            0.000ns  (clk_out1_xilinx_clk_wizard_clk_wiz_0_0 rise@0.000ns - clk_out1_xilinx_clk_wizard_clk_wiz_0_0 rise@0.000ns)
  Data Path Delay:        0.918ns  (logic 0.623ns (67.832%)  route 0.295ns (32.168%))
  Logic Levels:           1  (LUT2=1)
  Clock Path Skew:        0.830ns (DCD - SCD - CPR)
    Destination Clock Delay (DCD):    -0.908ns
    Source Clock Delay      (SCD):    -2.269ns
    Clock Pessimism Removal (CPR):    0.530ns

    Location             Delay type                Incr(ns)  Path(ns)    Netlist Resource(s)
  -------------------------------------------------------------------    -------------------
                         (clock clk_out1_xilinx_clk_wizard_clk_wiz_0_0 rise edge)
                                                      0.000     0.000 r  
    H16                                               0.000     0.000 r  clk_i (INOUT)
                         net (fo=0)                   0.000     0.000    xilinx_clk_wizard_wrapper_i/xilinx_clk_wizard_i/clk_wiz_0/inst/clk_in1
    H16                  IBUF (Prop_ibuf_I_O)         1.380     1.380 r  xilinx_clk_wizard_wrapper_i/xilinx_clk_wizard_i/clk_wiz_0/inst/clkin1_ibufg/O
                         net (fo=1, unplaced)         0.439     1.819    xilinx_clk_wizard_wrapper_i/xilinx_clk_wizard_i/clk_wiz_0/inst/clk_in1_xilinx_clk_wizard_clk_wiz_0_0
                         MMCME2_ADV (Prop_mmcme2_adv_CLKIN1_CLKOUT0)
                                                     -5.378    -3.558 r  xilinx_clk_wizard_wrapper_i/xilinx_clk_wizard_i/clk_wiz_0/inst/mmcm_adv_inst/CLKOUT0
                         net (fo=1, unplaced)         0.760    -2.799    xilinx_clk_wizard_wrapper_i/xilinx_clk_wizard_i/clk_wiz_0/inst/clk_out1_xilinx_clk_wizard_clk_wiz_0_0
                         BUFG (Prop_bufg_I_O)         0.091    -2.708 r  xilinx_clk_wizard_wrapper_i/xilinx_clk_wizard_i/clk_wiz_0/inst/clkout1_buf/O
                         net (fo=37312, unplaced)     0.439    -2.269    u_crheepto_top/u_core_v_mini_mcu/peripheral_subsystem_i/i2s_i/i2s_core_i/i2s_clk_gen_i/clk_out1_0
                         FDCE                                         r  u_crheepto_top/u_core_v_mini_mcu/peripheral_subsystem_i/i2s_i/i2s_core_i/i2s_clk_gen_i/gate_en_q_reg/C
  -------------------------------------------------------------------    -------------------
                         FDCE (Prop_fdce_C_Q)         0.385    -1.884 r  u_crheepto_top/u_core_v_mini_mcu/peripheral_subsystem_i/i2s_i/i2s_core_i/i2s_clk_gen_i/gate_en_q_reg/Q
                         net (fo=1, unplaced)         0.295    -1.588    u_crheepto_top/u_core_v_mini_mcu/peripheral_subsystem_i/i2s_i/i2s_reg_top_i/u_control_en/gate_en_q
                         LUT2 (Prop_lut2_I1_O)        0.238    -1.350 r  u_crheepto_top/u_core_v_mini_mcu/peripheral_subsystem_i/i2s_i/i2s_reg_top_i/u_control_en/gate_is_open_q_i_1/O
                         net (fo=1, unplaced)         0.000    -1.350    u_crheepto_top/u_core_v_mini_mcu/peripheral_subsystem_i/i2s_i/i2s_core_i/i2s_clk_gen_i/gate_is_open_q0
                         FDCE                                         r  u_crheepto_top/u_core_v_mini_mcu/peripheral_subsystem_i/i2s_i/i2s_core_i/i2s_clk_gen_i/gate_is_open_q_reg/D
  -------------------------------------------------------------------    -------------------

                         (clock clk_out1_xilinx_clk_wizard_clk_wiz_0_0 rise edge)
                                                      0.000     0.000 r  
    H16                                               0.000     0.000 r  clk_i (INOUT)
                         net (fo=0)                   0.000     0.000    xilinx_clk_wizard_wrapper_i/xilinx_clk_wizard_i/clk_wiz_0/inst/clk_in1
    H16                  IBUF (Prop_ibuf_I_O)         1.451     1.451 r  xilinx_clk_wizard_wrapper_i/xilinx_clk_wizard_i/clk_wiz_0/inst/clkin1_ibufg/O
                         net (fo=1, unplaced)         0.584     2.035    xilinx_clk_wizard_wrapper_i/xilinx_clk_wizard_i/clk_wiz_0/inst/clk_in1_xilinx_clk_wizard_clk_wiz_0_0
                         MMCME2_ADV (Prop_mmcme2_adv_CLKIN1_CLKOUT0)
                                                     -5.113    -3.078 r  xilinx_clk_wizard_wrapper_i/xilinx_clk_wizard_i/clk_wiz_0/inst/mmcm_adv_inst/CLKOUT0
                         net (fo=1, unplaced)         0.800    -2.278    xilinx_clk_wizard_wrapper_i/xilinx_clk_wizard_i/clk_wiz_0/inst/clk_out1_xilinx_clk_wizard_clk_wiz_0_0
                         BUFG (Prop_bufg_I_O)         0.101    -2.177 r  xilinx_clk_wizard_wrapper_i/xilinx_clk_wizard_i/clk_wiz_0/inst/clkout1_buf/O
                         net (fo=37312, unplaced)     0.584    -1.593    u_crheepto_top/u_core_v_mini_mcu/peripheral_subsystem_i/i2s_i/i2s_core_i/i2s_clk_gen_i/i_clk_bypass_mux/xilinx_i_clk_mux2_i/clk_out1_0
                         BUFGCTRL (Prop_bufgctrl_I1_O)
                                                      0.101    -1.492 r  u_crheepto_top/u_core_v_mini_mcu/peripheral_subsystem_i/i2s_i/i2s_core_i/i2s_clk_gen_i/i_clk_bypass_mux/xilinx_i_clk_mux2_i/i_BUFGMUX/O
                         net (fo=224, unplaced)       0.584    -0.908    u_crheepto_top/u_core_v_mini_mcu/peripheral_subsystem_i/i2s_i/i2s_core_i/i2s_clk_gen_i/CLK
                         FDCE                                         r  u_crheepto_top/u_core_v_mini_mcu/peripheral_subsystem_i/i2s_i/i2s_core_i/i2s_clk_gen_i/gate_is_open_q_reg/C
                         clock pessimism             -0.530    -1.439    
                         FDCE (Hold_fdce_C_D)         0.290    -1.149    u_crheepto_top/u_core_v_mini_mcu/peripheral_subsystem_i/i2s_i/i2s_core_i/i2s_clk_gen_i/gate_is_open_q_reg
  -------------------------------------------------------------------
                         required time                          1.149    
                         arrival time                          -1.350    
  -------------------------------------------------------------------
                         slack                                 -0.202    





Pulse Width Checks
--------------------------------------------------------------------------------------
Clock Name:         clk_out1_xilinx_clk_wizard_clk_wiz_0_0
Waveform(ns):       { 0.000 33.333 }
Period(ns):         66.667
Sources:            { xilinx_clk_wizard_wrapper_i/xilinx_clk_wizard_i/clk_wiz_0/inst/mmcm_adv_inst/CLKOUT0 }

Check Type        Corner  Lib Pin             Reference Pin  Required(ns)  Actual(ns)  Slack(ns)  Location  Pin
Min Period        n/a     RAMB36E1/CLKARDCLK  n/a            2.576         66.667      64.091               <hidden>
Max Period        n/a     MMCME2_ADV/CLKOUT0  n/a            213.360       66.667      146.693              xilinx_clk_wizard_wrapper_i/xilinx_clk_wizard_i/clk_wiz_0/inst/mmcm_adv_inst/CLKOUT0
Low Pulse Width   Slow    FDCE/C              n/a            0.500         33.333      32.833               clk_count_reg[0]/C
High Pulse Width  Slow    FDCE/C              n/a            0.500         33.333      32.833               clk_count_reg[0]/C



---------------------------------------------------------------------------------------------------
From Clock:  clkfbout_xilinx_clk_wizard_clk_wiz_0_0
  To Clock:  clkfbout_xilinx_clk_wizard_clk_wiz_0_0

Setup :           NA  Failing Endpoints,  Worst Slack           NA  ,  Total Violation           NA
Hold  :           NA  Failing Endpoints,  Worst Slack           NA  ,  Total Violation           NA
PW    :            0  Failing Endpoints,  Worst Slack       37.845ns,  Total Violation        0.000ns
---------------------------------------------------------------------------------------------------


Pulse Width Checks
--------------------------------------------------------------------------------------
Clock Name:         clkfbout_xilinx_clk_wizard_clk_wiz_0_0
Waveform(ns):       { 0.000 20.000 }
Period(ns):         40.000
Sources:            { xilinx_clk_wizard_wrapper_i/xilinx_clk_wizard_i/clk_wiz_0/inst/mmcm_adv_inst/CLKFBOUT }

Check Type  Corner  Lib Pin             Reference Pin  Required(ns)  Actual(ns)  Slack(ns)  Location  Pin
Min Period  n/a     BUFG/I              n/a            2.155         40.000      37.845               xilinx_clk_wizard_wrapper_i/xilinx_clk_wizard_i/clk_wiz_0/inst/clkf_buf/I
Max Period  n/a     MMCME2_ADV/CLKFBIN  n/a            100.000       40.000      60.000               xilinx_clk_wizard_wrapper_i/xilinx_clk_wizard_i/clk_wiz_0/inst/mmcm_adv_inst/CLKFBIN



---------------------------------------------------------------------------------------------------
From Clock:  jtag_clk_pin
  To Clock:  jtag_clk_pin

Setup :            0  Failing Endpoints,  Worst Slack        2.340ns,  Total Violation        0.000ns
Hold  :            0  Failing Endpoints,  Worst Slack        0.045ns,  Total Violation        0.000ns
PW    :            0  Failing Endpoints,  Worst Slack        4.500ns,  Total Violation        0.000ns
---------------------------------------------------------------------------------------------------


Max Delay Paths
--------------------------------------------------------------------------------------
Slack (MET) :             2.340ns  (required time - arrival time)
  Source:                 u_crheepto_top/u_core_v_mini_mcu/debug_subsystem_i/dmi_jtag_i/dr_q_reg[0]/C
                            (rising edge-triggered cell FDCE clocked by jtag_clk_pin  {rise@0.000ns fall@5.000ns period=100.000ns})
  Destination:            u_crheepto_top/u_core_v_mini_mcu/debug_subsystem_i/dmi_jtag_i/i_dmi_jtag_tap/td_o_reg/D
                            (rising edge-triggered cell FDCE clocked by jtag_clk_pin'  {rise@0.000ns fall@5.000ns period=100.000ns})
  Path Group:             jtag_clk_pin
  Path Type:              Setup (Max at Slow Process Corner)
  Requirement:            5.000ns  (jtag_clk_pin fall@5.000ns - jtag_clk_pin rise@0.000ns)
  Data Path Delay:        2.908ns  (logic 1.021ns (35.110%)  route 1.887ns (64.890%))
  Logic Levels:           3  (LUT3=1 LUT5=1 LUT6=1)
  Clock Path Skew:        0.239ns (DCD - SCD + CPR)
    Destination Clock Delay (DCD):    2.936ns = ( 7.936 - 5.000 ) 
    Source Clock Delay      (SCD):    2.768ns
    Clock Pessimism Removal (CPR):    0.071ns
  Clock Uncertainty:      0.035ns  ((TSJ^2 + TIJ^2)^1/2 + DJ) / 2 + PE
    Total System Jitter     (TSJ):    0.071ns
    Total Input Jitter      (TIJ):    0.000ns
    Discrete Jitter          (DJ):    0.000ns
    Phase Error              (PE):    0.000ns

    Location             Delay type                Incr(ns)  Path(ns)    Netlist Resource(s)
  -------------------------------------------------------------------    -------------------
                         (clock jtag_clk_pin rise edge)
                                                      0.000     0.000 r  
    W16                                               0.000     0.000 r  jtag_tck_i (INOUT)
                         net (fo=0)                   0.000     0.000    jtag_tck_i
    W16                  IBUF (Prop_ibuf_I_O)         1.499     1.499 r  jtag_tck_i_IBUF_inst/O
                         net (fo=3, unplaced)         0.584     2.083    jtag_tck_i_IBUF
                         BUFG (Prop_bufg_I_O)         0.101     2.184 r  jtag_tck_i_IBUF_BUFG_inst/O
                         net (fo=303, unplaced)       0.584     2.768    u_crheepto_top/u_core_v_mini_mcu/debug_subsystem_i/dmi_jtag_i/jtag_tck_i_IBUF_BUFG
                         FDCE                                         r  u_crheepto_top/u_core_v_mini_mcu/debug_subsystem_i/dmi_jtag_i/dr_q_reg[0]/C
  -------------------------------------------------------------------    -------------------
                         FDCE (Prop_fdce_C_Q)         0.478     3.246 r  u_crheepto_top/u_core_v_mini_mcu/debug_subsystem_i/dmi_jtag_i/dr_q_reg[0]/Q
                         net (fo=4, unplaced)         0.989     4.235    u_crheepto_top/u_core_v_mini_mcu/debug_subsystem_i/dmi_jtag_i/i_dmi_jtag_tap/Q[0]
                         LUT6 (Prop_lut6_I0_O)        0.295     4.530 r  u_crheepto_top/u_core_v_mini_mcu/debug_subsystem_i/dmi_jtag_i/i_dmi_jtag_tap/td_o_i_3/O
                         net (fo=1, unplaced)         0.449     4.979    u_crheepto_top/u_core_v_mini_mcu/debug_subsystem_i/dmi_jtag_i/i_dmi_jtag_tap/td_o_i_3_n_0
                         LUT5 (Prop_lut5_I4_O)        0.124     5.103 r  u_crheepto_top/u_core_v_mini_mcu/debug_subsystem_i/dmi_jtag_i/i_dmi_jtag_tap/td_o_i_2/O
                         net (fo=1, unplaced)         0.449     5.552    u_crheepto_top/u_core_v_mini_mcu/debug_subsystem_i/dmi_jtag_i/i_dmi_jtag_tap/td_o_i_2_n_0
                         LUT3 (Prop_lut3_I2_O)        0.124     5.676 r  u_crheepto_top/u_core_v_mini_mcu/debug_subsystem_i/dmi_jtag_i/i_dmi_jtag_tap/td_o_i_1/O
                         net (fo=1, unplaced)         0.000     5.676    u_crheepto_top/u_core_v_mini_mcu/debug_subsystem_i/dmi_jtag_i/i_dmi_jtag_tap/td_o_i_1_n_0
                         FDCE                                         r  u_crheepto_top/u_core_v_mini_mcu/debug_subsystem_i/dmi_jtag_i/i_dmi_jtag_tap/td_o_reg/D
  -------------------------------------------------------------------    -------------------

                         (clock jtag_clk_pin fall edge)
                                                      5.000     5.000 f  
    W16                                               0.000     5.000 f  jtag_tck_i (INOUT)
                         net (fo=0)                   0.000     5.000    jtag_tck_i
    W16                  IBUF (Prop_ibuf_I_O)         1.428     6.428 f  jtag_tck_i_IBUF_inst/O
                         net (fo=3, unplaced)         0.439     6.867    u_crheepto_top/u_core_v_mini_mcu/debug_subsystem_i/dmi_jtag_i/i_dmi_jtag_tap/i_dft_tck_mux/xilinx_i_clk_mux2_i/jtag_tck_i_IBUF
                         LUT1 (Prop_lut1_I0_O)        0.100     6.967 r  u_crheepto_top/u_core_v_mini_mcu/debug_subsystem_i/dmi_jtag_i/i_dmi_jtag_tap/i_dft_tck_mux/xilinx_i_clk_mux2_i/i_BUFGMUX_i_1__0/O
                         net (fo=1, unplaced)         0.439     7.406    u_crheepto_top/u_core_v_mini_mcu/debug_subsystem_i/dmi_jtag_i/i_dmi_jtag_tap/i_dft_tck_mux/xilinx_i_clk_mux2_i/tck_ni
                         BUFGCTRL (Prop_bufgctrl_I0_O)
                                                      0.091     7.497 r  u_crheepto_top/u_core_v_mini_mcu/debug_subsystem_i/dmi_jtag_i/i_dmi_jtag_tap/i_dft_tck_mux/xilinx_i_clk_mux2_i/i_BUFGMUX/O
                         net (fo=1, unplaced)         0.439     7.936    u_crheepto_top/u_core_v_mini_mcu/debug_subsystem_i/dmi_jtag_i/i_dmi_jtag_tap/tck_n
                         FDCE                                         r  u_crheepto_top/u_core_v_mini_mcu/debug_subsystem_i/dmi_jtag_i/i_dmi_jtag_tap/td_o_reg/C
                         clock pessimism              0.071     8.007    
                         clock uncertainty           -0.035     7.971    
                         FDCE (Setup_fdce_C_D)        0.044     8.015    u_crheepto_top/u_core_v_mini_mcu/debug_subsystem_i/dmi_jtag_i/i_dmi_jtag_tap/td_o_reg
  -------------------------------------------------------------------
                         required time                          8.015    
                         arrival time                          -5.676    
  -------------------------------------------------------------------
                         slack                                  2.340    





Min Delay Paths
--------------------------------------------------------------------------------------
Slack (MET) :             0.045ns  (arrival time - required time)
  Source:                 u_crheepto_top/u_core_v_mini_mcu/debug_subsystem_i/dmi_jtag_i/i_dmi_cdc/i_cdc_req/i_cdc_reset_ctrlr/i_cdc_reset_ctrlr_half_a/i_state_transition_cdc_dst/i_sync/reg_q_reg[0]/C
                            (rising edge-triggered cell FDCE clocked by jtag_clk_pin  {rise@0.000ns fall@5.000ns period=100.000ns})
  Destination:            u_crheepto_top/u_core_v_mini_mcu/debug_subsystem_i/dmi_jtag_i/i_dmi_cdc/i_cdc_req/i_cdc_reset_ctrlr/i_cdc_reset_ctrlr_half_a/i_state_transition_cdc_dst/i_sync/reg_q_reg[1]/D
                            (rising edge-triggered cell FDCE clocked by jtag_clk_pin  {rise@0.000ns fall@5.000ns period=100.000ns})
  Path Group:             jtag_clk_pin
  Path Type:              Hold (Min at Fast Process Corner)
  Requirement:            0.000ns  (jtag_clk_pin rise@0.000ns - jtag_clk_pin rise@0.000ns)
  Data Path Delay:        0.228ns  (logic 0.147ns (64.493%)  route 0.081ns (35.507%))
  Logic Levels:           0  
  Clock Path Skew:        0.145ns (DCD - SCD - CPR)
    Destination Clock Delay (DCD):    1.001ns
    Source Clock Delay      (SCD):    0.520ns
    Clock Pessimism Removal (CPR):    0.336ns

    Location             Delay type                Incr(ns)  Path(ns)    Netlist Resource(s)
  -------------------------------------------------------------------    -------------------
                         (clock jtag_clk_pin rise edge)
                                                      0.000     0.000 r  
    W16                                               0.000     0.000 r  jtag_tck_i (INOUT)
                         net (fo=0)                   0.000     0.000    jtag_tck_i
    W16                  IBUF (Prop_ibuf_I_O)         0.266     0.266 r  jtag_tck_i_IBUF_inst/O
                         net (fo=3, unplaced)         0.114     0.380    jtag_tck_i_IBUF
                         BUFG (Prop_bufg_I_O)         0.026     0.406 r  jtag_tck_i_IBUF_BUFG_inst/O
                         net (fo=303, unplaced)       0.114     0.520    u_crheepto_top/u_core_v_mini_mcu/debug_subsystem_i/dmi_jtag_i/i_dmi_cdc/i_cdc_req/i_cdc_reset_ctrlr/i_cdc_reset_ctrlr_half_a/i_state_transition_cdc_dst/i_sync/jtag_tck_i_IBUF_BUFG
                         FDCE                                         r  u_crheepto_top/u_core_v_mini_mcu/debug_subsystem_i/dmi_jtag_i/i_dmi_cdc/i_cdc_req/i_cdc_reset_ctrlr/i_cdc_reset_ctrlr_half_a/i_state_transition_cdc_dst/i_sync/reg_q_reg[0]/C
  -------------------------------------------------------------------    -------------------
                         FDCE (Prop_fdce_C_Q)         0.147     0.667 r  u_crheepto_top/u_core_v_mini_mcu/debug_subsystem_i/dmi_jtag_i/i_dmi_cdc/i_cdc_req/i_cdc_reset_ctrlr/i_cdc_reset_ctrlr_half_a/i_state_transition_cdc_dst/i_sync/reg_q_reg[0]/Q
                         net (fo=1, unplaced)         0.081     0.748    u_crheepto_top/u_core_v_mini_mcu/debug_subsystem_i/dmi_jtag_i/i_dmi_cdc/i_cdc_req/i_cdc_reset_ctrlr/i_cdc_reset_ctrlr_half_a/i_state_transition_cdc_dst/i_sync/reg_q[0]
                         FDCE                                         r  u_crheepto_top/u_core_v_mini_mcu/debug_subsystem_i/dmi_jtag_i/i_dmi_cdc/i_cdc_req/i_cdc_reset_ctrlr/i_cdc_reset_ctrlr_half_a/i_state_transition_cdc_dst/i_sync/reg_q_reg[1]/D
  -------------------------------------------------------------------    -------------------

                         (clock jtag_clk_pin rise edge)
                                                      0.000     0.000 r  
    W16                                               0.000     0.000 r  jtag_tck_i (INOUT)
                         net (fo=0)                   0.000     0.000    jtag_tck_i
    W16                  IBUF (Prop_ibuf_I_O)         0.454     0.454 r  jtag_tck_i_IBUF_inst/O
                         net (fo=3, unplaced)         0.259     0.713    jtag_tck_i_IBUF
                         BUFG (Prop_bufg_I_O)         0.029     0.742 r  jtag_tck_i_IBUF_BUFG_inst/O
                         net (fo=303, unplaced)       0.259     1.001    u_crheepto_top/u_core_v_mini_mcu/debug_subsystem_i/dmi_jtag_i/i_dmi_cdc/i_cdc_req/i_cdc_reset_ctrlr/i_cdc_reset_ctrlr_half_a/i_state_transition_cdc_dst/i_sync/jtag_tck_i_IBUF_BUFG
                         FDCE                                         r  u_crheepto_top/u_core_v_mini_mcu/debug_subsystem_i/dmi_jtag_i/i_dmi_cdc/i_cdc_req/i_cdc_reset_ctrlr/i_cdc_reset_ctrlr_half_a/i_state_transition_cdc_dst/i_sync/reg_q_reg[1]/C
                         clock pessimism             -0.336     0.665    
                         FDCE (Hold_fdce_C_D)         0.038     0.703    u_crheepto_top/u_core_v_mini_mcu/debug_subsystem_i/dmi_jtag_i/i_dmi_cdc/i_cdc_req/i_cdc_reset_ctrlr/i_cdc_reset_ctrlr_half_a/i_state_transition_cdc_dst/i_sync/reg_q_reg[1]
  -------------------------------------------------------------------
                         required time                         -0.703    
                         arrival time                           0.748    
  -------------------------------------------------------------------
                         slack                                  0.045    





Pulse Width Checks
--------------------------------------------------------------------------------------
Clock Name:         jtag_clk_pin
Waveform(ns):       { 0.000 5.000 }
Period(ns):         100.000
Sources:            { jtag_tck_i }

Check Type        Corner  Lib Pin  Reference Pin  Required(ns)  Actual(ns)  Slack(ns)  Location  Pin
Min Period        n/a     BUFG/I   n/a            2.155         100.000     97.845               jtag_tck_i_IBUF_BUFG_inst/I
Low Pulse Width   Slow    FDCE/C   n/a            0.500         5.000       4.500                u_crheepto_top/u_core_v_mini_mcu/debug_subsystem_i/dmi_jtag_i/i_dmi_jtag_tap/td_o_reg/C
High Pulse Width  Slow    FDCE/C   n/a            0.500         5.000       4.500                u_crheepto_top/u_core_v_mini_mcu/debug_subsystem_i/dmi_jtag_i/FSM_sequential_state_q_reg[0]/C



---------------------------------------------------------------------------------------------------
From Clock:  sys_clk_pin
  To Clock:  sys_clk_pin

Setup :           NA  Failing Endpoints,  Worst Slack           NA  ,  Total Violation           NA
Hold  :           NA  Failing Endpoints,  Worst Slack           NA  ,  Total Violation           NA
PW    :            0  Failing Endpoints,  Worst Slack        1.000ns,  Total Violation        0.000ns
---------------------------------------------------------------------------------------------------


Pulse Width Checks
--------------------------------------------------------------------------------------
Clock Name:         sys_clk_pin
Waveform(ns):       { 0.000 5.000 }
Period(ns):         8.000
Sources:            { clk_i }

Check Type        Corner  Lib Pin            Reference Pin  Required(ns)  Actual(ns)  Slack(ns)  Location  Pin
Min Period        n/a     MMCME2_ADV/CLKIN1  n/a            1.249         8.000       6.751                xilinx_clk_wizard_wrapper_i/xilinx_clk_wizard_i/clk_wiz_0/inst/mmcm_adv_inst/CLKIN1
Max Period        n/a     MMCME2_ADV/CLKIN1  n/a            100.000       8.000       92.000               xilinx_clk_wizard_wrapper_i/xilinx_clk_wizard_i/clk_wiz_0/inst/mmcm_adv_inst/CLKIN1
Low Pulse Width   Slow    MMCME2_ADV/CLKIN1  n/a            2.000         3.000       1.000                xilinx_clk_wizard_wrapper_i/xilinx_clk_wizard_i/clk_wiz_0/inst/mmcm_adv_inst/CLKIN1
High Pulse Width  Slow    MMCME2_ADV/CLKIN1  n/a            2.000         5.000       3.000                xilinx_clk_wizard_wrapper_i/xilinx_clk_wizard_i/clk_wiz_0/inst/mmcm_adv_inst/CLKIN1



---------------------------------------------------------------------------------------------------
From Clock:  clk_out1_xilinx_clk_wizard_clk_wiz_0_0_1
  To Clock:  clk_out1_xilinx_clk_wizard_clk_wiz_0_0_1

Setup :            0  Failing Endpoints,  Worst Slack       15.708ns,  Total Violation        0.000ns
Hold  :            8  Failing Endpoints,  Worst Slack       -0.202ns,  Total Violation       -1.183ns
PW    :            0  Failing Endpoints,  Worst Slack       32.833ns,  Total Violation        0.000ns
---------------------------------------------------------------------------------------------------


Max Delay Paths
--------------------------------------------------------------------------------------
Slack (MET) :             15.708ns  (required time - arrival time)
  Source:                 u_crheepto_top/u_core_v_mini_mcu/debug_subsystem_i/dmi_jtag_i/i_dmi_cdc/i_cdc_req/i_dst/ack_dst_q_reg/C
                            (rising edge-triggered cell FDCE clocked by clk_out1_xilinx_clk_wizard_clk_wiz_0_0_1  {rise@0.000ns fall@33.333ns period=66.667ns})
  Destination:            u_crheepto_top/u_core_v_mini_mcu/debug_subsystem_i/dm_obi_top_i/i_dm_top/i_dm_csrs/cmderr_q_reg[0]/D
                            (rising edge-triggered cell FDCE clocked by clk_out1_xilinx_clk_wizard_clk_wiz_0_0_1  {rise@0.000ns fall@33.333ns period=66.667ns})
  Path Group:             clk_out1_xilinx_clk_wizard_clk_wiz_0_0_1
  Path Type:              Setup (Max at Slow Process Corner)
  Requirement:            20.000ns  (MaxDelay Path 20.000ns)
  Data Path Delay:        4.044ns  (logic 1.145ns (28.314%)  route 2.899ns (71.686%))
  Logic Levels:           4  (LUT5=1 LUT6=3)
  Clock Path Skew:        -0.145ns (DCD - SCD + CPR)
    Destination Clock Delay (DCD):    -2.269ns
    Source Clock Delay      (SCD):    -1.593ns
    Clock Pessimism Removal (CPR):    0.530ns
  Clock Uncertainty:      0.147ns  ((TSJ^2 + DJ^2)^1/2) / 2 + PE
    Total System Jitter     (TSJ):    0.071ns
    Discrete Jitter          (DJ):    0.285ns
    Phase Error              (PE):    0.000ns
  Timing Exception:       MaxDelay Path 20.000ns

    Location             Delay type                Incr(ns)  Path(ns)    Netlist Resource(s)
  -------------------------------------------------------------------    -------------------
                         (clock clk_out1_xilinx_clk_wizard_clk_wiz_0_0_1 rise edge)
                                                      0.000     0.000 r  
    H16                                               0.000     0.000 r  clk_i (INOUT)
                         net (fo=0)                   0.000     0.000    xilinx_clk_wizard_wrapper_i/xilinx_clk_wizard_i/clk_wiz_0/inst/clk_in1
    H16                  IBUF (Prop_ibuf_I_O)         1.451     1.451 r  xilinx_clk_wizard_wrapper_i/xilinx_clk_wizard_i/clk_wiz_0/inst/clkin1_ibufg/O
                         net (fo=1, unplaced)         0.584     2.035    xilinx_clk_wizard_wrapper_i/xilinx_clk_wizard_i/clk_wiz_0/inst/clk_in1_xilinx_clk_wizard_clk_wiz_0_0
                         MMCME2_ADV (Prop_mmcme2_adv_CLKIN1_CLKOUT0)
                                                     -5.113    -3.078 r  xilinx_clk_wizard_wrapper_i/xilinx_clk_wizard_i/clk_wiz_0/inst/mmcm_adv_inst/CLKOUT0
                         net (fo=1, unplaced)         0.800    -2.278    xilinx_clk_wizard_wrapper_i/xilinx_clk_wizard_i/clk_wiz_0/inst/clk_out1_xilinx_clk_wizard_clk_wiz_0_0
                         BUFG (Prop_bufg_I_O)         0.101    -2.177 r  xilinx_clk_wizard_wrapper_i/xilinx_clk_wizard_i/clk_wiz_0/inst/clkout1_buf/O
                         net (fo=37312, unplaced)     0.584    -1.593    u_crheepto_top/u_core_v_mini_mcu/debug_subsystem_i/dmi_jtag_i/i_dmi_cdc/i_cdc_req/i_dst/clk_out1_0
                         FDCE                                         r  u_crheepto_top/u_core_v_mini_mcu/debug_subsystem_i/dmi_jtag_i/i_dmi_cdc/i_cdc_req/i_dst/ack_dst_q_reg/C
  -------------------------------------------------------------------    -------------------
                         FDCE (Prop_fdce_C_Q)         0.478    -1.115 r  u_crheepto_top/u_core_v_mini_mcu/debug_subsystem_i/dmi_jtag_i/i_dmi_cdc/i_cdc_req/i_dst/ack_dst_q_reg/Q
                         net (fo=47, unplaced)        1.046    -0.069    u_crheepto_top/u_core_v_mini_mcu/debug_subsystem_i/dmi_jtag_i/i_dmi_cdc/i_cdc_req/i_cdc_reset_ctrlr/i_cdc_reset_ctrlr_half_b/i_state_transition_cdc_dst/write_pointer_q_reg[0]_0
                         LUT6 (Prop_lut6_I0_O)        0.295     0.226 r  u_crheepto_top/u_core_v_mini_mcu/debug_subsystem_i/dmi_jtag_i/i_dmi_cdc/i_cdc_req/i_cdc_reset_ctrlr/i_cdc_reset_ctrlr_half_b/i_state_transition_cdc_dst/status_cnt_q[1]_i_3__0/O
                         net (fo=7, unplaced)         0.484     0.710    u_crheepto_top/u_core_v_mini_mcu/debug_subsystem_i/dmi_jtag_i/i_dmi_cdc/i_cdc_req/i_dst/state_q_reg[0]_0
                         LUT6 (Prop_lut6_I3_O)        0.124     0.834 r  u_crheepto_top/u_core_v_mini_mcu/debug_subsystem_i/dmi_jtag_i/i_dmi_cdc/i_cdc_req/i_dst/cmderr_q[2]_i_8/O
                         net (fo=1, unplaced)         0.902     1.736    u_crheepto_top/u_core_v_mini_mcu/debug_subsystem_i/dmi_jtag_i/i_dmi_cdc/i_cdc_req/i_dst/cmderr_q[2]_i_8_n_0
                         LUT5 (Prop_lut5_I0_O)        0.124     1.860 r  u_crheepto_top/u_core_v_mini_mcu/debug_subsystem_i/dmi_jtag_i/i_dmi_cdc/i_cdc_req/i_dst/cmderr_q[2]_i_3/O
                         net (fo=3, unplaced)         0.467     2.327    u_crheepto_top/u_core_v_mini_mcu/debug_subsystem_i/dm_obi_top_i/i_dm_top/i_dm_csrs/cmderr_q_reg[0]_2
                         LUT6 (Prop_lut6_I4_O)        0.124     2.451 r  u_crheepto_top/u_core_v_mini_mcu/debug_subsystem_i/dm_obi_top_i/i_dm_top/i_dm_csrs/cmderr_q[0]_i_1/O
                         net (fo=1, unplaced)         0.000     2.451    u_crheepto_top/u_core_v_mini_mcu/debug_subsystem_i/dm_obi_top_i/i_dm_top/i_dm_csrs/cmderr_q[0]_i_1_n_0
                         FDCE                                         r  u_crheepto_top/u_core_v_mini_mcu/debug_subsystem_i/dm_obi_top_i/i_dm_top/i_dm_csrs/cmderr_q_reg[0]/D
  -------------------------------------------------------------------    -------------------

                         max delay                   20.000    20.000    
    H16                                               0.000    20.000 r  clk_i (INOUT)
                         net (fo=0)                   0.000    20.000    xilinx_clk_wizard_wrapper_i/xilinx_clk_wizard_i/clk_wiz_0/inst/clk_in1
    H16                  IBUF (Prop_ibuf_I_O)         1.380    21.380 r  xilinx_clk_wizard_wrapper_i/xilinx_clk_wizard_i/clk_wiz_0/inst/clkin1_ibufg/O
                         net (fo=1, unplaced)         0.439    21.819    xilinx_clk_wizard_wrapper_i/xilinx_clk_wizard_i/clk_wiz_0/inst/clk_in1_xilinx_clk_wizard_clk_wiz_0_0
                         MMCME2_ADV (Prop_mmcme2_adv_CLKIN1_CLKOUT0)
                                                     -5.378    16.442 r  xilinx_clk_wizard_wrapper_i/xilinx_clk_wizard_i/clk_wiz_0/inst/mmcm_adv_inst/CLKOUT0
                         net (fo=1, unplaced)         0.760    17.201    xilinx_clk_wizard_wrapper_i/xilinx_clk_wizard_i/clk_wiz_0/inst/clk_out1_xilinx_clk_wizard_clk_wiz_0_0
                         BUFG (Prop_bufg_I_O)         0.091    17.292 r  xilinx_clk_wizard_wrapper_i/xilinx_clk_wizard_i/clk_wiz_0/inst/clkout1_buf/O
                         net (fo=37312, unplaced)     0.439    17.731    u_crheepto_top/u_core_v_mini_mcu/debug_subsystem_i/dm_obi_top_i/i_dm_top/i_dm_csrs/clk_out1_0
                         FDCE                                         r  u_crheepto_top/u_core_v_mini_mcu/debug_subsystem_i/dm_obi_top_i/i_dm_top/i_dm_csrs/cmderr_q_reg[0]/C
                         clock pessimism              0.530    18.262    
                         clock uncertainty           -0.147    18.115    
                         FDCE (Setup_fdce_C_D)        0.044    18.159    u_crheepto_top/u_core_v_mini_mcu/debug_subsystem_i/dm_obi_top_i/i_dm_top/i_dm_csrs/cmderr_q_reg[0]
  -------------------------------------------------------------------
                         required time                         18.159    
                         arrival time                          -2.451    
  -------------------------------------------------------------------
                         slack                                 15.708    





Min Delay Paths
--------------------------------------------------------------------------------------
Slack (VIOLATED) :        -0.202ns  (arrival time - required time)
  Source:                 u_crheepto_top/u_core_v_mini_mcu/peripheral_subsystem_i/i2s_i/i2s_core_i/i2s_clk_gen_i/gate_en_q_reg/C
                            (rising edge-triggered cell FDCE clocked by clk_out1_xilinx_clk_wizard_clk_wiz_0_0_1  {rise@0.000ns fall@33.333ns period=66.667ns})
  Destination:            u_crheepto_top/u_core_v_mini_mcu/peripheral_subsystem_i/i2s_i/i2s_core_i/i2s_clk_gen_i/gate_is_open_q_reg/D
                            (rising edge-triggered cell FDCE clocked by clk_out1_xilinx_clk_wizard_clk_wiz_0_0_1  {rise@0.000ns fall@33.333ns period=66.667ns})
  Path Group:             clk_out1_xilinx_clk_wizard_clk_wiz_0_0_1
  Path Type:              Hold (Min at Slow Process Corner)
  Requirement:            0.000ns  (clk_out1_xilinx_clk_wizard_clk_wiz_0_0_1 rise@0.000ns - clk_out1_xilinx_clk_wizard_clk_wiz_0_0_1 rise@0.000ns)
  Data Path Delay:        0.918ns  (logic 0.623ns (67.832%)  route 0.295ns (32.168%))
  Logic Levels:           1  (LUT2=1)
  Clock Path Skew:        0.830ns (DCD - SCD - CPR)
    Destination Clock Delay (DCD):    -0.908ns
    Source Clock Delay      (SCD):    -2.269ns
    Clock Pessimism Removal (CPR):    0.530ns

    Location             Delay type                Incr(ns)  Path(ns)    Netlist Resource(s)
  -------------------------------------------------------------------    -------------------
                         (clock clk_out1_xilinx_clk_wizard_clk_wiz_0_0_1 rise edge)
                                                      0.000     0.000 r  
    H16                                               0.000     0.000 r  clk_i (INOUT)
                         net (fo=0)                   0.000     0.000    xilinx_clk_wizard_wrapper_i/xilinx_clk_wizard_i/clk_wiz_0/inst/clk_in1
    H16                  IBUF (Prop_ibuf_I_O)         1.380     1.380 r  xilinx_clk_wizard_wrapper_i/xilinx_clk_wizard_i/clk_wiz_0/inst/clkin1_ibufg/O
                         net (fo=1, unplaced)         0.439     1.819    xilinx_clk_wizard_wrapper_i/xilinx_clk_wizard_i/clk_wiz_0/inst/clk_in1_xilinx_clk_wizard_clk_wiz_0_0
                         MMCME2_ADV (Prop_mmcme2_adv_CLKIN1_CLKOUT0)
                                                     -5.378    -3.558 r  xilinx_clk_wizard_wrapper_i/xilinx_clk_wizard_i/clk_wiz_0/inst/mmcm_adv_inst/CLKOUT0
                         net (fo=1, unplaced)         0.760    -2.799    xilinx_clk_wizard_wrapper_i/xilinx_clk_wizard_i/clk_wiz_0/inst/clk_out1_xilinx_clk_wizard_clk_wiz_0_0
                         BUFG (Prop_bufg_I_O)         0.091    -2.708 r  xilinx_clk_wizard_wrapper_i/xilinx_clk_wizard_i/clk_wiz_0/inst/clkout1_buf/O
                         net (fo=37312, unplaced)     0.439    -2.269    u_crheepto_top/u_core_v_mini_mcu/peripheral_subsystem_i/i2s_i/i2s_core_i/i2s_clk_gen_i/clk_out1_0
                         FDCE                                         r  u_crheepto_top/u_core_v_mini_mcu/peripheral_subsystem_i/i2s_i/i2s_core_i/i2s_clk_gen_i/gate_en_q_reg/C
  -------------------------------------------------------------------    -------------------
                         FDCE (Prop_fdce_C_Q)         0.385    -1.884 r  u_crheepto_top/u_core_v_mini_mcu/peripheral_subsystem_i/i2s_i/i2s_core_i/i2s_clk_gen_i/gate_en_q_reg/Q
                         net (fo=1, unplaced)         0.295    -1.588    u_crheepto_top/u_core_v_mini_mcu/peripheral_subsystem_i/i2s_i/i2s_reg_top_i/u_control_en/gate_en_q
                         LUT2 (Prop_lut2_I1_O)        0.238    -1.350 r  u_crheepto_top/u_core_v_mini_mcu/peripheral_subsystem_i/i2s_i/i2s_reg_top_i/u_control_en/gate_is_open_q_i_1/O
                         net (fo=1, unplaced)         0.000    -1.350    u_crheepto_top/u_core_v_mini_mcu/peripheral_subsystem_i/i2s_i/i2s_core_i/i2s_clk_gen_i/gate_is_open_q0
                         FDCE                                         r  u_crheepto_top/u_core_v_mini_mcu/peripheral_subsystem_i/i2s_i/i2s_core_i/i2s_clk_gen_i/gate_is_open_q_reg/D
  -------------------------------------------------------------------    -------------------

                         (clock clk_out1_xilinx_clk_wizard_clk_wiz_0_0_1 rise edge)
                                                      0.000     0.000 r  
    H16                                               0.000     0.000 r  clk_i (INOUT)
                         net (fo=0)                   0.000     0.000    xilinx_clk_wizard_wrapper_i/xilinx_clk_wizard_i/clk_wiz_0/inst/clk_in1
    H16                  IBUF (Prop_ibuf_I_O)         1.451     1.451 r  xilinx_clk_wizard_wrapper_i/xilinx_clk_wizard_i/clk_wiz_0/inst/clkin1_ibufg/O
                         net (fo=1, unplaced)         0.584     2.035    xilinx_clk_wizard_wrapper_i/xilinx_clk_wizard_i/clk_wiz_0/inst/clk_in1_xilinx_clk_wizard_clk_wiz_0_0
                         MMCME2_ADV (Prop_mmcme2_adv_CLKIN1_CLKOUT0)
                                                     -5.113    -3.078 r  xilinx_clk_wizard_wrapper_i/xilinx_clk_wizard_i/clk_wiz_0/inst/mmcm_adv_inst/CLKOUT0
                         net (fo=1, unplaced)         0.800    -2.278    xilinx_clk_wizard_wrapper_i/xilinx_clk_wizard_i/clk_wiz_0/inst/clk_out1_xilinx_clk_wizard_clk_wiz_0_0
                         BUFG (Prop_bufg_I_O)         0.101    -2.177 r  xilinx_clk_wizard_wrapper_i/xilinx_clk_wizard_i/clk_wiz_0/inst/clkout1_buf/O
                         net (fo=37312, unplaced)     0.584    -1.593    u_crheepto_top/u_core_v_mini_mcu/peripheral_subsystem_i/i2s_i/i2s_core_i/i2s_clk_gen_i/i_clk_bypass_mux/xilinx_i_clk_mux2_i/clk_out1_0
                         BUFGCTRL (Prop_bufgctrl_I1_O)
                                                      0.101    -1.492 r  u_crheepto_top/u_core_v_mini_mcu/peripheral_subsystem_i/i2s_i/i2s_core_i/i2s_clk_gen_i/i_clk_bypass_mux/xilinx_i_clk_mux2_i/i_BUFGMUX/O
                         net (fo=224, unplaced)       0.584    -0.908    u_crheepto_top/u_core_v_mini_mcu/peripheral_subsystem_i/i2s_i/i2s_core_i/i2s_clk_gen_i/CLK
                         FDCE                                         r  u_crheepto_top/u_core_v_mini_mcu/peripheral_subsystem_i/i2s_i/i2s_core_i/i2s_clk_gen_i/gate_is_open_q_reg/C
                         clock pessimism             -0.530    -1.439    
                         FDCE (Hold_fdce_C_D)         0.290    -1.149    u_crheepto_top/u_core_v_mini_mcu/peripheral_subsystem_i/i2s_i/i2s_core_i/i2s_clk_gen_i/gate_is_open_q_reg
  -------------------------------------------------------------------
                         required time                          1.149    
                         arrival time                          -1.350    
  -------------------------------------------------------------------
                         slack                                 -0.202    





Pulse Width Checks
--------------------------------------------------------------------------------------
Clock Name:         clk_out1_xilinx_clk_wizard_clk_wiz_0_0_1
Waveform(ns):       { 0.000 33.333 }
Period(ns):         66.667
Sources:            { xilinx_clk_wizard_wrapper_i/xilinx_clk_wizard_i/clk_wiz_0/inst/mmcm_adv_inst/CLKOUT0 }

Check Type        Corner  Lib Pin             Reference Pin  Required(ns)  Actual(ns)  Slack(ns)  Location  Pin
Min Period        n/a     RAMB36E1/CLKARDCLK  n/a            2.576         66.667      64.091               <hidden>
Max Period        n/a     MMCME2_ADV/CLKOUT0  n/a            213.360       66.667      146.693              xilinx_clk_wizard_wrapper_i/xilinx_clk_wizard_i/clk_wiz_0/inst/mmcm_adv_inst/CLKOUT0
Low Pulse Width   Slow    FDCE/C              n/a            0.500         33.333      32.833               clk_count_reg[0]/C
High Pulse Width  Slow    FDCE/C              n/a            0.500         33.333      32.833               clk_count_reg[0]/C



---------------------------------------------------------------------------------------------------
From Clock:  clkfbout_xilinx_clk_wizard_clk_wiz_0_0_1
  To Clock:  clkfbout_xilinx_clk_wizard_clk_wiz_0_0_1

Setup :           NA  Failing Endpoints,  Worst Slack           NA  ,  Total Violation           NA
Hold  :           NA  Failing Endpoints,  Worst Slack           NA  ,  Total Violation           NA
PW    :            0  Failing Endpoints,  Worst Slack       37.845ns,  Total Violation        0.000ns
---------------------------------------------------------------------------------------------------


Pulse Width Checks
--------------------------------------------------------------------------------------
Clock Name:         clkfbout_xilinx_clk_wizard_clk_wiz_0_0_1
Waveform(ns):       { 0.000 20.000 }
Period(ns):         40.000
Sources:            { xilinx_clk_wizard_wrapper_i/xilinx_clk_wizard_i/clk_wiz_0/inst/mmcm_adv_inst/CLKFBOUT }

Check Type  Corner  Lib Pin             Reference Pin  Required(ns)  Actual(ns)  Slack(ns)  Location  Pin
Min Period  n/a     BUFG/I              n/a            2.155         40.000      37.845               xilinx_clk_wizard_wrapper_i/xilinx_clk_wizard_i/clk_wiz_0/inst/clkf_buf/I
Max Period  n/a     MMCME2_ADV/CLKFBIN  n/a            100.000       40.000      60.000               xilinx_clk_wizard_wrapper_i/xilinx_clk_wizard_i/clk_wiz_0/inst/mmcm_adv_inst/CLKFBIN



---------------------------------------------------------------------------------------------------
From Clock:  jtag_clk_pin
  To Clock:  clk_out1_xilinx_clk_wizard_clk_wiz_0_0

Setup :            0  Failing Endpoints,  Worst Slack       13.512ns,  Total Violation        0.000ns
Hold  :            0  Failing Endpoints,  Worst Slack        1.523ns,  Total Violation        0.000ns
---------------------------------------------------------------------------------------------------


Max Delay Paths
--------------------------------------------------------------------------------------
Slack (MET) :             13.512ns  (required time - arrival time)
  Source:                 u_crheepto_top/u_core_v_mini_mcu/debug_subsystem_i/dmi_jtag_i/i_dmi_cdc/i_cdc_req/i_src/req_src_q_reg/C
                            (rising edge-triggered cell FDCE clocked by jtag_clk_pin  {rise@0.000ns fall@5.000ns period=100.000ns})
  Destination:            u_crheepto_top/u_core_v_mini_mcu/debug_subsystem_i/dmi_jtag_i/i_dmi_cdc/i_cdc_req/i_dst/i_sync/reg_q_reg[0]/D
                            (rising edge-triggered cell FDCE clocked by clk_out1_xilinx_clk_wizard_clk_wiz_0_0  {rise@0.000ns fall@33.333ns period=66.667ns})
  Path Group:             clk_out1_xilinx_clk_wizard_clk_wiz_0_0
  Path Type:              Setup (Max at Slow Process Corner)
  Requirement:            20.000ns  (MaxDelay Path 20.000ns)
  Data Path Delay:        0.836ns  (logic 0.478ns (57.177%)  route 0.358ns (42.823%))
  Logic Levels:           0  
  Clock Path Skew:        -5.036ns (DCD - SCD + CPR)
    Destination Clock Delay (DCD):    -2.269ns
    Source Clock Delay      (SCD):    2.768ns
    Clock Pessimism Removal (CPR):    0.000ns
  Clock Uncertainty:      0.396ns  ((TSJ^2 + DJ^2)^1/2) / 2 + PE
    Total System Jitter     (TSJ):    0.071ns
    Discrete Jitter          (DJ):    0.311ns
    Phase Error              (PE):    0.237ns
  Timing Exception:       MaxDelay Path 20.000ns

    Location             Delay type                Incr(ns)  Path(ns)    Netlist Resource(s)
  -------------------------------------------------------------------    -------------------
                         (clock jtag_clk_pin rise edge)
                                                      0.000     0.000 r  
    W16                                               0.000     0.000 r  jtag_tck_i (INOUT)
                         net (fo=0)                   0.000     0.000    jtag_tck_i
    W16                  IBUF (Prop_ibuf_I_O)         1.499     1.499 r  jtag_tck_i_IBUF_inst/O
                         net (fo=3, unplaced)         0.584     2.083    jtag_tck_i_IBUF
                         BUFG (Prop_bufg_I_O)         0.101     2.184 r  jtag_tck_i_IBUF_BUFG_inst/O
                         net (fo=303, unplaced)       0.584     2.768    u_crheepto_top/u_core_v_mini_mcu/debug_subsystem_i/dmi_jtag_i/i_dmi_cdc/i_cdc_req/i_src/jtag_tck_i_IBUF_BUFG
                         FDCE                                         r  u_crheepto_top/u_core_v_mini_mcu/debug_subsystem_i/dmi_jtag_i/i_dmi_cdc/i_cdc_req/i_src/req_src_q_reg/C
  -------------------------------------------------------------------    -------------------
                         FDCE (Prop_fdce_C_Q)         0.478     3.246 r  u_crheepto_top/u_core_v_mini_mcu/debug_subsystem_i/dmi_jtag_i/i_dmi_cdc/i_cdc_req/i_src/req_src_q_reg/Q
                         net (fo=4, unplaced)         0.358     3.604    u_crheepto_top/u_core_v_mini_mcu/debug_subsystem_i/dmi_jtag_i/i_dmi_cdc/i_cdc_req/i_dst/i_sync/reg_q_reg[0]_1[0]
                         FDCE                                         r  u_crheepto_top/u_core_v_mini_mcu/debug_subsystem_i/dmi_jtag_i/i_dmi_cdc/i_cdc_req/i_dst/i_sync/reg_q_reg[0]/D
  -------------------------------------------------------------------    -------------------

                         max delay                   20.000    20.000    
    H16                                               0.000    20.000 r  clk_i (INOUT)
                         net (fo=0)                   0.000    20.000    xilinx_clk_wizard_wrapper_i/xilinx_clk_wizard_i/clk_wiz_0/inst/clk_in1
    H16                  IBUF (Prop_ibuf_I_O)         1.380    21.380 r  xilinx_clk_wizard_wrapper_i/xilinx_clk_wizard_i/clk_wiz_0/inst/clkin1_ibufg/O
                         net (fo=1, unplaced)         0.439    21.819    xilinx_clk_wizard_wrapper_i/xilinx_clk_wizard_i/clk_wiz_0/inst/clk_in1_xilinx_clk_wizard_clk_wiz_0_0
                         MMCME2_ADV (Prop_mmcme2_adv_CLKIN1_CLKOUT0)
                                                     -5.378    16.442 r  xilinx_clk_wizard_wrapper_i/xilinx_clk_wizard_i/clk_wiz_0/inst/mmcm_adv_inst/CLKOUT0
                         net (fo=1, unplaced)         0.760    17.201    xilinx_clk_wizard_wrapper_i/xilinx_clk_wizard_i/clk_wiz_0/inst/clk_out1_xilinx_clk_wizard_clk_wiz_0_0
                         BUFG (Prop_bufg_I_O)         0.091    17.292 r  xilinx_clk_wizard_wrapper_i/xilinx_clk_wizard_i/clk_wiz_0/inst/clkout1_buf/O
                         net (fo=37312, unplaced)     0.439    17.731    u_crheepto_top/u_core_v_mini_mcu/debug_subsystem_i/dmi_jtag_i/i_dmi_cdc/i_cdc_req/i_dst/i_sync/clk_out1_0
                         FDCE                                         r  u_crheepto_top/u_core_v_mini_mcu/debug_subsystem_i/dmi_jtag_i/i_dmi_cdc/i_cdc_req/i_dst/i_sync/reg_q_reg[0]/C
                         clock pessimism              0.000    17.731    
                         clock uncertainty           -0.396    17.335    
                         FDCE (Setup_fdce_C_D)       -0.220    17.115    u_crheepto_top/u_core_v_mini_mcu/debug_subsystem_i/dmi_jtag_i/i_dmi_cdc/i_cdc_req/i_dst/i_sync/reg_q_reg[0]
  -------------------------------------------------------------------
                         required time                         17.115    
                         arrival time                          -3.604    
  -------------------------------------------------------------------
                         slack                                 13.512    





Min Delay Paths
--------------------------------------------------------------------------------------
Slack (MET) :             1.523ns  (arrival time - required time)
  Source:                 u_crheepto_top/u_core_v_mini_mcu/debug_subsystem_i/dmi_jtag_i/i_dmi_cdc/i_cdc_req/i_cdc_reset_ctrlr/i_cdc_reset_ctrlr_half_a/i_state_transition_cdc_src/req_src_q_reg/C
                            (rising edge-triggered cell FDPE clocked by jtag_clk_pin  {rise@0.000ns fall@5.000ns period=100.000ns})
  Destination:            u_crheepto_top/u_core_v_mini_mcu/debug_subsystem_i/dmi_jtag_i/i_dmi_cdc/i_cdc_req/i_cdc_reset_ctrlr/i_cdc_reset_ctrlr_half_b/i_state_transition_cdc_dst/i_sync/reg_q_reg[0]/D
                            (rising edge-triggered cell FDCE clocked by clk_out1_xilinx_clk_wizard_clk_wiz_0_0  {rise@0.000ns fall@33.333ns period=66.667ns})
  Path Group:             clk_out1_xilinx_clk_wizard_clk_wiz_0_0
  Path Type:              Hold (Min at Fast Process Corner)
  Requirement:            0.000ns  (clk_out1_xilinx_clk_wizard_clk_wiz_0_0 rise@0.000ns - jtag_clk_pin rise@0.000ns)
  Data Path Delay:        0.288ns  (logic 0.147ns (51.079%)  route 0.141ns (48.921%))
  Logic Levels:           0  
  Clock Path Skew:        -1.622ns (DCD - SCD - CPR)
    Destination Clock Delay (DCD):    -1.102ns
    Source Clock Delay      (SCD):    0.520ns
    Clock Pessimism Removal (CPR):    -0.000ns
  Clock Uncertainty:      0.396ns  ((TSJ^2 + DJ^2)^1/2) / 2 + PE
    Total System Jitter     (TSJ):    0.071ns
    Discrete Jitter          (DJ):    0.311ns
    Phase Error              (PE):    0.237ns
  Clock Domain Crossing:  Inter clock paths are considered valid unless explicitly excluded by timing constraints such as set_clock_groups or set_false_path.

    Location             Delay type                Incr(ns)  Path(ns)    Netlist Resource(s)
  -------------------------------------------------------------------    -------------------
                         (clock jtag_clk_pin rise edge)
                                                      0.000     0.000 r  
    W16                                               0.000     0.000 r  jtag_tck_i (INOUT)
                         net (fo=0)                   0.000     0.000    jtag_tck_i
    W16                  IBUF (Prop_ibuf_I_O)         0.266     0.266 r  jtag_tck_i_IBUF_inst/O
                         net (fo=3, unplaced)         0.114     0.380    jtag_tck_i_IBUF
                         BUFG (Prop_bufg_I_O)         0.026     0.406 r  jtag_tck_i_IBUF_BUFG_inst/O
                         net (fo=303, unplaced)       0.114     0.520    u_crheepto_top/u_core_v_mini_mcu/debug_subsystem_i/dmi_jtag_i/i_dmi_cdc/i_cdc_req/i_cdc_reset_ctrlr/i_cdc_reset_ctrlr_half_a/i_state_transition_cdc_src/jtag_tck_i_IBUF_BUFG
                         FDPE                                         r  u_crheepto_top/u_core_v_mini_mcu/debug_subsystem_i/dmi_jtag_i/i_dmi_cdc/i_cdc_req/i_cdc_reset_ctrlr/i_cdc_reset_ctrlr_half_a/i_state_transition_cdc_src/req_src_q_reg/C
  -------------------------------------------------------------------    -------------------
                         FDPE (Prop_fdpe_C_Q)         0.147     0.667 r  u_crheepto_top/u_core_v_mini_mcu/debug_subsystem_i/dmi_jtag_i/i_dmi_cdc/i_cdc_req/i_cdc_reset_ctrlr/i_cdc_reset_ctrlr_half_a/i_state_transition_cdc_src/req_src_q_reg/Q
                         net (fo=1, unplaced)         0.141     0.808    u_crheepto_top/u_core_v_mini_mcu/debug_subsystem_i/dmi_jtag_i/i_dmi_cdc/i_cdc_req/i_cdc_reset_ctrlr/i_cdc_reset_ctrlr_half_b/i_state_transition_cdc_dst/i_sync/reg_q_reg[0]_1[0]
                         FDCE                                         r  u_crheepto_top/u_core_v_mini_mcu/debug_subsystem_i/dmi_jtag_i/i_dmi_cdc/i_cdc_req/i_cdc_reset_ctrlr/i_cdc_reset_ctrlr_half_b/i_state_transition_cdc_dst/i_sync/reg_q_reg[0]/D
  -------------------------------------------------------------------    -------------------

                         (clock clk_out1_xilinx_clk_wizard_clk_wiz_0_0 rise edge)
                                                      0.000     0.000 r  
    H16                                               0.000     0.000 r  clk_i (INOUT)
                         net (fo=0)                   0.000     0.000    xilinx_clk_wizard_wrapper_i/xilinx_clk_wizard_i/clk_wiz_0/inst/clk_in1
    H16                  IBUF (Prop_ibuf_I_O)         0.406     0.406 r  xilinx_clk_wizard_wrapper_i/xilinx_clk_wizard_i/clk_wiz_0/inst/clkin1_ibufg/O
                         net (fo=1, unplaced)         0.259     0.665    xilinx_clk_wizard_wrapper_i/xilinx_clk_wizard_i/clk_wiz_0/inst/clk_in1_xilinx_clk_wizard_clk_wiz_0_0
                         MMCME2_ADV (Prop_mmcme2_adv_CLKIN1_CLKOUT0)
                                                     -2.410    -1.744 r  xilinx_clk_wizard_wrapper_i/xilinx_clk_wizard_i/clk_wiz_0/inst/mmcm_adv_inst/CLKOUT0
                         net (fo=1, unplaced)         0.355    -1.390    xilinx_clk_wizard_wrapper_i/xilinx_clk_wizard_i/clk_wiz_0/inst/clk_out1_xilinx_clk_wizard_clk_wiz_0_0
                         BUFG (Prop_bufg_I_O)         0.029    -1.361 r  xilinx_clk_wizard_wrapper_i/xilinx_clk_wizard_i/clk_wiz_0/inst/clkout1_buf/O
                         net (fo=37312, unplaced)     0.259    -1.102    u_crheepto_top/u_core_v_mini_mcu/debug_subsystem_i/dmi_jtag_i/i_dmi_cdc/i_cdc_req/i_cdc_reset_ctrlr/i_cdc_reset_ctrlr_half_b/i_state_transition_cdc_dst/i_sync/clk_out1_0
                         FDCE                                         r  u_crheepto_top/u_core_v_mini_mcu/debug_subsystem_i/dmi_jtag_i/i_dmi_cdc/i_cdc_req/i_cdc_reset_ctrlr/i_cdc_reset_ctrlr_half_b/i_state_transition_cdc_dst/i_sync/reg_q_reg[0]/C
                         clock pessimism              0.000    -1.102    
                         clock uncertainty            0.396    -0.705    
                         FDCE (Hold_fdce_C_D)        -0.009    -0.714    u_crheepto_top/u_core_v_mini_mcu/debug_subsystem_i/dmi_jtag_i/i_dmi_cdc/i_cdc_req/i_cdc_reset_ctrlr/i_cdc_reset_ctrlr_half_b/i_state_transition_cdc_dst/i_sync/reg_q_reg[0]
  -------------------------------------------------------------------
                         required time                          0.714    
                         arrival time                           0.808    
  -------------------------------------------------------------------
                         slack                                  1.523    





---------------------------------------------------------------------------------------------------
From Clock:  spi_slave_clk_pin
  To Clock:  clk_out1_xilinx_clk_wizard_clk_wiz_0_0

Setup :            1  Failing Endpoint ,  Worst Slack       -4.785ns,  Total Violation       -4.785ns
Hold  :            0  Failing Endpoints,  Worst Slack        1.329ns,  Total Violation        0.000ns
---------------------------------------------------------------------------------------------------


Max Delay Paths
--------------------------------------------------------------------------------------
Slack (VIOLATED) :        -4.785ns  (required time - arrival time)
  Source:                 spi_slave_sck_io
                            (clock source 'spi_slave_clk_pin'  {rise@0.000ns fall@5.000ns period=16.000ns})
  Destination:            u_crheepto_top/u_core_v_mini_mcu/ao_peripheral_subsystem_i/gpio_ao_i/gen_gpios[5].i_sync_gpio_input/i_sync/reg_q_reg[0]/D
                            (rising edge-triggered cell FDCE clocked by clk_out1_xilinx_clk_wizard_clk_wiz_0_0  {rise@0.000ns fall@33.333ns period=66.667ns})
  Path Group:             clk_out1_xilinx_clk_wizard_clk_wiz_0_0
  Path Type:              Setup (Max at Slow Process Corner)
  Requirement:            0.333ns  (clk_out1_xilinx_clk_wizard_clk_wiz_0_0 rise@133.333ns - spi_slave_clk_pin fall@133.000ns)
  Data Path Delay:        2.497ns  (logic 1.697ns (67.975%)  route 0.800ns (32.025%))
  Logic Levels:           2  (IBUF=1 LUT2=1)
  Clock Path Skew:        -2.269ns (DCD - SCD + CPR)
    Destination Clock Delay (DCD):    -2.269ns = ( 131.065 - 133.333 ) 
    Source Clock Delay      (SCD):    0.000ns = ( 133.000 - 133.000 ) 
    Clock Pessimism Removal (CPR):    0.000ns
  Clock Uncertainty:      0.396ns  ((TSJ^2 + DJ^2)^1/2) / 2 + PE
    Total System Jitter     (TSJ):    0.071ns
    Discrete Jitter          (DJ):    0.311ns
    Phase Error              (PE):    0.237ns
  Clock Domain Crossing:  Inter clock paths are considered valid unless explicitly excluded by timing constraints such as set_clock_groups or set_false_path.

    Location             Delay type                Incr(ns)  Path(ns)    Netlist Resource(s)
  -------------------------------------------------------------------    -------------------
                         (clock spi_slave_clk_pin fall edge)
                                                    133.000   133.000 f  
    U7                                                0.000   133.000 f  spi_slave_sck_io (INOUT)
                         net (fo=1, unset)            0.000   133.000    u_crheepto_top/u_pad_ring/pad_spi_slave_sck_i/xilinx_iobuf_i/IO
    U7                   IBUF (Prop_ibuf_I_O)         1.573   134.573 f  u_crheepto_top/u_pad_ring/pad_spi_slave_sck_i/xilinx_iobuf_i/IBUF/O
                         net (fo=1, unplaced)         0.800   135.373    u_crheepto_top/u_pad_control/pad_control_reg_top_i/u_pad_mux_spi_slave_sck/spi_slave_sck_in_x_muxed
                         LUT2 (Prop_lut2_I1_O)        0.124   135.497 f  u_crheepto_top/u_pad_control/pad_control_reg_top_i/u_pad_mux_spi_slave_sck/reg_q[0]_i_1/O
                         net (fo=1, unplaced)         0.000   135.497    u_crheepto_top/u_core_v_mini_mcu/ao_peripheral_subsystem_i/gpio_ao_i/gen_gpios[5].i_sync_gpio_input/i_sync/gpio_in[0]
                         FDCE                                         f  u_crheepto_top/u_core_v_mini_mcu/ao_peripheral_subsystem_i/gpio_ao_i/gen_gpios[5].i_sync_gpio_input/i_sync/reg_q_reg[0]/D
  -------------------------------------------------------------------    -------------------

                         (clock clk_out1_xilinx_clk_wizard_clk_wiz_0_0 rise edge)
                                                    133.333   133.333 r  
    H16                                               0.000   133.333 r  clk_i (INOUT)
                         net (fo=0)                   0.000   133.333    xilinx_clk_wizard_wrapper_i/xilinx_clk_wizard_i/clk_wiz_0/inst/clk_in1
    H16                  IBUF (Prop_ibuf_I_O)         1.380   134.714 r  xilinx_clk_wizard_wrapper_i/xilinx_clk_wizard_i/clk_wiz_0/inst/clkin1_ibufg/O
                         net (fo=1, unplaced)         0.439   135.153    xilinx_clk_wizard_wrapper_i/xilinx_clk_wizard_i/clk_wiz_0/inst/clk_in1_xilinx_clk_wizard_clk_wiz_0_0
                         MMCME2_ADV (Prop_mmcme2_adv_CLKIN1_CLKOUT0)
                                                     -5.378   129.775 r  xilinx_clk_wizard_wrapper_i/xilinx_clk_wizard_i/clk_wiz_0/inst/mmcm_adv_inst/CLKOUT0
                         net (fo=1, unplaced)         0.760   130.535    xilinx_clk_wizard_wrapper_i/xilinx_clk_wizard_i/clk_wiz_0/inst/clk_out1_xilinx_clk_wizard_clk_wiz_0_0
                         BUFG (Prop_bufg_I_O)         0.091   130.626 r  xilinx_clk_wizard_wrapper_i/xilinx_clk_wizard_i/clk_wiz_0/inst/clkout1_buf/O
                         net (fo=37312, unplaced)     0.439   131.065    u_crheepto_top/u_core_v_mini_mcu/ao_peripheral_subsystem_i/gpio_ao_i/gen_gpios[5].i_sync_gpio_input/i_sync/clk_out1_0
                         FDCE                                         r  u_crheepto_top/u_core_v_mini_mcu/ao_peripheral_subsystem_i/gpio_ao_i/gen_gpios[5].i_sync_gpio_input/i_sync/reg_q_reg[0]/C
                         clock pessimism              0.000   131.065    
                         clock uncertainty           -0.396   130.669    
                         FDCE (Setup_fdce_C_D)        0.044   130.713    u_crheepto_top/u_core_v_mini_mcu/ao_peripheral_subsystem_i/gpio_ao_i/gen_gpios[5].i_sync_gpio_input/i_sync/reg_q_reg[0]
  -------------------------------------------------------------------
                         required time                        130.713    
                         arrival time                        -135.497    
  -------------------------------------------------------------------
                         slack                                 -4.785    





Min Delay Paths
--------------------------------------------------------------------------------------
Slack (MET) :             1.329ns  (arrival time - required time)
  Source:                 spi_slave_sck_io
                            (clock source 'spi_slave_clk_pin'  {rise@0.000ns fall@5.000ns period=16.000ns})
  Destination:            u_crheepto_top/u_core_v_mini_mcu/ao_peripheral_subsystem_i/gpio_ao_i/gen_gpios[5].i_sync_gpio_input/i_sync/reg_q_reg[0]/D
                            (rising edge-triggered cell FDCE clocked by clk_out1_xilinx_clk_wizard_clk_wiz_0_0  {rise@0.000ns fall@33.333ns period=66.667ns})
  Path Group:             clk_out1_xilinx_clk_wizard_clk_wiz_0_0
  Path Type:              Hold (Min at Fast Process Corner)
  Requirement:            0.000ns  (clk_out1_xilinx_clk_wizard_clk_wiz_0_0 rise@0.000ns - spi_slave_clk_pin rise@0.000ns)
  Data Path Delay:        0.722ns  (logic 0.385ns (53.342%)  route 0.337ns (46.658%))
  Logic Levels:           2  (IBUF=1 LUT2=1)
  Clock Path Skew:        -1.102ns (DCD - SCD - CPR)
    Destination Clock Delay (DCD):    -1.102ns
    Source Clock Delay      (SCD):    0.000ns
    Clock Pessimism Removal (CPR):    -0.000ns
  Clock Uncertainty:      0.396ns  ((TSJ^2 + DJ^2)^1/2) / 2 + PE
    Total System Jitter     (TSJ):    0.071ns
    Discrete Jitter          (DJ):    0.311ns
    Phase Error              (PE):    0.237ns
  Clock Domain Crossing:  Inter clock paths are considered valid unless explicitly excluded by timing constraints such as set_clock_groups or set_false_path.

    Location             Delay type                Incr(ns)  Path(ns)    Netlist Resource(s)
  -------------------------------------------------------------------    -------------------
                         (clock spi_slave_clk_pin rise edge)
                                                      0.000     0.000 r  
    U7                                                0.000     0.000 r  spi_slave_sck_io (INOUT)
                         net (fo=1, unset)            0.000     0.000    u_crheepto_top/u_pad_ring/pad_spi_slave_sck_i/xilinx_iobuf_i/IO
    U7                   IBUF (Prop_ibuf_I_O)         0.340     0.340 r  u_crheepto_top/u_pad_ring/pad_spi_slave_sck_i/xilinx_iobuf_i/IBUF/O
                         net (fo=1, unplaced)         0.337     0.677    u_crheepto_top/u_pad_control/pad_control_reg_top_i/u_pad_mux_spi_slave_sck/spi_slave_sck_in_x_muxed
                         LUT2 (Prop_lut2_I1_O)        0.045     0.722 r  u_crheepto_top/u_pad_control/pad_control_reg_top_i/u_pad_mux_spi_slave_sck/reg_q[0]_i_1/O
                         net (fo=1, unplaced)         0.000     0.722    u_crheepto_top/u_core_v_mini_mcu/ao_peripheral_subsystem_i/gpio_ao_i/gen_gpios[5].i_sync_gpio_input/i_sync/gpio_in[0]
                         FDCE                                         r  u_crheepto_top/u_core_v_mini_mcu/ao_peripheral_subsystem_i/gpio_ao_i/gen_gpios[5].i_sync_gpio_input/i_sync/reg_q_reg[0]/D
  -------------------------------------------------------------------    -------------------

                         (clock clk_out1_xilinx_clk_wizard_clk_wiz_0_0 rise edge)
                                                      0.000     0.000 r  
    H16                                               0.000     0.000 r  clk_i (INOUT)
                         net (fo=0)                   0.000     0.000    xilinx_clk_wizard_wrapper_i/xilinx_clk_wizard_i/clk_wiz_0/inst/clk_in1
    H16                  IBUF (Prop_ibuf_I_O)         0.406     0.406 r  xilinx_clk_wizard_wrapper_i/xilinx_clk_wizard_i/clk_wiz_0/inst/clkin1_ibufg/O
                         net (fo=1, unplaced)         0.259     0.665    xilinx_clk_wizard_wrapper_i/xilinx_clk_wizard_i/clk_wiz_0/inst/clk_in1_xilinx_clk_wizard_clk_wiz_0_0
                         MMCME2_ADV (Prop_mmcme2_adv_CLKIN1_CLKOUT0)
                                                     -2.410    -1.744 r  xilinx_clk_wizard_wrapper_i/xilinx_clk_wizard_i/clk_wiz_0/inst/mmcm_adv_inst/CLKOUT0
                         net (fo=1, unplaced)         0.355    -1.390    xilinx_clk_wizard_wrapper_i/xilinx_clk_wizard_i/clk_wiz_0/inst/clk_out1_xilinx_clk_wizard_clk_wiz_0_0
                         BUFG (Prop_bufg_I_O)         0.029    -1.361 r  xilinx_clk_wizard_wrapper_i/xilinx_clk_wizard_i/clk_wiz_0/inst/clkout1_buf/O
                         net (fo=37312, unplaced)     0.259    -1.102    u_crheepto_top/u_core_v_mini_mcu/ao_peripheral_subsystem_i/gpio_ao_i/gen_gpios[5].i_sync_gpio_input/i_sync/clk_out1_0
                         FDCE                                         r  u_crheepto_top/u_core_v_mini_mcu/ao_peripheral_subsystem_i/gpio_ao_i/gen_gpios[5].i_sync_gpio_input/i_sync/reg_q_reg[0]/C
                         clock pessimism              0.000    -1.102    
                         clock uncertainty            0.396    -0.705    
                         FDCE (Hold_fdce_C_D)         0.099    -0.606    u_crheepto_top/u_core_v_mini_mcu/ao_peripheral_subsystem_i/gpio_ao_i/gen_gpios[5].i_sync_gpio_input/i_sync/reg_q_reg[0]
  -------------------------------------------------------------------
                         required time                          0.606    
                         arrival time                           0.722    
  -------------------------------------------------------------------
                         slack                                  1.329    





---------------------------------------------------------------------------------------------------
From Clock:  clk_out1_xilinx_clk_wizard_clk_wiz_0_0_1
  To Clock:  clk_out1_xilinx_clk_wizard_clk_wiz_0_0

Setup :            0  Failing Endpoints,  Worst Slack       15.696ns,  Total Violation        0.000ns
Hold  :         1767  Failing Endpoints,  Worst Slack       -0.361ns,  Total Violation      -36.924ns
---------------------------------------------------------------------------------------------------


Max Delay Paths
--------------------------------------------------------------------------------------
Slack (MET) :             15.696ns  (required time - arrival time)
  Source:                 u_crheepto_top/u_core_v_mini_mcu/debug_subsystem_i/dmi_jtag_i/i_dmi_cdc/i_cdc_req/i_dst/ack_dst_q_reg/C
                            (rising edge-triggered cell FDCE clocked by clk_out1_xilinx_clk_wizard_clk_wiz_0_0_1  {rise@0.000ns fall@33.333ns period=66.667ns})
  Destination:            u_crheepto_top/u_core_v_mini_mcu/debug_subsystem_i/dm_obi_top_i/i_dm_top/i_dm_csrs/cmderr_q_reg[0]/D
                            (rising edge-triggered cell FDCE clocked by clk_out1_xilinx_clk_wizard_clk_wiz_0_0  {rise@0.000ns fall@33.333ns period=66.667ns})
  Path Group:             clk_out1_xilinx_clk_wizard_clk_wiz_0_0
  Path Type:              Setup (Max at Slow Process Corner)
  Requirement:            20.000ns  (MaxDelay Path 20.000ns)
  Data Path Delay:        4.044ns  (logic 1.145ns (28.314%)  route 2.899ns (71.686%))
  Logic Levels:           4  (LUT5=1 LUT6=3)
  Clock Path Skew:        -0.145ns (DCD - SCD + CPR)
    Destination Clock Delay (DCD):    -2.269ns
    Source Clock Delay      (SCD):    -1.593ns
    Clock Pessimism Removal (CPR):    0.530ns
  Clock Uncertainty:      0.159ns  ((TSJ^2 + DJ^2)^1/2) / 2 + PE
    Total System Jitter     (TSJ):    0.071ns
    Discrete Jitter          (DJ):    0.311ns
    Phase Error              (PE):    0.000ns
  Timing Exception:       MaxDelay Path 20.000ns

    Location             Delay type                Incr(ns)  Path(ns)    Netlist Resource(s)
  -------------------------------------------------------------------    -------------------
                         (clock clk_out1_xilinx_clk_wizard_clk_wiz_0_0_1 rise edge)
                                                      0.000     0.000 r  
    H16                                               0.000     0.000 r  clk_i (INOUT)
                         net (fo=0)                   0.000     0.000    xilinx_clk_wizard_wrapper_i/xilinx_clk_wizard_i/clk_wiz_0/inst/clk_in1
    H16                  IBUF (Prop_ibuf_I_O)         1.451     1.451 r  xilinx_clk_wizard_wrapper_i/xilinx_clk_wizard_i/clk_wiz_0/inst/clkin1_ibufg/O
                         net (fo=1, unplaced)         0.584     2.035    xilinx_clk_wizard_wrapper_i/xilinx_clk_wizard_i/clk_wiz_0/inst/clk_in1_xilinx_clk_wizard_clk_wiz_0_0
                         MMCME2_ADV (Prop_mmcme2_adv_CLKIN1_CLKOUT0)
                                                     -5.113    -3.078 r  xilinx_clk_wizard_wrapper_i/xilinx_clk_wizard_i/clk_wiz_0/inst/mmcm_adv_inst/CLKOUT0
                         net (fo=1, unplaced)         0.800    -2.278    xilinx_clk_wizard_wrapper_i/xilinx_clk_wizard_i/clk_wiz_0/inst/clk_out1_xilinx_clk_wizard_clk_wiz_0_0
                         BUFG (Prop_bufg_I_O)         0.101    -2.177 r  xilinx_clk_wizard_wrapper_i/xilinx_clk_wizard_i/clk_wiz_0/inst/clkout1_buf/O
                         net (fo=37312, unplaced)     0.584    -1.593    u_crheepto_top/u_core_v_mini_mcu/debug_subsystem_i/dmi_jtag_i/i_dmi_cdc/i_cdc_req/i_dst/clk_out1_0
                         FDCE                                         r  u_crheepto_top/u_core_v_mini_mcu/debug_subsystem_i/dmi_jtag_i/i_dmi_cdc/i_cdc_req/i_dst/ack_dst_q_reg/C
  -------------------------------------------------------------------    -------------------
                         FDCE (Prop_fdce_C_Q)         0.478    -1.115 r  u_crheepto_top/u_core_v_mini_mcu/debug_subsystem_i/dmi_jtag_i/i_dmi_cdc/i_cdc_req/i_dst/ack_dst_q_reg/Q
                         net (fo=47, unplaced)        1.046    -0.069    u_crheepto_top/u_core_v_mini_mcu/debug_subsystem_i/dmi_jtag_i/i_dmi_cdc/i_cdc_req/i_cdc_reset_ctrlr/i_cdc_reset_ctrlr_half_b/i_state_transition_cdc_dst/write_pointer_q_reg[0]_0
                         LUT6 (Prop_lut6_I0_O)        0.295     0.226 r  u_crheepto_top/u_core_v_mini_mcu/debug_subsystem_i/dmi_jtag_i/i_dmi_cdc/i_cdc_req/i_cdc_reset_ctrlr/i_cdc_reset_ctrlr_half_b/i_state_transition_cdc_dst/status_cnt_q[1]_i_3__0/O
                         net (fo=7, unplaced)         0.484     0.710    u_crheepto_top/u_core_v_mini_mcu/debug_subsystem_i/dmi_jtag_i/i_dmi_cdc/i_cdc_req/i_dst/state_q_reg[0]_0
                         LUT6 (Prop_lut6_I3_O)        0.124     0.834 r  u_crheepto_top/u_core_v_mini_mcu/debug_subsystem_i/dmi_jtag_i/i_dmi_cdc/i_cdc_req/i_dst/cmderr_q[2]_i_8/O
                         net (fo=1, unplaced)         0.902     1.736    u_crheepto_top/u_core_v_mini_mcu/debug_subsystem_i/dmi_jtag_i/i_dmi_cdc/i_cdc_req/i_dst/cmderr_q[2]_i_8_n_0
                         LUT5 (Prop_lut5_I0_O)        0.124     1.860 r  u_crheepto_top/u_core_v_mini_mcu/debug_subsystem_i/dmi_jtag_i/i_dmi_cdc/i_cdc_req/i_dst/cmderr_q[2]_i_3/O
                         net (fo=3, unplaced)         0.467     2.327    u_crheepto_top/u_core_v_mini_mcu/debug_subsystem_i/dm_obi_top_i/i_dm_top/i_dm_csrs/cmderr_q_reg[0]_2
                         LUT6 (Prop_lut6_I4_O)        0.124     2.451 r  u_crheepto_top/u_core_v_mini_mcu/debug_subsystem_i/dm_obi_top_i/i_dm_top/i_dm_csrs/cmderr_q[0]_i_1/O
                         net (fo=1, unplaced)         0.000     2.451    u_crheepto_top/u_core_v_mini_mcu/debug_subsystem_i/dm_obi_top_i/i_dm_top/i_dm_csrs/cmderr_q[0]_i_1_n_0
                         FDCE                                         r  u_crheepto_top/u_core_v_mini_mcu/debug_subsystem_i/dm_obi_top_i/i_dm_top/i_dm_csrs/cmderr_q_reg[0]/D
  -------------------------------------------------------------------    -------------------

                         max delay                   20.000    20.000    
    H16                                               0.000    20.000 r  clk_i (INOUT)
                         net (fo=0)                   0.000    20.000    xilinx_clk_wizard_wrapper_i/xilinx_clk_wizard_i/clk_wiz_0/inst/clk_in1
    H16                  IBUF (Prop_ibuf_I_O)         1.380    21.380 r  xilinx_clk_wizard_wrapper_i/xilinx_clk_wizard_i/clk_wiz_0/inst/clkin1_ibufg/O
                         net (fo=1, unplaced)         0.439    21.819    xilinx_clk_wizard_wrapper_i/xilinx_clk_wizard_i/clk_wiz_0/inst/clk_in1_xilinx_clk_wizard_clk_wiz_0_0
                         MMCME2_ADV (Prop_mmcme2_adv_CLKIN1_CLKOUT0)
                                                     -5.378    16.442 r  xilinx_clk_wizard_wrapper_i/xilinx_clk_wizard_i/clk_wiz_0/inst/mmcm_adv_inst/CLKOUT0
                         net (fo=1, unplaced)         0.760    17.201    xilinx_clk_wizard_wrapper_i/xilinx_clk_wizard_i/clk_wiz_0/inst/clk_out1_xilinx_clk_wizard_clk_wiz_0_0
                         BUFG (Prop_bufg_I_O)         0.091    17.292 r  xilinx_clk_wizard_wrapper_i/xilinx_clk_wizard_i/clk_wiz_0/inst/clkout1_buf/O
                         net (fo=37312, unplaced)     0.439    17.731    u_crheepto_top/u_core_v_mini_mcu/debug_subsystem_i/dm_obi_top_i/i_dm_top/i_dm_csrs/clk_out1_0
                         FDCE                                         r  u_crheepto_top/u_core_v_mini_mcu/debug_subsystem_i/dm_obi_top_i/i_dm_top/i_dm_csrs/cmderr_q_reg[0]/C
                         clock pessimism              0.530    18.262    
                         clock uncertainty           -0.159    18.102    
                         FDCE (Setup_fdce_C_D)        0.044    18.146    u_crheepto_top/u_core_v_mini_mcu/debug_subsystem_i/dm_obi_top_i/i_dm_top/i_dm_csrs/cmderr_q_reg[0]
  -------------------------------------------------------------------
                         required time                         18.146    
                         arrival time                          -2.451    
  -------------------------------------------------------------------
                         slack                                 15.696    





Min Delay Paths
--------------------------------------------------------------------------------------
Slack (VIOLATED) :        -0.361ns  (arrival time - required time)
  Source:                 u_crheepto_top/u_core_v_mini_mcu/peripheral_subsystem_i/i2s_i/i2s_core_i/i2s_clk_gen_i/gate_en_q_reg/C
                            (rising edge-triggered cell FDCE clocked by clk_out1_xilinx_clk_wizard_clk_wiz_0_0_1  {rise@0.000ns fall@33.333ns period=66.667ns})
  Destination:            u_crheepto_top/u_core_v_mini_mcu/peripheral_subsystem_i/i2s_i/i2s_core_i/i2s_clk_gen_i/gate_is_open_q_reg/D
                            (rising edge-triggered cell FDCE clocked by clk_out1_xilinx_clk_wizard_clk_wiz_0_0  {rise@0.000ns fall@33.333ns period=66.667ns})
  Path Group:             clk_out1_xilinx_clk_wizard_clk_wiz_0_0
  Path Type:              Hold (Min at Slow Process Corner)
  Requirement:            0.000ns  (clk_out1_xilinx_clk_wizard_clk_wiz_0_0 rise@0.000ns - clk_out1_xilinx_clk_wizard_clk_wiz_0_0_1 rise@0.000ns)
  Data Path Delay:        0.918ns  (logic 0.623ns (67.832%)  route 0.295ns (32.168%))
  Logic Levels:           1  (LUT2=1)
  Clock Path Skew:        0.830ns (DCD - SCD - CPR)
    Destination Clock Delay (DCD):    -0.908ns
    Source Clock Delay      (SCD):    -2.269ns
    Clock Pessimism Removal (CPR):    0.530ns
  Clock Uncertainty:      0.159ns  ((TSJ^2 + DJ^2)^1/2) / 2 + PE
    Total System Jitter     (TSJ):    0.071ns
    Discrete Jitter          (DJ):    0.311ns
    Phase Error              (PE):    0.000ns
  Clock Domain Crossing:  Inter clock paths are considered valid unless explicitly excluded by timing constraints such as set_clock_groups or set_false_path.

    Location             Delay type                Incr(ns)  Path(ns)    Netlist Resource(s)
  -------------------------------------------------------------------    -------------------
                         (clock clk_out1_xilinx_clk_wizard_clk_wiz_0_0_1 rise edge)
                                                      0.000     0.000 r  
    H16                                               0.000     0.000 r  clk_i (INOUT)
                         net (fo=0)                   0.000     0.000    xilinx_clk_wizard_wrapper_i/xilinx_clk_wizard_i/clk_wiz_0/inst/clk_in1
    H16                  IBUF (Prop_ibuf_I_O)         1.380     1.380 r  xilinx_clk_wizard_wrapper_i/xilinx_clk_wizard_i/clk_wiz_0/inst/clkin1_ibufg/O
                         net (fo=1, unplaced)         0.439     1.819    xilinx_clk_wizard_wrapper_i/xilinx_clk_wizard_i/clk_wiz_0/inst/clk_in1_xilinx_clk_wizard_clk_wiz_0_0
                         MMCME2_ADV (Prop_mmcme2_adv_CLKIN1_CLKOUT0)
                                                     -5.378    -3.558 r  xilinx_clk_wizard_wrapper_i/xilinx_clk_wizard_i/clk_wiz_0/inst/mmcm_adv_inst/CLKOUT0
                         net (fo=1, unplaced)         0.760    -2.799    xilinx_clk_wizard_wrapper_i/xilinx_clk_wizard_i/clk_wiz_0/inst/clk_out1_xilinx_clk_wizard_clk_wiz_0_0
                         BUFG (Prop_bufg_I_O)         0.091    -2.708 r  xilinx_clk_wizard_wrapper_i/xilinx_clk_wizard_i/clk_wiz_0/inst/clkout1_buf/O
                         net (fo=37312, unplaced)     0.439    -2.269    u_crheepto_top/u_core_v_mini_mcu/peripheral_subsystem_i/i2s_i/i2s_core_i/i2s_clk_gen_i/clk_out1_0
                         FDCE                                         r  u_crheepto_top/u_core_v_mini_mcu/peripheral_subsystem_i/i2s_i/i2s_core_i/i2s_clk_gen_i/gate_en_q_reg/C
  -------------------------------------------------------------------    -------------------
                         FDCE (Prop_fdce_C_Q)         0.385    -1.884 r  u_crheepto_top/u_core_v_mini_mcu/peripheral_subsystem_i/i2s_i/i2s_core_i/i2s_clk_gen_i/gate_en_q_reg/Q
                         net (fo=1, unplaced)         0.295    -1.588    u_crheepto_top/u_core_v_mini_mcu/peripheral_subsystem_i/i2s_i/i2s_reg_top_i/u_control_en/gate_en_q
                         LUT2 (Prop_lut2_I1_O)        0.238    -1.350 r  u_crheepto_top/u_core_v_mini_mcu/peripheral_subsystem_i/i2s_i/i2s_reg_top_i/u_control_en/gate_is_open_q_i_1/O
                         net (fo=1, unplaced)         0.000    -1.350    u_crheepto_top/u_core_v_mini_mcu/peripheral_subsystem_i/i2s_i/i2s_core_i/i2s_clk_gen_i/gate_is_open_q0
                         FDCE                                         r  u_crheepto_top/u_core_v_mini_mcu/peripheral_subsystem_i/i2s_i/i2s_core_i/i2s_clk_gen_i/gate_is_open_q_reg/D
  -------------------------------------------------------------------    -------------------

                         (clock clk_out1_xilinx_clk_wizard_clk_wiz_0_0 rise edge)
                                                      0.000     0.000 r  
    H16                                               0.000     0.000 r  clk_i (INOUT)
                         net (fo=0)                   0.000     0.000    xilinx_clk_wizard_wrapper_i/xilinx_clk_wizard_i/clk_wiz_0/inst/clk_in1
    H16                  IBUF (Prop_ibuf_I_O)         1.451     1.451 r  xilinx_clk_wizard_wrapper_i/xilinx_clk_wizard_i/clk_wiz_0/inst/clkin1_ibufg/O
                         net (fo=1, unplaced)         0.584     2.035    xilinx_clk_wizard_wrapper_i/xilinx_clk_wizard_i/clk_wiz_0/inst/clk_in1_xilinx_clk_wizard_clk_wiz_0_0
                         MMCME2_ADV (Prop_mmcme2_adv_CLKIN1_CLKOUT0)
                                                     -5.113    -3.078 r  xilinx_clk_wizard_wrapper_i/xilinx_clk_wizard_i/clk_wiz_0/inst/mmcm_adv_inst/CLKOUT0
                         net (fo=1, unplaced)         0.800    -2.278    xilinx_clk_wizard_wrapper_i/xilinx_clk_wizard_i/clk_wiz_0/inst/clk_out1_xilinx_clk_wizard_clk_wiz_0_0
                         BUFG (Prop_bufg_I_O)         0.101    -2.177 r  xilinx_clk_wizard_wrapper_i/xilinx_clk_wizard_i/clk_wiz_0/inst/clkout1_buf/O
                         net (fo=37312, unplaced)     0.584    -1.593    u_crheepto_top/u_core_v_mini_mcu/peripheral_subsystem_i/i2s_i/i2s_core_i/i2s_clk_gen_i/i_clk_bypass_mux/xilinx_i_clk_mux2_i/clk_out1_0
                         BUFGCTRL (Prop_bufgctrl_I1_O)
                                                      0.101    -1.492 r  u_crheepto_top/u_core_v_mini_mcu/peripheral_subsystem_i/i2s_i/i2s_core_i/i2s_clk_gen_i/i_clk_bypass_mux/xilinx_i_clk_mux2_i/i_BUFGMUX/O
                         net (fo=224, unplaced)       0.584    -0.908    u_crheepto_top/u_core_v_mini_mcu/peripheral_subsystem_i/i2s_i/i2s_core_i/i2s_clk_gen_i/CLK
                         FDCE                                         r  u_crheepto_top/u_core_v_mini_mcu/peripheral_subsystem_i/i2s_i/i2s_core_i/i2s_clk_gen_i/gate_is_open_q_reg/C
                         clock pessimism             -0.530    -1.439    
                         clock uncertainty            0.159    -1.279    
                         FDCE (Hold_fdce_C_D)         0.290    -0.989    u_crheepto_top/u_core_v_mini_mcu/peripheral_subsystem_i/i2s_i/i2s_core_i/i2s_clk_gen_i/gate_is_open_q_reg
  -------------------------------------------------------------------
                         required time                          0.989    
                         arrival time                          -1.350    
  -------------------------------------------------------------------
                         slack                                 -0.361    





---------------------------------------------------------------------------------------------------
From Clock:  clk_out1_xilinx_clk_wizard_clk_wiz_0_0
  To Clock:  jtag_clk_pin

Setup :            0  Failing Endpoints,  Worst Slack       20.765ns,  Total Violation        0.000ns
Hold  :          141  Failing Endpoints,  Worst Slack       -4.807ns,  Total Violation     -384.220ns
---------------------------------------------------------------------------------------------------


Max Delay Paths
--------------------------------------------------------------------------------------
Slack (MET) :             20.765ns  (required time - arrival time)
  Source:                 u_crheepto_top/u_core_v_mini_mcu/debug_subsystem_i/dmi_jtag_i/i_dmi_cdc/i_cdc_resp/i_src/req_src_q_reg/C
                            (rising edge-triggered cell FDCE clocked by clk_out1_xilinx_clk_wizard_clk_wiz_0_0  {rise@0.000ns fall@33.333ns period=66.667ns})
  Destination:            u_crheepto_top/u_core_v_mini_mcu/debug_subsystem_i/dmi_jtag_i/i_dmi_cdc/i_cdc_resp/i_dst/i_sync/reg_q_reg[0]/D
                            (rising edge-triggered cell FDCE clocked by jtag_clk_pin  {rise@0.000ns fall@5.000ns period=100.000ns})
  Path Group:             jtag_clk_pin
  Path Type:              Setup (Max at Fast Process Corner)
  Requirement:            20.000ns  (MaxDelay Path 20.000ns)
  Data Path Delay:        0.342ns  (logic 0.183ns (53.533%)  route 0.159ns (46.467%))
  Logic Levels:           0  
  Clock Path Skew:        1.622ns (DCD - SCD + CPR)
    Destination Clock Delay (DCD):    0.520ns
    Source Clock Delay      (SCD):    -1.102ns
    Clock Pessimism Removal (CPR):    0.000ns
  Clock Uncertainty:      0.396ns  ((TSJ^2 + DJ^2)^1/2) / 2 + PE
    Total System Jitter     (TSJ):    0.071ns
    Discrete Jitter          (DJ):    0.311ns
    Phase Error              (PE):    0.237ns
  Timing Exception:       MaxDelay Path 20.000ns

    Location             Delay type                Incr(ns)  Path(ns)    Netlist Resource(s)
  -------------------------------------------------------------------    -------------------
                         (clock clk_out1_xilinx_clk_wizard_clk_wiz_0_0 rise edge)
                                                      0.000     0.000 r  
    H16                                               0.000     0.000 r  clk_i (INOUT)
                         net (fo=0)                   0.000     0.000    xilinx_clk_wizard_wrapper_i/xilinx_clk_wizard_i/clk_wiz_0/inst/clk_in1
    H16                  IBUF (Prop_ibuf_I_O)         0.406     0.406 r  xilinx_clk_wizard_wrapper_i/xilinx_clk_wizard_i/clk_wiz_0/inst/clkin1_ibufg/O
                         net (fo=1, unplaced)         0.259     0.665    xilinx_clk_wizard_wrapper_i/xilinx_clk_wizard_i/clk_wiz_0/inst/clk_in1_xilinx_clk_wizard_clk_wiz_0_0
                         MMCME2_ADV (Prop_mmcme2_adv_CLKIN1_CLKOUT0)
                                                     -2.410    -1.744 r  xilinx_clk_wizard_wrapper_i/xilinx_clk_wizard_i/clk_wiz_0/inst/mmcm_adv_inst/CLKOUT0
                         net (fo=1, unplaced)         0.355    -1.390    xilinx_clk_wizard_wrapper_i/xilinx_clk_wizard_i/clk_wiz_0/inst/clk_out1_xilinx_clk_wizard_clk_wiz_0_0
                         BUFG (Prop_bufg_I_O)         0.029    -1.361 r  xilinx_clk_wizard_wrapper_i/xilinx_clk_wizard_i/clk_wiz_0/inst/clkout1_buf/O
                         net (fo=37312, unplaced)     0.259    -1.102    u_crheepto_top/u_core_v_mini_mcu/debug_subsystem_i/dmi_jtag_i/i_dmi_cdc/i_cdc_resp/i_src/clk_out1_0
                         FDCE                                         r  u_crheepto_top/u_core_v_mini_mcu/debug_subsystem_i/dmi_jtag_i/i_dmi_cdc/i_cdc_resp/i_src/req_src_q_reg/C
  -------------------------------------------------------------------    -------------------
                         FDCE (Prop_fdce_C_Q)         0.183    -0.919 r  u_crheepto_top/u_core_v_mini_mcu/debug_subsystem_i/dmi_jtag_i/i_dmi_cdc/i_cdc_resp/i_src/req_src_q_reg/Q
                         net (fo=4, unplaced)         0.159    -0.760    u_crheepto_top/u_core_v_mini_mcu/debug_subsystem_i/dmi_jtag_i/i_dmi_cdc/i_cdc_resp/i_dst/i_sync/D[0]
                         FDCE                                         r  u_crheepto_top/u_core_v_mini_mcu/debug_subsystem_i/dmi_jtag_i/i_dmi_cdc/i_cdc_resp/i_dst/i_sync/reg_q_reg[0]/D
  -------------------------------------------------------------------    -------------------

                         max delay                   20.000    20.000    
    W16                                               0.000    20.000 r  jtag_tck_i (INOUT)
                         net (fo=0)                   0.000    20.000    jtag_tck_i
    W16                  IBUF (Prop_ibuf_I_O)         0.266    20.266 r  jtag_tck_i_IBUF_inst/O
                         net (fo=3, unplaced)         0.114    20.380    jtag_tck_i_IBUF
                         BUFG (Prop_bufg_I_O)         0.026    20.406 r  jtag_tck_i_IBUF_BUFG_inst/O
                         net (fo=303, unplaced)       0.114    20.520    u_crheepto_top/u_core_v_mini_mcu/debug_subsystem_i/dmi_jtag_i/i_dmi_cdc/i_cdc_resp/i_dst/i_sync/jtag_tck_i_IBUF_BUFG
                         FDCE                                         r  u_crheepto_top/u_core_v_mini_mcu/debug_subsystem_i/dmi_jtag_i/i_dmi_cdc/i_cdc_resp/i_dst/i_sync/reg_q_reg[0]/C
                         clock pessimism              0.000    20.520    
                         clock uncertainty           -0.396    20.124    
                         FDCE (Setup_fdce_C_D)       -0.119    20.005    u_crheepto_top/u_core_v_mini_mcu/debug_subsystem_i/dmi_jtag_i/i_dmi_cdc/i_cdc_resp/i_dst/i_sync/reg_q_reg[0]
  -------------------------------------------------------------------
                         required time                         20.005    
                         arrival time                           0.760    
  -------------------------------------------------------------------
                         slack                                 20.765    





Min Delay Paths
--------------------------------------------------------------------------------------
Slack (VIOLATED) :        -4.807ns  (arrival time - required time)
  Source:                 u_crheepto_top/u_core_v_mini_mcu/debug_subsystem_i/dmi_jtag_i/i_dmi_cdc/i_cdc_req/i_cdc_reset_ctrlr/i_cdc_reset_ctrlr_half_b/i_state_transition_cdc_src/req_src_q_reg/C
                            (rising edge-triggered cell FDPE clocked by clk_out1_xilinx_clk_wizard_clk_wiz_0_0  {rise@0.000ns fall@33.333ns period=66.667ns})
  Destination:            u_crheepto_top/u_core_v_mini_mcu/debug_subsystem_i/dmi_jtag_i/i_dmi_cdc/i_cdc_req/i_cdc_reset_ctrlr/i_cdc_reset_ctrlr_half_a/i_state_transition_cdc_dst/i_sync/reg_q_reg[0]/D
                            (rising edge-triggered cell FDCE clocked by jtag_clk_pin  {rise@0.000ns fall@5.000ns period=100.000ns})
  Path Group:             jtag_clk_pin
  Path Type:              Hold (Min at Slow Process Corner)
  Requirement:            0.000ns  (jtag_clk_pin rise@0.000ns - clk_out1_xilinx_clk_wizard_clk_wiz_0_0 rise@0.000ns)
  Data Path Delay:        0.702ns  (logic 0.385ns (54.820%)  route 0.317ns (45.180%))
  Logic Levels:           0  
  Clock Path Skew:        5.036ns (DCD - SCD - CPR)
    Destination Clock Delay (DCD):    2.768ns
    Source Clock Delay      (SCD):    -2.269ns
    Clock Pessimism Removal (CPR):    -0.000ns
  Clock Uncertainty:      0.396ns  ((TSJ^2 + DJ^2)^1/2) / 2 + PE
    Total System Jitter     (TSJ):    0.071ns
    Discrete Jitter          (DJ):    0.311ns
    Phase Error              (PE):    0.237ns
  Clock Domain Crossing:  Inter clock paths are considered valid unless explicitly excluded by timing constraints such as set_clock_groups or set_false_path.

    Location             Delay type                Incr(ns)  Path(ns)    Netlist Resource(s)
  -------------------------------------------------------------------    -------------------
                         (clock clk_out1_xilinx_clk_wizard_clk_wiz_0_0 rise edge)
                                                      0.000     0.000 r  
    H16                                               0.000     0.000 r  clk_i (INOUT)
                         net (fo=0)                   0.000     0.000    xilinx_clk_wizard_wrapper_i/xilinx_clk_wizard_i/clk_wiz_0/inst/clk_in1
    H16                  IBUF (Prop_ibuf_I_O)         1.380     1.380 r  xilinx_clk_wizard_wrapper_i/xilinx_clk_wizard_i/clk_wiz_0/inst/clkin1_ibufg/O
                         net (fo=1, unplaced)         0.439     1.819    xilinx_clk_wizard_wrapper_i/xilinx_clk_wizard_i/clk_wiz_0/inst/clk_in1_xilinx_clk_wizard_clk_wiz_0_0
                         MMCME2_ADV (Prop_mmcme2_adv_CLKIN1_CLKOUT0)
                                                     -5.378    -3.558 r  xilinx_clk_wizard_wrapper_i/xilinx_clk_wizard_i/clk_wiz_0/inst/mmcm_adv_inst/CLKOUT0
                         net (fo=1, unplaced)         0.760    -2.799    xilinx_clk_wizard_wrapper_i/xilinx_clk_wizard_i/clk_wiz_0/inst/clk_out1_xilinx_clk_wizard_clk_wiz_0_0
                         BUFG (Prop_bufg_I_O)         0.091    -2.708 r  xilinx_clk_wizard_wrapper_i/xilinx_clk_wizard_i/clk_wiz_0/inst/clkout1_buf/O
                         net (fo=37312, unplaced)     0.439    -2.269    u_crheepto_top/u_core_v_mini_mcu/debug_subsystem_i/dmi_jtag_i/i_dmi_cdc/i_cdc_req/i_cdc_reset_ctrlr/i_cdc_reset_ctrlr_half_b/i_state_transition_cdc_src/clk_out1_0
                         FDPE                                         r  u_crheepto_top/u_core_v_mini_mcu/debug_subsystem_i/dmi_jtag_i/i_dmi_cdc/i_cdc_req/i_cdc_reset_ctrlr/i_cdc_reset_ctrlr_half_b/i_state_transition_cdc_src/req_src_q_reg/C
  -------------------------------------------------------------------    -------------------
                         FDPE (Prop_fdpe_C_Q)         0.385    -1.884 r  u_crheepto_top/u_core_v_mini_mcu/debug_subsystem_i/dmi_jtag_i/i_dmi_cdc/i_cdc_req/i_cdc_reset_ctrlr/i_cdc_reset_ctrlr_half_b/i_state_transition_cdc_src/req_src_q_reg/Q
                         net (fo=1, unplaced)         0.317    -1.566    u_crheepto_top/u_core_v_mini_mcu/debug_subsystem_i/dmi_jtag_i/i_dmi_cdc/i_cdc_req/i_cdc_reset_ctrlr/i_cdc_reset_ctrlr_half_a/i_state_transition_cdc_dst/i_sync/reg_q_reg[0]_0[0]
                         FDCE                                         r  u_crheepto_top/u_core_v_mini_mcu/debug_subsystem_i/dmi_jtag_i/i_dmi_cdc/i_cdc_req/i_cdc_reset_ctrlr/i_cdc_reset_ctrlr_half_a/i_state_transition_cdc_dst/i_sync/reg_q_reg[0]/D
  -------------------------------------------------------------------    -------------------

                         (clock jtag_clk_pin rise edge)
                                                      0.000     0.000 r  
    W16                                               0.000     0.000 r  jtag_tck_i (INOUT)
                         net (fo=0)                   0.000     0.000    jtag_tck_i
    W16                  IBUF (Prop_ibuf_I_O)         1.499     1.499 r  jtag_tck_i_IBUF_inst/O
                         net (fo=3, unplaced)         0.584     2.083    jtag_tck_i_IBUF
                         BUFG (Prop_bufg_I_O)         0.101     2.184 r  jtag_tck_i_IBUF_BUFG_inst/O
                         net (fo=303, unplaced)       0.584     2.768    u_crheepto_top/u_core_v_mini_mcu/debug_subsystem_i/dmi_jtag_i/i_dmi_cdc/i_cdc_req/i_cdc_reset_ctrlr/i_cdc_reset_ctrlr_half_a/i_state_transition_cdc_dst/i_sync/jtag_tck_i_IBUF_BUFG
                         FDCE                                         r  u_crheepto_top/u_core_v_mini_mcu/debug_subsystem_i/dmi_jtag_i/i_dmi_cdc/i_cdc_req/i_cdc_reset_ctrlr/i_cdc_reset_ctrlr_half_a/i_state_transition_cdc_dst/i_sync/reg_q_reg[0]/C
                         clock pessimism              0.000     2.768    
                         clock uncertainty            0.396     3.164    
                         FDCE (Hold_fdce_C_D)         0.077     3.241    u_crheepto_top/u_core_v_mini_mcu/debug_subsystem_i/dmi_jtag_i/i_dmi_cdc/i_cdc_req/i_cdc_reset_ctrlr/i_cdc_reset_ctrlr_half_a/i_state_transition_cdc_dst/i_sync/reg_q_reg[0]
  -------------------------------------------------------------------
                         required time                         -3.241    
                         arrival time                          -1.566    
  -------------------------------------------------------------------
                         slack                                 -4.807    





---------------------------------------------------------------------------------------------------
From Clock:  clk_out1_xilinx_clk_wizard_clk_wiz_0_0_1
  To Clock:  jtag_clk_pin

Setup :            0  Failing Endpoints,  Worst Slack       20.778ns,  Total Violation        0.000ns
Hold  :          141  Failing Endpoints,  Worst Slack       -4.795ns,  Total Violation     -382.453ns
---------------------------------------------------------------------------------------------------


Max Delay Paths
--------------------------------------------------------------------------------------
Slack (MET) :             20.778ns  (required time - arrival time)
  Source:                 u_crheepto_top/u_core_v_mini_mcu/debug_subsystem_i/dmi_jtag_i/i_dmi_cdc/i_cdc_resp/i_src/req_src_q_reg/C
                            (rising edge-triggered cell FDCE clocked by clk_out1_xilinx_clk_wizard_clk_wiz_0_0_1  {rise@0.000ns fall@33.333ns period=66.667ns})
  Destination:            u_crheepto_top/u_core_v_mini_mcu/debug_subsystem_i/dmi_jtag_i/i_dmi_cdc/i_cdc_resp/i_dst/i_sync/reg_q_reg[0]/D
                            (rising edge-triggered cell FDCE clocked by jtag_clk_pin  {rise@0.000ns fall@5.000ns period=100.000ns})
  Path Group:             jtag_clk_pin
  Path Type:              Setup (Max at Fast Process Corner)
  Requirement:            20.000ns  (MaxDelay Path 20.000ns)
  Data Path Delay:        0.342ns  (logic 0.183ns (53.533%)  route 0.159ns (46.467%))
  Logic Levels:           0  
  Clock Path Skew:        1.622ns (DCD - SCD + CPR)
    Destination Clock Delay (DCD):    0.520ns
    Source Clock Delay      (SCD):    -1.102ns
    Clock Pessimism Removal (CPR):    0.000ns
  Clock Uncertainty:      0.384ns  ((TSJ^2 + DJ^2)^1/2) / 2 + PE
    Total System Jitter     (TSJ):    0.071ns
    Discrete Jitter          (DJ):    0.285ns
    Phase Error              (PE):    0.237ns
  Timing Exception:       MaxDelay Path 20.000ns

    Location             Delay type                Incr(ns)  Path(ns)    Netlist Resource(s)
  -------------------------------------------------------------------    -------------------
                         (clock clk_out1_xilinx_clk_wizard_clk_wiz_0_0_1 rise edge)
                                                      0.000     0.000 r  
    H16                                               0.000     0.000 r  clk_i (INOUT)
                         net (fo=0)                   0.000     0.000    xilinx_clk_wizard_wrapper_i/xilinx_clk_wizard_i/clk_wiz_0/inst/clk_in1
    H16                  IBUF (Prop_ibuf_I_O)         0.406     0.406 r  xilinx_clk_wizard_wrapper_i/xilinx_clk_wizard_i/clk_wiz_0/inst/clkin1_ibufg/O
                         net (fo=1, unplaced)         0.259     0.665    xilinx_clk_wizard_wrapper_i/xilinx_clk_wizard_i/clk_wiz_0/inst/clk_in1_xilinx_clk_wizard_clk_wiz_0_0
                         MMCME2_ADV (Prop_mmcme2_adv_CLKIN1_CLKOUT0)
                                                     -2.410    -1.744 r  xilinx_clk_wizard_wrapper_i/xilinx_clk_wizard_i/clk_wiz_0/inst/mmcm_adv_inst/CLKOUT0
                         net (fo=1, unplaced)         0.355    -1.390    xilinx_clk_wizard_wrapper_i/xilinx_clk_wizard_i/clk_wiz_0/inst/clk_out1_xilinx_clk_wizard_clk_wiz_0_0
                         BUFG (Prop_bufg_I_O)         0.029    -1.361 r  xilinx_clk_wizard_wrapper_i/xilinx_clk_wizard_i/clk_wiz_0/inst/clkout1_buf/O
                         net (fo=37312, unplaced)     0.259    -1.102    u_crheepto_top/u_core_v_mini_mcu/debug_subsystem_i/dmi_jtag_i/i_dmi_cdc/i_cdc_resp/i_src/clk_out1_0
                         FDCE                                         r  u_crheepto_top/u_core_v_mini_mcu/debug_subsystem_i/dmi_jtag_i/i_dmi_cdc/i_cdc_resp/i_src/req_src_q_reg/C
  -------------------------------------------------------------------    -------------------
                         FDCE (Prop_fdce_C_Q)         0.183    -0.919 r  u_crheepto_top/u_core_v_mini_mcu/debug_subsystem_i/dmi_jtag_i/i_dmi_cdc/i_cdc_resp/i_src/req_src_q_reg/Q
                         net (fo=4, unplaced)         0.159    -0.760    u_crheepto_top/u_core_v_mini_mcu/debug_subsystem_i/dmi_jtag_i/i_dmi_cdc/i_cdc_resp/i_dst/i_sync/D[0]
                         FDCE                                         r  u_crheepto_top/u_core_v_mini_mcu/debug_subsystem_i/dmi_jtag_i/i_dmi_cdc/i_cdc_resp/i_dst/i_sync/reg_q_reg[0]/D
  -------------------------------------------------------------------    -------------------

                         max delay                   20.000    20.000    
    W16                                               0.000    20.000 r  jtag_tck_i (INOUT)
                         net (fo=0)                   0.000    20.000    jtag_tck_i
    W16                  IBUF (Prop_ibuf_I_O)         0.266    20.266 r  jtag_tck_i_IBUF_inst/O
                         net (fo=3, unplaced)         0.114    20.380    jtag_tck_i_IBUF
                         BUFG (Prop_bufg_I_O)         0.026    20.406 r  jtag_tck_i_IBUF_BUFG_inst/O
                         net (fo=303, unplaced)       0.114    20.520    u_crheepto_top/u_core_v_mini_mcu/debug_subsystem_i/dmi_jtag_i/i_dmi_cdc/i_cdc_resp/i_dst/i_sync/jtag_tck_i_IBUF_BUFG
                         FDCE                                         r  u_crheepto_top/u_core_v_mini_mcu/debug_subsystem_i/dmi_jtag_i/i_dmi_cdc/i_cdc_resp/i_dst/i_sync/reg_q_reg[0]/C
                         clock pessimism              0.000    20.520    
                         clock uncertainty           -0.384    20.137    
                         FDCE (Setup_fdce_C_D)       -0.119    20.018    u_crheepto_top/u_core_v_mini_mcu/debug_subsystem_i/dmi_jtag_i/i_dmi_cdc/i_cdc_resp/i_dst/i_sync/reg_q_reg[0]
  -------------------------------------------------------------------
                         required time                         20.018    
                         arrival time                           0.760    
  -------------------------------------------------------------------
                         slack                                 20.778    





Min Delay Paths
--------------------------------------------------------------------------------------
Slack (VIOLATED) :        -4.795ns  (arrival time - required time)
  Source:                 u_crheepto_top/u_core_v_mini_mcu/debug_subsystem_i/dmi_jtag_i/i_dmi_cdc/i_cdc_req/i_cdc_reset_ctrlr/i_cdc_reset_ctrlr_half_b/i_state_transition_cdc_src/req_src_q_reg/C
                            (rising edge-triggered cell FDPE clocked by clk_out1_xilinx_clk_wizard_clk_wiz_0_0_1  {rise@0.000ns fall@33.333ns period=66.667ns})
  Destination:            u_crheepto_top/u_core_v_mini_mcu/debug_subsystem_i/dmi_jtag_i/i_dmi_cdc/i_cdc_req/i_cdc_reset_ctrlr/i_cdc_reset_ctrlr_half_a/i_state_transition_cdc_dst/i_sync/reg_q_reg[0]/D
                            (rising edge-triggered cell FDCE clocked by jtag_clk_pin  {rise@0.000ns fall@5.000ns period=100.000ns})
  Path Group:             jtag_clk_pin
  Path Type:              Hold (Min at Slow Process Corner)
  Requirement:            0.000ns  (jtag_clk_pin rise@0.000ns - clk_out1_xilinx_clk_wizard_clk_wiz_0_0_1 rise@0.000ns)
  Data Path Delay:        0.702ns  (logic 0.385ns (54.820%)  route 0.317ns (45.180%))
  Logic Levels:           0  
  Clock Path Skew:        5.036ns (DCD - SCD - CPR)
    Destination Clock Delay (DCD):    2.768ns
    Source Clock Delay      (SCD):    -2.269ns
    Clock Pessimism Removal (CPR):    -0.000ns
  Clock Uncertainty:      0.384ns  ((TSJ^2 + DJ^2)^1/2) / 2 + PE
    Total System Jitter     (TSJ):    0.071ns
    Discrete Jitter          (DJ):    0.285ns
    Phase Error              (PE):    0.237ns
  Clock Domain Crossing:  Inter clock paths are considered valid unless explicitly excluded by timing constraints such as set_clock_groups or set_false_path.

    Location             Delay type                Incr(ns)  Path(ns)    Netlist Resource(s)
  -------------------------------------------------------------------    -------------------
                         (clock clk_out1_xilinx_clk_wizard_clk_wiz_0_0_1 rise edge)
                                                      0.000     0.000 r  
    H16                                               0.000     0.000 r  clk_i (INOUT)
                         net (fo=0)                   0.000     0.000    xilinx_clk_wizard_wrapper_i/xilinx_clk_wizard_i/clk_wiz_0/inst/clk_in1
    H16                  IBUF (Prop_ibuf_I_O)         1.380     1.380 r  xilinx_clk_wizard_wrapper_i/xilinx_clk_wizard_i/clk_wiz_0/inst/clkin1_ibufg/O
                         net (fo=1, unplaced)         0.439     1.819    xilinx_clk_wizard_wrapper_i/xilinx_clk_wizard_i/clk_wiz_0/inst/clk_in1_xilinx_clk_wizard_clk_wiz_0_0
                         MMCME2_ADV (Prop_mmcme2_adv_CLKIN1_CLKOUT0)
                                                     -5.378    -3.558 r  xilinx_clk_wizard_wrapper_i/xilinx_clk_wizard_i/clk_wiz_0/inst/mmcm_adv_inst/CLKOUT0
                         net (fo=1, unplaced)         0.760    -2.799    xilinx_clk_wizard_wrapper_i/xilinx_clk_wizard_i/clk_wiz_0/inst/clk_out1_xilinx_clk_wizard_clk_wiz_0_0
                         BUFG (Prop_bufg_I_O)         0.091    -2.708 r  xilinx_clk_wizard_wrapper_i/xilinx_clk_wizard_i/clk_wiz_0/inst/clkout1_buf/O
                         net (fo=37312, unplaced)     0.439    -2.269    u_crheepto_top/u_core_v_mini_mcu/debug_subsystem_i/dmi_jtag_i/i_dmi_cdc/i_cdc_req/i_cdc_reset_ctrlr/i_cdc_reset_ctrlr_half_b/i_state_transition_cdc_src/clk_out1_0
                         FDPE                                         r  u_crheepto_top/u_core_v_mini_mcu/debug_subsystem_i/dmi_jtag_i/i_dmi_cdc/i_cdc_req/i_cdc_reset_ctrlr/i_cdc_reset_ctrlr_half_b/i_state_transition_cdc_src/req_src_q_reg/C
  -------------------------------------------------------------------    -------------------
                         FDPE (Prop_fdpe_C_Q)         0.385    -1.884 r  u_crheepto_top/u_core_v_mini_mcu/debug_subsystem_i/dmi_jtag_i/i_dmi_cdc/i_cdc_req/i_cdc_reset_ctrlr/i_cdc_reset_ctrlr_half_b/i_state_transition_cdc_src/req_src_q_reg/Q
                         net (fo=1, unplaced)         0.317    -1.566    u_crheepto_top/u_core_v_mini_mcu/debug_subsystem_i/dmi_jtag_i/i_dmi_cdc/i_cdc_req/i_cdc_reset_ctrlr/i_cdc_reset_ctrlr_half_a/i_state_transition_cdc_dst/i_sync/reg_q_reg[0]_0[0]
                         FDCE                                         r  u_crheepto_top/u_core_v_mini_mcu/debug_subsystem_i/dmi_jtag_i/i_dmi_cdc/i_cdc_req/i_cdc_reset_ctrlr/i_cdc_reset_ctrlr_half_a/i_state_transition_cdc_dst/i_sync/reg_q_reg[0]/D
  -------------------------------------------------------------------    -------------------

                         (clock jtag_clk_pin rise edge)
                                                      0.000     0.000 r  
    W16                                               0.000     0.000 r  jtag_tck_i (INOUT)
                         net (fo=0)                   0.000     0.000    jtag_tck_i
    W16                  IBUF (Prop_ibuf_I_O)         1.499     1.499 r  jtag_tck_i_IBUF_inst/O
                         net (fo=3, unplaced)         0.584     2.083    jtag_tck_i_IBUF
                         BUFG (Prop_bufg_I_O)         0.101     2.184 r  jtag_tck_i_IBUF_BUFG_inst/O
                         net (fo=303, unplaced)       0.584     2.768    u_crheepto_top/u_core_v_mini_mcu/debug_subsystem_i/dmi_jtag_i/i_dmi_cdc/i_cdc_req/i_cdc_reset_ctrlr/i_cdc_reset_ctrlr_half_a/i_state_transition_cdc_dst/i_sync/jtag_tck_i_IBUF_BUFG
                         FDCE                                         r  u_crheepto_top/u_core_v_mini_mcu/debug_subsystem_i/dmi_jtag_i/i_dmi_cdc/i_cdc_req/i_cdc_reset_ctrlr/i_cdc_reset_ctrlr_half_a/i_state_transition_cdc_dst/i_sync/reg_q_reg[0]/C
                         clock pessimism              0.000     2.768    
                         clock uncertainty            0.384     3.151    
                         FDCE (Hold_fdce_C_D)         0.077     3.228    u_crheepto_top/u_core_v_mini_mcu/debug_subsystem_i/dmi_jtag_i/i_dmi_cdc/i_cdc_req/i_cdc_reset_ctrlr/i_cdc_reset_ctrlr_half_a/i_state_transition_cdc_dst/i_sync/reg_q_reg[0]
  -------------------------------------------------------------------
                         required time                         -3.228    
                         arrival time                          -1.566    
  -------------------------------------------------------------------
                         slack                                 -4.795    





---------------------------------------------------------------------------------------------------
From Clock:  clk_out1_xilinx_clk_wizard_clk_wiz_0_0
  To Clock:  clk_out1_xilinx_clk_wizard_clk_wiz_0_0_1

Setup :            0  Failing Endpoints,  Worst Slack       15.696ns,  Total Violation        0.000ns
Hold  :         1767  Failing Endpoints,  Worst Slack       -0.361ns,  Total Violation      -36.924ns
---------------------------------------------------------------------------------------------------


Max Delay Paths
--------------------------------------------------------------------------------------
Slack (MET) :             15.696ns  (required time - arrival time)
  Source:                 u_crheepto_top/u_core_v_mini_mcu/debug_subsystem_i/dmi_jtag_i/i_dmi_cdc/i_cdc_req/i_dst/ack_dst_q_reg/C
                            (rising edge-triggered cell FDCE clocked by clk_out1_xilinx_clk_wizard_clk_wiz_0_0  {rise@0.000ns fall@33.333ns period=66.667ns})
  Destination:            u_crheepto_top/u_core_v_mini_mcu/debug_subsystem_i/dm_obi_top_i/i_dm_top/i_dm_csrs/cmderr_q_reg[0]/D
                            (rising edge-triggered cell FDCE clocked by clk_out1_xilinx_clk_wizard_clk_wiz_0_0_1  {rise@0.000ns fall@33.333ns period=66.667ns})
  Path Group:             clk_out1_xilinx_clk_wizard_clk_wiz_0_0_1
  Path Type:              Setup (Max at Slow Process Corner)
  Requirement:            20.000ns  (MaxDelay Path 20.000ns)
  Data Path Delay:        4.044ns  (logic 1.145ns (28.314%)  route 2.899ns (71.686%))
  Logic Levels:           4  (LUT5=1 LUT6=3)
  Clock Path Skew:        -0.145ns (DCD - SCD + CPR)
    Destination Clock Delay (DCD):    -2.269ns
    Source Clock Delay      (SCD):    -1.593ns
    Clock Pessimism Removal (CPR):    0.530ns
  Clock Uncertainty:      0.159ns  ((TSJ^2 + DJ^2)^1/2) / 2 + PE
    Total System Jitter     (TSJ):    0.071ns
    Discrete Jitter          (DJ):    0.311ns
    Phase Error              (PE):    0.000ns
  Timing Exception:       MaxDelay Path 20.000ns

    Location             Delay type                Incr(ns)  Path(ns)    Netlist Resource(s)
  -------------------------------------------------------------------    -------------------
                         (clock clk_out1_xilinx_clk_wizard_clk_wiz_0_0 rise edge)
                                                      0.000     0.000 r  
    H16                                               0.000     0.000 r  clk_i (INOUT)
                         net (fo=0)                   0.000     0.000    xilinx_clk_wizard_wrapper_i/xilinx_clk_wizard_i/clk_wiz_0/inst/clk_in1
    H16                  IBUF (Prop_ibuf_I_O)         1.451     1.451 r  xilinx_clk_wizard_wrapper_i/xilinx_clk_wizard_i/clk_wiz_0/inst/clkin1_ibufg/O
                         net (fo=1, unplaced)         0.584     2.035    xilinx_clk_wizard_wrapper_i/xilinx_clk_wizard_i/clk_wiz_0/inst/clk_in1_xilinx_clk_wizard_clk_wiz_0_0
                         MMCME2_ADV (Prop_mmcme2_adv_CLKIN1_CLKOUT0)
                                                     -5.113    -3.078 r  xilinx_clk_wizard_wrapper_i/xilinx_clk_wizard_i/clk_wiz_0/inst/mmcm_adv_inst/CLKOUT0
                         net (fo=1, unplaced)         0.800    -2.278    xilinx_clk_wizard_wrapper_i/xilinx_clk_wizard_i/clk_wiz_0/inst/clk_out1_xilinx_clk_wizard_clk_wiz_0_0
                         BUFG (Prop_bufg_I_O)         0.101    -2.177 r  xilinx_clk_wizard_wrapper_i/xilinx_clk_wizard_i/clk_wiz_0/inst/clkout1_buf/O
                         net (fo=37312, unplaced)     0.584    -1.593    u_crheepto_top/u_core_v_mini_mcu/debug_subsystem_i/dmi_jtag_i/i_dmi_cdc/i_cdc_req/i_dst/clk_out1_0
                         FDCE                                         r  u_crheepto_top/u_core_v_mini_mcu/debug_subsystem_i/dmi_jtag_i/i_dmi_cdc/i_cdc_req/i_dst/ack_dst_q_reg/C
  -------------------------------------------------------------------    -------------------
                         FDCE (Prop_fdce_C_Q)         0.478    -1.115 r  u_crheepto_top/u_core_v_mini_mcu/debug_subsystem_i/dmi_jtag_i/i_dmi_cdc/i_cdc_req/i_dst/ack_dst_q_reg/Q
                         net (fo=47, unplaced)        1.046    -0.069    u_crheepto_top/u_core_v_mini_mcu/debug_subsystem_i/dmi_jtag_i/i_dmi_cdc/i_cdc_req/i_cdc_reset_ctrlr/i_cdc_reset_ctrlr_half_b/i_state_transition_cdc_dst/write_pointer_q_reg[0]_0
                         LUT6 (Prop_lut6_I0_O)        0.295     0.226 r  u_crheepto_top/u_core_v_mini_mcu/debug_subsystem_i/dmi_jtag_i/i_dmi_cdc/i_cdc_req/i_cdc_reset_ctrlr/i_cdc_reset_ctrlr_half_b/i_state_transition_cdc_dst/status_cnt_q[1]_i_3__0/O
                         net (fo=7, unplaced)         0.484     0.710    u_crheepto_top/u_core_v_mini_mcu/debug_subsystem_i/dmi_jtag_i/i_dmi_cdc/i_cdc_req/i_dst/state_q_reg[0]_0
                         LUT6 (Prop_lut6_I3_O)        0.124     0.834 r  u_crheepto_top/u_core_v_mini_mcu/debug_subsystem_i/dmi_jtag_i/i_dmi_cdc/i_cdc_req/i_dst/cmderr_q[2]_i_8/O
                         net (fo=1, unplaced)         0.902     1.736    u_crheepto_top/u_core_v_mini_mcu/debug_subsystem_i/dmi_jtag_i/i_dmi_cdc/i_cdc_req/i_dst/cmderr_q[2]_i_8_n_0
                         LUT5 (Prop_lut5_I0_O)        0.124     1.860 r  u_crheepto_top/u_core_v_mini_mcu/debug_subsystem_i/dmi_jtag_i/i_dmi_cdc/i_cdc_req/i_dst/cmderr_q[2]_i_3/O
                         net (fo=3, unplaced)         0.467     2.327    u_crheepto_top/u_core_v_mini_mcu/debug_subsystem_i/dm_obi_top_i/i_dm_top/i_dm_csrs/cmderr_q_reg[0]_2
                         LUT6 (Prop_lut6_I4_O)        0.124     2.451 r  u_crheepto_top/u_core_v_mini_mcu/debug_subsystem_i/dm_obi_top_i/i_dm_top/i_dm_csrs/cmderr_q[0]_i_1/O
                         net (fo=1, unplaced)         0.000     2.451    u_crheepto_top/u_core_v_mini_mcu/debug_subsystem_i/dm_obi_top_i/i_dm_top/i_dm_csrs/cmderr_q[0]_i_1_n_0
                         FDCE                                         r  u_crheepto_top/u_core_v_mini_mcu/debug_subsystem_i/dm_obi_top_i/i_dm_top/i_dm_csrs/cmderr_q_reg[0]/D
  -------------------------------------------------------------------    -------------------

                         max delay                   20.000    20.000    
    H16                                               0.000    20.000 r  clk_i (INOUT)
                         net (fo=0)                   0.000    20.000    xilinx_clk_wizard_wrapper_i/xilinx_clk_wizard_i/clk_wiz_0/inst/clk_in1
    H16                  IBUF (Prop_ibuf_I_O)         1.380    21.380 r  xilinx_clk_wizard_wrapper_i/xilinx_clk_wizard_i/clk_wiz_0/inst/clkin1_ibufg/O
                         net (fo=1, unplaced)         0.439    21.819    xilinx_clk_wizard_wrapper_i/xilinx_clk_wizard_i/clk_wiz_0/inst/clk_in1_xilinx_clk_wizard_clk_wiz_0_0
                         MMCME2_ADV (Prop_mmcme2_adv_CLKIN1_CLKOUT0)
                                                     -5.378    16.442 r  xilinx_clk_wizard_wrapper_i/xilinx_clk_wizard_i/clk_wiz_0/inst/mmcm_adv_inst/CLKOUT0
                         net (fo=1, unplaced)         0.760    17.201    xilinx_clk_wizard_wrapper_i/xilinx_clk_wizard_i/clk_wiz_0/inst/clk_out1_xilinx_clk_wizard_clk_wiz_0_0
                         BUFG (Prop_bufg_I_O)         0.091    17.292 r  xilinx_clk_wizard_wrapper_i/xilinx_clk_wizard_i/clk_wiz_0/inst/clkout1_buf/O
                         net (fo=37312, unplaced)     0.439    17.731    u_crheepto_top/u_core_v_mini_mcu/debug_subsystem_i/dm_obi_top_i/i_dm_top/i_dm_csrs/clk_out1_0
                         FDCE                                         r  u_crheepto_top/u_core_v_mini_mcu/debug_subsystem_i/dm_obi_top_i/i_dm_top/i_dm_csrs/cmderr_q_reg[0]/C
                         clock pessimism              0.530    18.262    
                         clock uncertainty           -0.159    18.102    
                         FDCE (Setup_fdce_C_D)        0.044    18.146    u_crheepto_top/u_core_v_mini_mcu/debug_subsystem_i/dm_obi_top_i/i_dm_top/i_dm_csrs/cmderr_q_reg[0]
  -------------------------------------------------------------------
                         required time                         18.146    
                         arrival time                          -2.451    
  -------------------------------------------------------------------
                         slack                                 15.696    





Min Delay Paths
--------------------------------------------------------------------------------------
Slack (VIOLATED) :        -0.361ns  (arrival time - required time)
  Source:                 u_crheepto_top/u_core_v_mini_mcu/peripheral_subsystem_i/i2s_i/i2s_core_i/i2s_clk_gen_i/gate_en_q_reg/C
                            (rising edge-triggered cell FDCE clocked by clk_out1_xilinx_clk_wizard_clk_wiz_0_0  {rise@0.000ns fall@33.333ns period=66.667ns})
  Destination:            u_crheepto_top/u_core_v_mini_mcu/peripheral_subsystem_i/i2s_i/i2s_core_i/i2s_clk_gen_i/gate_is_open_q_reg/D
                            (rising edge-triggered cell FDCE clocked by clk_out1_xilinx_clk_wizard_clk_wiz_0_0_1  {rise@0.000ns fall@33.333ns period=66.667ns})
  Path Group:             clk_out1_xilinx_clk_wizard_clk_wiz_0_0_1
  Path Type:              Hold (Min at Slow Process Corner)
  Requirement:            0.000ns  (clk_out1_xilinx_clk_wizard_clk_wiz_0_0_1 rise@0.000ns - clk_out1_xilinx_clk_wizard_clk_wiz_0_0 rise@0.000ns)
  Data Path Delay:        0.918ns  (logic 0.623ns (67.832%)  route 0.295ns (32.168%))
  Logic Levels:           1  (LUT2=1)
  Clock Path Skew:        0.830ns (DCD - SCD - CPR)
    Destination Clock Delay (DCD):    -0.908ns
    Source Clock Delay      (SCD):    -2.269ns
    Clock Pessimism Removal (CPR):    0.530ns
  Clock Uncertainty:      0.159ns  ((TSJ^2 + DJ^2)^1/2) / 2 + PE
    Total System Jitter     (TSJ):    0.071ns
    Discrete Jitter          (DJ):    0.311ns
    Phase Error              (PE):    0.000ns
  Clock Domain Crossing:  Inter clock paths are considered valid unless explicitly excluded by timing constraints such as set_clock_groups or set_false_path.

    Location             Delay type                Incr(ns)  Path(ns)    Netlist Resource(s)
  -------------------------------------------------------------------    -------------------
                         (clock clk_out1_xilinx_clk_wizard_clk_wiz_0_0 rise edge)
                                                      0.000     0.000 r  
    H16                                               0.000     0.000 r  clk_i (INOUT)
                         net (fo=0)                   0.000     0.000    xilinx_clk_wizard_wrapper_i/xilinx_clk_wizard_i/clk_wiz_0/inst/clk_in1
    H16                  IBUF (Prop_ibuf_I_O)         1.380     1.380 r  xilinx_clk_wizard_wrapper_i/xilinx_clk_wizard_i/clk_wiz_0/inst/clkin1_ibufg/O
                         net (fo=1, unplaced)         0.439     1.819    xilinx_clk_wizard_wrapper_i/xilinx_clk_wizard_i/clk_wiz_0/inst/clk_in1_xilinx_clk_wizard_clk_wiz_0_0
                         MMCME2_ADV (Prop_mmcme2_adv_CLKIN1_CLKOUT0)
                                                     -5.378    -3.558 r  xilinx_clk_wizard_wrapper_i/xilinx_clk_wizard_i/clk_wiz_0/inst/mmcm_adv_inst/CLKOUT0
                         net (fo=1, unplaced)         0.760    -2.799    xilinx_clk_wizard_wrapper_i/xilinx_clk_wizard_i/clk_wiz_0/inst/clk_out1_xilinx_clk_wizard_clk_wiz_0_0
                         BUFG (Prop_bufg_I_O)         0.091    -2.708 r  xilinx_clk_wizard_wrapper_i/xilinx_clk_wizard_i/clk_wiz_0/inst/clkout1_buf/O
                         net (fo=37312, unplaced)     0.439    -2.269    u_crheepto_top/u_core_v_mini_mcu/peripheral_subsystem_i/i2s_i/i2s_core_i/i2s_clk_gen_i/clk_out1_0
                         FDCE                                         r  u_crheepto_top/u_core_v_mini_mcu/peripheral_subsystem_i/i2s_i/i2s_core_i/i2s_clk_gen_i/gate_en_q_reg/C
  -------------------------------------------------------------------    -------------------
                         FDCE (Prop_fdce_C_Q)         0.385    -1.884 r  u_crheepto_top/u_core_v_mini_mcu/peripheral_subsystem_i/i2s_i/i2s_core_i/i2s_clk_gen_i/gate_en_q_reg/Q
                         net (fo=1, unplaced)         0.295    -1.588    u_crheepto_top/u_core_v_mini_mcu/peripheral_subsystem_i/i2s_i/i2s_reg_top_i/u_control_en/gate_en_q
                         LUT2 (Prop_lut2_I1_O)        0.238    -1.350 r  u_crheepto_top/u_core_v_mini_mcu/peripheral_subsystem_i/i2s_i/i2s_reg_top_i/u_control_en/gate_is_open_q_i_1/O
                         net (fo=1, unplaced)         0.000    -1.350    u_crheepto_top/u_core_v_mini_mcu/peripheral_subsystem_i/i2s_i/i2s_core_i/i2s_clk_gen_i/gate_is_open_q0
                         FDCE                                         r  u_crheepto_top/u_core_v_mini_mcu/peripheral_subsystem_i/i2s_i/i2s_core_i/i2s_clk_gen_i/gate_is_open_q_reg/D
  -------------------------------------------------------------------    -------------------

                         (clock clk_out1_xilinx_clk_wizard_clk_wiz_0_0_1 rise edge)
                                                      0.000     0.000 r  
    H16                                               0.000     0.000 r  clk_i (INOUT)
                         net (fo=0)                   0.000     0.000    xilinx_clk_wizard_wrapper_i/xilinx_clk_wizard_i/clk_wiz_0/inst/clk_in1
    H16                  IBUF (Prop_ibuf_I_O)         1.451     1.451 r  xilinx_clk_wizard_wrapper_i/xilinx_clk_wizard_i/clk_wiz_0/inst/clkin1_ibufg/O
                         net (fo=1, unplaced)         0.584     2.035    xilinx_clk_wizard_wrapper_i/xilinx_clk_wizard_i/clk_wiz_0/inst/clk_in1_xilinx_clk_wizard_clk_wiz_0_0
                         MMCME2_ADV (Prop_mmcme2_adv_CLKIN1_CLKOUT0)
                                                     -5.113    -3.078 r  xilinx_clk_wizard_wrapper_i/xilinx_clk_wizard_i/clk_wiz_0/inst/mmcm_adv_inst/CLKOUT0
                         net (fo=1, unplaced)         0.800    -2.278    xilinx_clk_wizard_wrapper_i/xilinx_clk_wizard_i/clk_wiz_0/inst/clk_out1_xilinx_clk_wizard_clk_wiz_0_0
                         BUFG (Prop_bufg_I_O)         0.101    -2.177 r  xilinx_clk_wizard_wrapper_i/xilinx_clk_wizard_i/clk_wiz_0/inst/clkout1_buf/O
                         net (fo=37312, unplaced)     0.584    -1.593    u_crheepto_top/u_core_v_mini_mcu/peripheral_subsystem_i/i2s_i/i2s_core_i/i2s_clk_gen_i/i_clk_bypass_mux/xilinx_i_clk_mux2_i/clk_out1_0
                         BUFGCTRL (Prop_bufgctrl_I1_O)
                                                      0.101    -1.492 r  u_crheepto_top/u_core_v_mini_mcu/peripheral_subsystem_i/i2s_i/i2s_core_i/i2s_clk_gen_i/i_clk_bypass_mux/xilinx_i_clk_mux2_i/i_BUFGMUX/O
                         net (fo=224, unplaced)       0.584    -0.908    u_crheepto_top/u_core_v_mini_mcu/peripheral_subsystem_i/i2s_i/i2s_core_i/i2s_clk_gen_i/CLK
                         FDCE                                         r  u_crheepto_top/u_core_v_mini_mcu/peripheral_subsystem_i/i2s_i/i2s_core_i/i2s_clk_gen_i/gate_is_open_q_reg/C
                         clock pessimism             -0.530    -1.439    
                         clock uncertainty            0.159    -1.279    
                         FDCE (Hold_fdce_C_D)         0.290    -0.989    u_crheepto_top/u_core_v_mini_mcu/peripheral_subsystem_i/i2s_i/i2s_core_i/i2s_clk_gen_i/gate_is_open_q_reg
  -------------------------------------------------------------------
                         required time                          0.989    
                         arrival time                          -1.350    
  -------------------------------------------------------------------
                         slack                                 -0.361    





---------------------------------------------------------------------------------------------------
From Clock:  jtag_clk_pin
  To Clock:  clk_out1_xilinx_clk_wizard_clk_wiz_0_0_1

Setup :            0  Failing Endpoints,  Worst Slack       13.524ns,  Total Violation        0.000ns
Hold  :            0  Failing Endpoints,  Worst Slack        1.535ns,  Total Violation        0.000ns
---------------------------------------------------------------------------------------------------


Max Delay Paths
--------------------------------------------------------------------------------------
Slack (MET) :             13.524ns  (required time - arrival time)
  Source:                 u_crheepto_top/u_core_v_mini_mcu/debug_subsystem_i/dmi_jtag_i/i_dmi_cdc/i_cdc_req/i_src/req_src_q_reg/C
                            (rising edge-triggered cell FDCE clocked by jtag_clk_pin  {rise@0.000ns fall@5.000ns period=100.000ns})
  Destination:            u_crheepto_top/u_core_v_mini_mcu/debug_subsystem_i/dmi_jtag_i/i_dmi_cdc/i_cdc_req/i_dst/i_sync/reg_q_reg[0]/D
                            (rising edge-triggered cell FDCE clocked by clk_out1_xilinx_clk_wizard_clk_wiz_0_0_1  {rise@0.000ns fall@33.333ns period=66.667ns})
  Path Group:             clk_out1_xilinx_clk_wizard_clk_wiz_0_0_1
  Path Type:              Setup (Max at Slow Process Corner)
  Requirement:            20.000ns  (MaxDelay Path 20.000ns)
  Data Path Delay:        0.836ns  (logic 0.478ns (57.177%)  route 0.358ns (42.823%))
  Logic Levels:           0  
  Clock Path Skew:        -5.036ns (DCD - SCD + CPR)
    Destination Clock Delay (DCD):    -2.269ns
    Source Clock Delay      (SCD):    2.768ns
    Clock Pessimism Removal (CPR):    0.000ns
  Clock Uncertainty:      0.384ns  ((TSJ^2 + DJ^2)^1/2) / 2 + PE
    Total System Jitter     (TSJ):    0.071ns
    Discrete Jitter          (DJ):    0.285ns
    Phase Error              (PE):    0.237ns
  Timing Exception:       MaxDelay Path 20.000ns

    Location             Delay type                Incr(ns)  Path(ns)    Netlist Resource(s)
  -------------------------------------------------------------------    -------------------
                         (clock jtag_clk_pin rise edge)
                                                      0.000     0.000 r  
    W16                                               0.000     0.000 r  jtag_tck_i (INOUT)
                         net (fo=0)                   0.000     0.000    jtag_tck_i
    W16                  IBUF (Prop_ibuf_I_O)         1.499     1.499 r  jtag_tck_i_IBUF_inst/O
                         net (fo=3, unplaced)         0.584     2.083    jtag_tck_i_IBUF
                         BUFG (Prop_bufg_I_O)         0.101     2.184 r  jtag_tck_i_IBUF_BUFG_inst/O
                         net (fo=303, unplaced)       0.584     2.768    u_crheepto_top/u_core_v_mini_mcu/debug_subsystem_i/dmi_jtag_i/i_dmi_cdc/i_cdc_req/i_src/jtag_tck_i_IBUF_BUFG
                         FDCE                                         r  u_crheepto_top/u_core_v_mini_mcu/debug_subsystem_i/dmi_jtag_i/i_dmi_cdc/i_cdc_req/i_src/req_src_q_reg/C
  -------------------------------------------------------------------    -------------------
                         FDCE (Prop_fdce_C_Q)         0.478     3.246 r  u_crheepto_top/u_core_v_mini_mcu/debug_subsystem_i/dmi_jtag_i/i_dmi_cdc/i_cdc_req/i_src/req_src_q_reg/Q
                         net (fo=4, unplaced)         0.358     3.604    u_crheepto_top/u_core_v_mini_mcu/debug_subsystem_i/dmi_jtag_i/i_dmi_cdc/i_cdc_req/i_dst/i_sync/reg_q_reg[0]_1[0]
                         FDCE                                         r  u_crheepto_top/u_core_v_mini_mcu/debug_subsystem_i/dmi_jtag_i/i_dmi_cdc/i_cdc_req/i_dst/i_sync/reg_q_reg[0]/D
  -------------------------------------------------------------------    -------------------

                         max delay                   20.000    20.000    
    H16                                               0.000    20.000 r  clk_i (INOUT)
                         net (fo=0)                   0.000    20.000    xilinx_clk_wizard_wrapper_i/xilinx_clk_wizard_i/clk_wiz_0/inst/clk_in1
    H16                  IBUF (Prop_ibuf_I_O)         1.380    21.380 r  xilinx_clk_wizard_wrapper_i/xilinx_clk_wizard_i/clk_wiz_0/inst/clkin1_ibufg/O
                         net (fo=1, unplaced)         0.439    21.819    xilinx_clk_wizard_wrapper_i/xilinx_clk_wizard_i/clk_wiz_0/inst/clk_in1_xilinx_clk_wizard_clk_wiz_0_0
                         MMCME2_ADV (Prop_mmcme2_adv_CLKIN1_CLKOUT0)
                                                     -5.378    16.442 r  xilinx_clk_wizard_wrapper_i/xilinx_clk_wizard_i/clk_wiz_0/inst/mmcm_adv_inst/CLKOUT0
                         net (fo=1, unplaced)         0.760    17.201    xilinx_clk_wizard_wrapper_i/xilinx_clk_wizard_i/clk_wiz_0/inst/clk_out1_xilinx_clk_wizard_clk_wiz_0_0
                         BUFG (Prop_bufg_I_O)         0.091    17.292 r  xilinx_clk_wizard_wrapper_i/xilinx_clk_wizard_i/clk_wiz_0/inst/clkout1_buf/O
                         net (fo=37312, unplaced)     0.439    17.731    u_crheepto_top/u_core_v_mini_mcu/debug_subsystem_i/dmi_jtag_i/i_dmi_cdc/i_cdc_req/i_dst/i_sync/clk_out1_0
                         FDCE                                         r  u_crheepto_top/u_core_v_mini_mcu/debug_subsystem_i/dmi_jtag_i/i_dmi_cdc/i_cdc_req/i_dst/i_sync/reg_q_reg[0]/C
                         clock pessimism              0.000    17.731    
                         clock uncertainty           -0.384    17.348    
                         FDCE (Setup_fdce_C_D)       -0.220    17.128    u_crheepto_top/u_core_v_mini_mcu/debug_subsystem_i/dmi_jtag_i/i_dmi_cdc/i_cdc_req/i_dst/i_sync/reg_q_reg[0]
  -------------------------------------------------------------------
                         required time                         17.128    
                         arrival time                          -3.604    
  -------------------------------------------------------------------
                         slack                                 13.524    





Min Delay Paths
--------------------------------------------------------------------------------------
Slack (MET) :             1.535ns  (arrival time - required time)
  Source:                 u_crheepto_top/u_core_v_mini_mcu/debug_subsystem_i/dmi_jtag_i/i_dmi_cdc/i_cdc_req/i_cdc_reset_ctrlr/i_cdc_reset_ctrlr_half_a/i_state_transition_cdc_src/req_src_q_reg/C
                            (rising edge-triggered cell FDPE clocked by jtag_clk_pin  {rise@0.000ns fall@5.000ns period=100.000ns})
  Destination:            u_crheepto_top/u_core_v_mini_mcu/debug_subsystem_i/dmi_jtag_i/i_dmi_cdc/i_cdc_req/i_cdc_reset_ctrlr/i_cdc_reset_ctrlr_half_b/i_state_transition_cdc_dst/i_sync/reg_q_reg[0]/D
                            (rising edge-triggered cell FDCE clocked by clk_out1_xilinx_clk_wizard_clk_wiz_0_0_1  {rise@0.000ns fall@33.333ns period=66.667ns})
  Path Group:             clk_out1_xilinx_clk_wizard_clk_wiz_0_0_1
  Path Type:              Hold (Min at Fast Process Corner)
  Requirement:            0.000ns  (clk_out1_xilinx_clk_wizard_clk_wiz_0_0_1 rise@0.000ns - jtag_clk_pin rise@0.000ns)
  Data Path Delay:        0.288ns  (logic 0.147ns (51.079%)  route 0.141ns (48.921%))
  Logic Levels:           0  
  Clock Path Skew:        -1.622ns (DCD - SCD - CPR)
    Destination Clock Delay (DCD):    -1.102ns
    Source Clock Delay      (SCD):    0.520ns
    Clock Pessimism Removal (CPR):    -0.000ns
  Clock Uncertainty:      0.384ns  ((TSJ^2 + DJ^2)^1/2) / 2 + PE
    Total System Jitter     (TSJ):    0.071ns
    Discrete Jitter          (DJ):    0.285ns
    Phase Error              (PE):    0.237ns
  Clock Domain Crossing:  Inter clock paths are considered valid unless explicitly excluded by timing constraints such as set_clock_groups or set_false_path.

    Location             Delay type                Incr(ns)  Path(ns)    Netlist Resource(s)
  -------------------------------------------------------------------    -------------------
                         (clock jtag_clk_pin rise edge)
                                                      0.000     0.000 r  
    W16                                               0.000     0.000 r  jtag_tck_i (INOUT)
                         net (fo=0)                   0.000     0.000    jtag_tck_i
    W16                  IBUF (Prop_ibuf_I_O)         0.266     0.266 r  jtag_tck_i_IBUF_inst/O
                         net (fo=3, unplaced)         0.114     0.380    jtag_tck_i_IBUF
                         BUFG (Prop_bufg_I_O)         0.026     0.406 r  jtag_tck_i_IBUF_BUFG_inst/O
                         net (fo=303, unplaced)       0.114     0.520    u_crheepto_top/u_core_v_mini_mcu/debug_subsystem_i/dmi_jtag_i/i_dmi_cdc/i_cdc_req/i_cdc_reset_ctrlr/i_cdc_reset_ctrlr_half_a/i_state_transition_cdc_src/jtag_tck_i_IBUF_BUFG
                         FDPE                                         r  u_crheepto_top/u_core_v_mini_mcu/debug_subsystem_i/dmi_jtag_i/i_dmi_cdc/i_cdc_req/i_cdc_reset_ctrlr/i_cdc_reset_ctrlr_half_a/i_state_transition_cdc_src/req_src_q_reg/C
  -------------------------------------------------------------------    -------------------
                         FDPE (Prop_fdpe_C_Q)         0.147     0.667 r  u_crheepto_top/u_core_v_mini_mcu/debug_subsystem_i/dmi_jtag_i/i_dmi_cdc/i_cdc_req/i_cdc_reset_ctrlr/i_cdc_reset_ctrlr_half_a/i_state_transition_cdc_src/req_src_q_reg/Q
                         net (fo=1, unplaced)         0.141     0.808    u_crheepto_top/u_core_v_mini_mcu/debug_subsystem_i/dmi_jtag_i/i_dmi_cdc/i_cdc_req/i_cdc_reset_ctrlr/i_cdc_reset_ctrlr_half_b/i_state_transition_cdc_dst/i_sync/reg_q_reg[0]_1[0]
                         FDCE                                         r  u_crheepto_top/u_core_v_mini_mcu/debug_subsystem_i/dmi_jtag_i/i_dmi_cdc/i_cdc_req/i_cdc_reset_ctrlr/i_cdc_reset_ctrlr_half_b/i_state_transition_cdc_dst/i_sync/reg_q_reg[0]/D
  -------------------------------------------------------------------    -------------------

                         (clock clk_out1_xilinx_clk_wizard_clk_wiz_0_0_1 rise edge)
                                                      0.000     0.000 r  
    H16                                               0.000     0.000 r  clk_i (INOUT)
                         net (fo=0)                   0.000     0.000    xilinx_clk_wizard_wrapper_i/xilinx_clk_wizard_i/clk_wiz_0/inst/clk_in1
    H16                  IBUF (Prop_ibuf_I_O)         0.406     0.406 r  xilinx_clk_wizard_wrapper_i/xilinx_clk_wizard_i/clk_wiz_0/inst/clkin1_ibufg/O
                         net (fo=1, unplaced)         0.259     0.665    xilinx_clk_wizard_wrapper_i/xilinx_clk_wizard_i/clk_wiz_0/inst/clk_in1_xilinx_clk_wizard_clk_wiz_0_0
                         MMCME2_ADV (Prop_mmcme2_adv_CLKIN1_CLKOUT0)
                                                     -2.410    -1.744 r  xilinx_clk_wizard_wrapper_i/xilinx_clk_wizard_i/clk_wiz_0/inst/mmcm_adv_inst/CLKOUT0
                         net (fo=1, unplaced)         0.355    -1.390    xilinx_clk_wizard_wrapper_i/xilinx_clk_wizard_i/clk_wiz_0/inst/clk_out1_xilinx_clk_wizard_clk_wiz_0_0
                         BUFG (Prop_bufg_I_O)         0.029    -1.361 r  xilinx_clk_wizard_wrapper_i/xilinx_clk_wizard_i/clk_wiz_0/inst/clkout1_buf/O
                         net (fo=37312, unplaced)     0.259    -1.102    u_crheepto_top/u_core_v_mini_mcu/debug_subsystem_i/dmi_jtag_i/i_dmi_cdc/i_cdc_req/i_cdc_reset_ctrlr/i_cdc_reset_ctrlr_half_b/i_state_transition_cdc_dst/i_sync/clk_out1_0
                         FDCE                                         r  u_crheepto_top/u_core_v_mini_mcu/debug_subsystem_i/dmi_jtag_i/i_dmi_cdc/i_cdc_req/i_cdc_reset_ctrlr/i_cdc_reset_ctrlr_half_b/i_state_transition_cdc_dst/i_sync/reg_q_reg[0]/C
                         clock pessimism              0.000    -1.102    
                         clock uncertainty            0.384    -0.718    
                         FDCE (Hold_fdce_C_D)        -0.009    -0.727    u_crheepto_top/u_core_v_mini_mcu/debug_subsystem_i/dmi_jtag_i/i_dmi_cdc/i_cdc_req/i_cdc_reset_ctrlr/i_cdc_reset_ctrlr_half_b/i_state_transition_cdc_dst/i_sync/reg_q_reg[0]
  -------------------------------------------------------------------
                         required time                          0.727    
                         arrival time                           0.808    
  -------------------------------------------------------------------
                         slack                                  1.535    





---------------------------------------------------------------------------------------------------
From Clock:  spi_slave_clk_pin
  To Clock:  clk_out1_xilinx_clk_wizard_clk_wiz_0_0_1

Setup :            1  Failing Endpoint ,  Worst Slack       -4.772ns,  Total Violation       -4.772ns
Hold  :            0  Failing Endpoints,  Worst Slack        1.342ns,  Total Violation        0.000ns
---------------------------------------------------------------------------------------------------


Max Delay Paths
--------------------------------------------------------------------------------------
Slack (VIOLATED) :        -4.772ns  (required time - arrival time)
  Source:                 spi_slave_sck_io
                            (clock source 'spi_slave_clk_pin'  {rise@0.000ns fall@5.000ns period=16.000ns})
  Destination:            u_crheepto_top/u_core_v_mini_mcu/ao_peripheral_subsystem_i/gpio_ao_i/gen_gpios[5].i_sync_gpio_input/i_sync/reg_q_reg[0]/D
                            (rising edge-triggered cell FDCE clocked by clk_out1_xilinx_clk_wizard_clk_wiz_0_0_1  {rise@0.000ns fall@33.333ns period=66.667ns})
  Path Group:             clk_out1_xilinx_clk_wizard_clk_wiz_0_0_1
  Path Type:              Setup (Max at Slow Process Corner)
  Requirement:            0.333ns  (clk_out1_xilinx_clk_wizard_clk_wiz_0_0_1 rise@133.333ns - spi_slave_clk_pin fall@133.000ns)
  Data Path Delay:        2.497ns  (logic 1.697ns (67.975%)  route 0.800ns (32.025%))
  Logic Levels:           2  (IBUF=1 LUT2=1)
  Clock Path Skew:        -2.269ns (DCD - SCD + CPR)
    Destination Clock Delay (DCD):    -2.269ns = ( 131.065 - 133.333 ) 
    Source Clock Delay      (SCD):    0.000ns = ( 133.000 - 133.000 ) 
    Clock Pessimism Removal (CPR):    0.000ns
  Clock Uncertainty:      0.384ns  ((TSJ^2 + DJ^2)^1/2) / 2 + PE
    Total System Jitter     (TSJ):    0.071ns
    Discrete Jitter          (DJ):    0.285ns
    Phase Error              (PE):    0.237ns
  Clock Domain Crossing:  Inter clock paths are considered valid unless explicitly excluded by timing constraints such as set_clock_groups or set_false_path.

    Location             Delay type                Incr(ns)  Path(ns)    Netlist Resource(s)
  -------------------------------------------------------------------    -------------------
                         (clock spi_slave_clk_pin fall edge)
                                                    133.000   133.000 f  
    U7                                                0.000   133.000 f  spi_slave_sck_io (INOUT)
                         net (fo=1, unset)            0.000   133.000    u_crheepto_top/u_pad_ring/pad_spi_slave_sck_i/xilinx_iobuf_i/IO
    U7                   IBUF (Prop_ibuf_I_O)         1.573   134.573 f  u_crheepto_top/u_pad_ring/pad_spi_slave_sck_i/xilinx_iobuf_i/IBUF/O
                         net (fo=1, unplaced)         0.800   135.373    u_crheepto_top/u_pad_control/pad_control_reg_top_i/u_pad_mux_spi_slave_sck/spi_slave_sck_in_x_muxed
                         LUT2 (Prop_lut2_I1_O)        0.124   135.497 f  u_crheepto_top/u_pad_control/pad_control_reg_top_i/u_pad_mux_spi_slave_sck/reg_q[0]_i_1/O
                         net (fo=1, unplaced)         0.000   135.497    u_crheepto_top/u_core_v_mini_mcu/ao_peripheral_subsystem_i/gpio_ao_i/gen_gpios[5].i_sync_gpio_input/i_sync/gpio_in[0]
                         FDCE                                         f  u_crheepto_top/u_core_v_mini_mcu/ao_peripheral_subsystem_i/gpio_ao_i/gen_gpios[5].i_sync_gpio_input/i_sync/reg_q_reg[0]/D
  -------------------------------------------------------------------    -------------------

                         (clock clk_out1_xilinx_clk_wizard_clk_wiz_0_0_1 rise edge)
                                                    133.333   133.333 r  
    H16                                               0.000   133.333 r  clk_i (INOUT)
                         net (fo=0)                   0.000   133.333    xilinx_clk_wizard_wrapper_i/xilinx_clk_wizard_i/clk_wiz_0/inst/clk_in1
    H16                  IBUF (Prop_ibuf_I_O)         1.380   134.714 r  xilinx_clk_wizard_wrapper_i/xilinx_clk_wizard_i/clk_wiz_0/inst/clkin1_ibufg/O
                         net (fo=1, unplaced)         0.439   135.153    xilinx_clk_wizard_wrapper_i/xilinx_clk_wizard_i/clk_wiz_0/inst/clk_in1_xilinx_clk_wizard_clk_wiz_0_0
                         MMCME2_ADV (Prop_mmcme2_adv_CLKIN1_CLKOUT0)
                                                     -5.378   129.775 r  xilinx_clk_wizard_wrapper_i/xilinx_clk_wizard_i/clk_wiz_0/inst/mmcm_adv_inst/CLKOUT0
                         net (fo=1, unplaced)         0.760   130.535    xilinx_clk_wizard_wrapper_i/xilinx_clk_wizard_i/clk_wiz_0/inst/clk_out1_xilinx_clk_wizard_clk_wiz_0_0
                         BUFG (Prop_bufg_I_O)         0.091   130.626 r  xilinx_clk_wizard_wrapper_i/xilinx_clk_wizard_i/clk_wiz_0/inst/clkout1_buf/O
                         net (fo=37312, unplaced)     0.439   131.065    u_crheepto_top/u_core_v_mini_mcu/ao_peripheral_subsystem_i/gpio_ao_i/gen_gpios[5].i_sync_gpio_input/i_sync/clk_out1_0
                         FDCE                                         r  u_crheepto_top/u_core_v_mini_mcu/ao_peripheral_subsystem_i/gpio_ao_i/gen_gpios[5].i_sync_gpio_input/i_sync/reg_q_reg[0]/C
                         clock pessimism              0.000   131.065    
                         clock uncertainty           -0.384   130.681    
                         FDCE (Setup_fdce_C_D)        0.044   130.725    u_crheepto_top/u_core_v_mini_mcu/ao_peripheral_subsystem_i/gpio_ao_i/gen_gpios[5].i_sync_gpio_input/i_sync/reg_q_reg[0]
  -------------------------------------------------------------------
                         required time                        130.725    
                         arrival time                        -135.497    
  -------------------------------------------------------------------
                         slack                                 -4.772    





Min Delay Paths
--------------------------------------------------------------------------------------
Slack (MET) :             1.342ns  (arrival time - required time)
  Source:                 spi_slave_sck_io
                            (clock source 'spi_slave_clk_pin'  {rise@0.000ns fall@5.000ns period=16.000ns})
  Destination:            u_crheepto_top/u_core_v_mini_mcu/ao_peripheral_subsystem_i/gpio_ao_i/gen_gpios[5].i_sync_gpio_input/i_sync/reg_q_reg[0]/D
                            (rising edge-triggered cell FDCE clocked by clk_out1_xilinx_clk_wizard_clk_wiz_0_0_1  {rise@0.000ns fall@33.333ns period=66.667ns})
  Path Group:             clk_out1_xilinx_clk_wizard_clk_wiz_0_0_1
  Path Type:              Hold (Min at Fast Process Corner)
  Requirement:            0.000ns  (clk_out1_xilinx_clk_wizard_clk_wiz_0_0_1 rise@0.000ns - spi_slave_clk_pin rise@0.000ns)
  Data Path Delay:        0.722ns  (logic 0.385ns (53.342%)  route 0.337ns (46.658%))
  Logic Levels:           2  (IBUF=1 LUT2=1)
  Clock Path Skew:        -1.102ns (DCD - SCD - CPR)
    Destination Clock Delay (DCD):    -1.102ns
    Source Clock Delay      (SCD):    0.000ns
    Clock Pessimism Removal (CPR):    -0.000ns
  Clock Uncertainty:      0.384ns  ((TSJ^2 + DJ^2)^1/2) / 2 + PE
    Total System Jitter     (TSJ):    0.071ns
    Discrete Jitter          (DJ):    0.285ns
    Phase Error              (PE):    0.237ns
  Clock Domain Crossing:  Inter clock paths are considered valid unless explicitly excluded by timing constraints such as set_clock_groups or set_false_path.

    Location             Delay type                Incr(ns)  Path(ns)    Netlist Resource(s)
  -------------------------------------------------------------------    -------------------
                         (clock spi_slave_clk_pin rise edge)
                                                      0.000     0.000 r  
    U7                                                0.000     0.000 r  spi_slave_sck_io (INOUT)
                         net (fo=1, unset)            0.000     0.000    u_crheepto_top/u_pad_ring/pad_spi_slave_sck_i/xilinx_iobuf_i/IO
    U7                   IBUF (Prop_ibuf_I_O)         0.340     0.340 r  u_crheepto_top/u_pad_ring/pad_spi_slave_sck_i/xilinx_iobuf_i/IBUF/O
                         net (fo=1, unplaced)         0.337     0.677    u_crheepto_top/u_pad_control/pad_control_reg_top_i/u_pad_mux_spi_slave_sck/spi_slave_sck_in_x_muxed
                         LUT2 (Prop_lut2_I1_O)        0.045     0.722 r  u_crheepto_top/u_pad_control/pad_control_reg_top_i/u_pad_mux_spi_slave_sck/reg_q[0]_i_1/O
                         net (fo=1, unplaced)         0.000     0.722    u_crheepto_top/u_core_v_mini_mcu/ao_peripheral_subsystem_i/gpio_ao_i/gen_gpios[5].i_sync_gpio_input/i_sync/gpio_in[0]
                         FDCE                                         r  u_crheepto_top/u_core_v_mini_mcu/ao_peripheral_subsystem_i/gpio_ao_i/gen_gpios[5].i_sync_gpio_input/i_sync/reg_q_reg[0]/D
  -------------------------------------------------------------------    -------------------

                         (clock clk_out1_xilinx_clk_wizard_clk_wiz_0_0_1 rise edge)
                                                      0.000     0.000 r  
    H16                                               0.000     0.000 r  clk_i (INOUT)
                         net (fo=0)                   0.000     0.000    xilinx_clk_wizard_wrapper_i/xilinx_clk_wizard_i/clk_wiz_0/inst/clk_in1
    H16                  IBUF (Prop_ibuf_I_O)         0.406     0.406 r  xilinx_clk_wizard_wrapper_i/xilinx_clk_wizard_i/clk_wiz_0/inst/clkin1_ibufg/O
                         net (fo=1, unplaced)         0.259     0.665    xilinx_clk_wizard_wrapper_i/xilinx_clk_wizard_i/clk_wiz_0/inst/clk_in1_xilinx_clk_wizard_clk_wiz_0_0
                         MMCME2_ADV (Prop_mmcme2_adv_CLKIN1_CLKOUT0)
                                                     -2.410    -1.744 r  xilinx_clk_wizard_wrapper_i/xilinx_clk_wizard_i/clk_wiz_0/inst/mmcm_adv_inst/CLKOUT0
                         net (fo=1, unplaced)         0.355    -1.390    xilinx_clk_wizard_wrapper_i/xilinx_clk_wizard_i/clk_wiz_0/inst/clk_out1_xilinx_clk_wizard_clk_wiz_0_0
                         BUFG (Prop_bufg_I_O)         0.029    -1.361 r  xilinx_clk_wizard_wrapper_i/xilinx_clk_wizard_i/clk_wiz_0/inst/clkout1_buf/O
                         net (fo=37312, unplaced)     0.259    -1.102    u_crheepto_top/u_core_v_mini_mcu/ao_peripheral_subsystem_i/gpio_ao_i/gen_gpios[5].i_sync_gpio_input/i_sync/clk_out1_0
                         FDCE                                         r  u_crheepto_top/u_core_v_mini_mcu/ao_peripheral_subsystem_i/gpio_ao_i/gen_gpios[5].i_sync_gpio_input/i_sync/reg_q_reg[0]/C
                         clock pessimism              0.000    -1.102    
                         clock uncertainty            0.384    -0.718    
                         FDCE (Hold_fdce_C_D)         0.099    -0.619    u_crheepto_top/u_core_v_mini_mcu/ao_peripheral_subsystem_i/gpio_ao_i/gen_gpios[5].i_sync_gpio_input/i_sync/reg_q_reg[0]
  -------------------------------------------------------------------
                         required time                          0.619    
                         arrival time                           0.722    
  -------------------------------------------------------------------
                         slack                                  1.342    





---------------------------------------------------------------------------------------------------
Path Group:  **async_default**
From Clock:  clk_out1_xilinx_clk_wizard_clk_wiz_0_0
  To Clock:  clk_out1_xilinx_clk_wizard_clk_wiz_0_0

Setup :            0  Failing Endpoints,  Worst Slack       30.503ns,  Total Violation        0.000ns
Hold  :            0  Failing Endpoints,  Worst Slack        0.442ns,  Total Violation        0.000ns
---------------------------------------------------------------------------------------------------


Max Delay Paths
--------------------------------------------------------------------------------------
Slack (MET) :             30.503ns  (required time - arrival time)
  Source:                 u_crheepto_top/u_core_v_mini_mcu/ao_peripheral_subsystem_i/power_manager_i/power_manager_sequence_periph_reset_i/switch_onoff_signal_q_reg/C
                            (rising edge-triggered cell FDCE clocked by clk_out1_xilinx_clk_wizard_clk_wiz_0_0  {rise@0.000ns fall@33.333ns period=66.667ns})
  Destination:            u_crheepto_top/u_core_v_mini_mcu/peripheral_subsystem_i/i2s_i/i2s_core_i/i2s_clk_gen_i/t_ff2_q_reg/CLR
                            (recovery check against rising-edge clock clk_out1_xilinx_clk_wizard_clk_wiz_0_0  {rise@0.000ns fall@33.333ns period=66.667ns})
  Path Group:             **async_default**
  Path Type:              Recovery (Max at Slow Process Corner)
  Requirement:            33.333ns  (clk_out1_xilinx_clk_wizard_clk_wiz_0_0 fall@33.333ns - clk_out1_xilinx_clk_wizard_clk_wiz_0_0 rise@0.000ns)
  Data Path Delay:        2.177ns  (logic 0.773ns (35.508%)  route 1.404ns (64.492%))
  Logic Levels:           1  (LUT2=1)
  Clock Path Skew:        -0.145ns (DCD - SCD + CPR)
    Destination Clock Delay (DCD):    -2.269ns = ( 31.065 - 33.333 ) 
    Source Clock Delay      (SCD):    -1.593ns
    Clock Pessimism Removal (CPR):    0.530ns
  Clock Uncertainty:      0.159ns  ((TSJ^2 + DJ^2)^1/2) / 2 + PE
    Total System Jitter     (TSJ):    0.071ns
    Discrete Jitter          (DJ):    0.311ns
    Phase Error              (PE):    0.000ns

    Location             Delay type                Incr(ns)  Path(ns)    Netlist Resource(s)
  -------------------------------------------------------------------    -------------------
                         (clock clk_out1_xilinx_clk_wizard_clk_wiz_0_0 rise edge)
                                                      0.000     0.000 r  
    H16                                               0.000     0.000 r  clk_i (INOUT)
                         net (fo=0)                   0.000     0.000    xilinx_clk_wizard_wrapper_i/xilinx_clk_wizard_i/clk_wiz_0/inst/clk_in1
    H16                  IBUF (Prop_ibuf_I_O)         1.451     1.451 r  xilinx_clk_wizard_wrapper_i/xilinx_clk_wizard_i/clk_wiz_0/inst/clkin1_ibufg/O
                         net (fo=1, unplaced)         0.584     2.035    xilinx_clk_wizard_wrapper_i/xilinx_clk_wizard_i/clk_wiz_0/inst/clk_in1_xilinx_clk_wizard_clk_wiz_0_0
                         MMCME2_ADV (Prop_mmcme2_adv_CLKIN1_CLKOUT0)
                                                     -5.113    -3.078 r  xilinx_clk_wizard_wrapper_i/xilinx_clk_wizard_i/clk_wiz_0/inst/mmcm_adv_inst/CLKOUT0
                         net (fo=1, unplaced)         0.800    -2.278    xilinx_clk_wizard_wrapper_i/xilinx_clk_wizard_i/clk_wiz_0/inst/clk_out1_xilinx_clk_wizard_clk_wiz_0_0
                         BUFG (Prop_bufg_I_O)         0.101    -2.177 r  xilinx_clk_wizard_wrapper_i/xilinx_clk_wizard_i/clk_wiz_0/inst/clkout1_buf/O
                         net (fo=37312, unplaced)     0.584    -1.593    u_crheepto_top/u_core_v_mini_mcu/ao_peripheral_subsystem_i/power_manager_i/power_manager_sequence_periph_reset_i/clk_out1_0
                         FDCE                                         r  u_crheepto_top/u_core_v_mini_mcu/ao_peripheral_subsystem_i/power_manager_i/power_manager_sequence_periph_reset_i/switch_onoff_signal_q_reg/C
  -------------------------------------------------------------------    -------------------
                         FDCE (Prop_fdce_C_Q)         0.478    -1.115 r  u_crheepto_top/u_core_v_mini_mcu/ao_peripheral_subsystem_i/power_manager_i/power_manager_sequence_periph_reset_i/switch_onoff_signal_q_reg/Q
                         net (fo=3, unplaced)         0.488    -0.627    u_crheepto_top/u_core_v_mini_mcu/ao_peripheral_subsystem_i/power_manager_i/power_manager_sequence_periph_reset_i/peripheral_subsystem_pwr_ctrl_out[rst_n]
                         LUT2 (Prop_lut2_I0_O)        0.295    -0.332 f  u_crheepto_top/u_core_v_mini_mcu/ao_peripheral_subsystem_i/power_manager_i/power_manager_sequence_periph_reset_i/q[31]_i_3__20/O
                         net (fo=3473, unplaced)      0.916     0.584    u_crheepto_top/u_core_v_mini_mcu/peripheral_subsystem_i/i2s_i/i2s_core_i/i2s_clk_gen_i/t_ff1_q_reg_0
                         FDCE                                         f  u_crheepto_top/u_core_v_mini_mcu/peripheral_subsystem_i/i2s_i/i2s_core_i/i2s_clk_gen_i/t_ff2_q_reg/CLR
  -------------------------------------------------------------------    -------------------

                         (clock clk_out1_xilinx_clk_wizard_clk_wiz_0_0 fall edge)
                                                     33.333    33.333 f  
    H16                                               0.000    33.333 f  clk_i (INOUT)
                         net (fo=0)                   0.000    33.333    xilinx_clk_wizard_wrapper_i/xilinx_clk_wizard_i/clk_wiz_0/inst/clk_in1
    H16                  IBUF (Prop_ibuf_I_O)         1.380    34.714 f  xilinx_clk_wizard_wrapper_i/xilinx_clk_wizard_i/clk_wiz_0/inst/clkin1_ibufg/O
                         net (fo=1, unplaced)         0.439    35.153    xilinx_clk_wizard_wrapper_i/xilinx_clk_wizard_i/clk_wiz_0/inst/clk_in1_xilinx_clk_wizard_clk_wiz_0_0
                         MMCME2_ADV (Prop_mmcme2_adv_CLKIN1_CLKOUT0)
                                                     -5.378    29.775 f  xilinx_clk_wizard_wrapper_i/xilinx_clk_wizard_i/clk_wiz_0/inst/mmcm_adv_inst/CLKOUT0
                         net (fo=1, unplaced)         0.760    30.535    xilinx_clk_wizard_wrapper_i/xilinx_clk_wizard_i/clk_wiz_0/inst/clk_out1_xilinx_clk_wizard_clk_wiz_0_0
                         BUFG (Prop_bufg_I_O)         0.091    30.626 f  xilinx_clk_wizard_wrapper_i/xilinx_clk_wizard_i/clk_wiz_0/inst/clkout1_buf/O
                         net (fo=37312, unplaced)     0.439    31.065    u_crheepto_top/u_core_v_mini_mcu/peripheral_subsystem_i/i2s_i/i2s_core_i/i2s_clk_gen_i/clk_out1_0
                         FDCE                                         r  u_crheepto_top/u_core_v_mini_mcu/peripheral_subsystem_i/i2s_i/i2s_core_i/i2s_clk_gen_i/t_ff2_q_reg/C  (IS_INVERTED)
                         clock pessimism              0.530    31.595    
                         clock uncertainty           -0.159    31.436    
                         FDCE (Recov_fdce_C_CLR)     -0.349    31.087    u_crheepto_top/u_core_v_mini_mcu/peripheral_subsystem_i/i2s_i/i2s_core_i/i2s_clk_gen_i/t_ff2_q_reg
  -------------------------------------------------------------------
                         required time                         31.087    
                         arrival time                          -0.584    
  -------------------------------------------------------------------
                         slack                                 30.503    





Min Delay Paths
--------------------------------------------------------------------------------------
Slack (MET) :             0.442ns  (arrival time - required time)
  Source:                 u_crheepto_top/u_core_v_mini_mcu/debug_subsystem_i/dm_obi_top_i/i_dm_top/i_dm_csrs/dmcontrol_q_reg[ndmreset]/C
                            (rising edge-triggered cell FDCE clocked by clk_out1_xilinx_clk_wizard_clk_wiz_0_0  {rise@0.000ns fall@33.333ns period=66.667ns})
  Destination:            u_crheepto_top/u_core_v_mini_mcu/peripheral_subsystem_i/i2s_i/i2s_core_i/data_en_req_sync_i/reg_q_reg[0]/CLR
                            (removal check against rising-edge clock clk_out1_xilinx_clk_wizard_clk_wiz_0_0  {rise@0.000ns fall@33.333ns period=66.667ns})
  Path Group:             **async_default**
  Path Type:              Removal (Min at Fast Process Corner)
  Requirement:            0.000ns  (clk_out1_xilinx_clk_wizard_clk_wiz_0_0 rise@0.000ns - clk_out1_xilinx_clk_wizard_clk_wiz_0_0 rise@0.000ns)
  Data Path Delay:        0.787ns  (logic 0.245ns (31.111%)  route 0.542ns (68.889%))
  Logic Levels:           1  (LUT2=1)
  Clock Path Skew:        0.433ns (DCD - SCD - CPR)
    Destination Clock Delay (DCD):    -0.814ns
    Source Clock Delay      (SCD):    -0.966ns
    Clock Pessimism Removal (CPR):    -0.280ns

    Location             Delay type                Incr(ns)  Path(ns)    Netlist Resource(s)
  -------------------------------------------------------------------    -------------------
                         (clock clk_out1_xilinx_clk_wizard_clk_wiz_0_0 rise edge)
                                                      0.000     0.000 r  
    H16                                               0.000     0.000 r  clk_i (INOUT)
                         net (fo=0)                   0.000     0.000    xilinx_clk_wizard_wrapper_i/xilinx_clk_wizard_i/clk_wiz_0/inst/clk_in1
    H16                  IBUF (Prop_ibuf_I_O)         0.219     0.219 r  xilinx_clk_wizard_wrapper_i/xilinx_clk_wizard_i/clk_wiz_0/inst/clkin1_ibufg/O
                         net (fo=1, unplaced)         0.114     0.333    xilinx_clk_wizard_wrapper_i/xilinx_clk_wizard_i/clk_wiz_0/inst/clk_in1_xilinx_clk_wizard_clk_wiz_0_0
                         MMCME2_ADV (Prop_mmcme2_adv_CLKIN1_CLKOUT0)
                                                     -1.776    -1.443 r  xilinx_clk_wizard_wrapper_i/xilinx_clk_wizard_i/clk_wiz_0/inst/mmcm_adv_inst/CLKOUT0
                         net (fo=1, unplaced)         0.337    -1.106    xilinx_clk_wizard_wrapper_i/xilinx_clk_wizard_i/clk_wiz_0/inst/clk_out1_xilinx_clk_wizard_clk_wiz_0_0
                         BUFG (Prop_bufg_I_O)         0.026    -1.080 r  xilinx_clk_wizard_wrapper_i/xilinx_clk_wizard_i/clk_wiz_0/inst/clkout1_buf/O
                         net (fo=37312, unplaced)     0.114    -0.966    u_crheepto_top/u_core_v_mini_mcu/debug_subsystem_i/dm_obi_top_i/i_dm_top/i_dm_csrs/clk_out1_0
                         FDCE                                         r  u_crheepto_top/u_core_v_mini_mcu/debug_subsystem_i/dm_obi_top_i/i_dm_top/i_dm_csrs/dmcontrol_q_reg[ndmreset]/C
  -------------------------------------------------------------------    -------------------
                         FDCE (Prop_fdce_C_Q)         0.147    -0.819 f  u_crheepto_top/u_core_v_mini_mcu/debug_subsystem_i/dm_obi_top_i/i_dm_top/i_dm_csrs/dmcontrol_q_reg[ndmreset]/Q
                         net (fo=20, unplaced)        0.156    -0.663    u_crheepto_top/u_core_v_mini_mcu/ao_peripheral_subsystem_i/power_manager_i/power_manager_sequence_periph_reset_i/rx_buf_valid_q_reg
                         LUT2 (Prop_lut2_I1_O)        0.098    -0.565 f  u_crheepto_top/u_core_v_mini_mcu/ao_peripheral_subsystem_i/power_manager_i/power_manager_sequence_periph_reset_i/q[31]_i_3__20/O
                         net (fo=3473, unplaced)      0.386    -0.179    u_crheepto_top/u_core_v_mini_mcu/peripheral_subsystem_i/i2s_i/i2s_core_i/data_en_req_sync_i/reg_q_reg[0]_0
                         FDCE                                         f  u_crheepto_top/u_core_v_mini_mcu/peripheral_subsystem_i/i2s_i/i2s_core_i/data_en_req_sync_i/reg_q_reg[0]/CLR
  -------------------------------------------------------------------    -------------------

                         (clock clk_out1_xilinx_clk_wizard_clk_wiz_0_0 rise edge)
                                                      0.000     0.000 r  
    H16                                               0.000     0.000 r  clk_i (INOUT)
                         net (fo=0)                   0.000     0.000    xilinx_clk_wizard_wrapper_i/xilinx_clk_wizard_i/clk_wiz_0/inst/clk_in1
    H16                  IBUF (Prop_ibuf_I_O)         0.406     0.406 r  xilinx_clk_wizard_wrapper_i/xilinx_clk_wizard_i/clk_wiz_0/inst/clkin1_ibufg/O
                         net (fo=1, unplaced)         0.259     0.665    xilinx_clk_wizard_wrapper_i/xilinx_clk_wizard_i/clk_wiz_0/inst/clk_in1_xilinx_clk_wizard_clk_wiz_0_0
                         MMCME2_ADV (Prop_mmcme2_adv_CLKIN1_CLKOUT0)
                                                     -2.410    -1.744 r  xilinx_clk_wizard_wrapper_i/xilinx_clk_wizard_i/clk_wiz_0/inst/mmcm_adv_inst/CLKOUT0
                         net (fo=1, unplaced)         0.355    -1.390    xilinx_clk_wizard_wrapper_i/xilinx_clk_wizard_i/clk_wiz_0/inst/clk_out1_xilinx_clk_wizard_clk_wiz_0_0
                         BUFG (Prop_bufg_I_O)         0.029    -1.361 r  xilinx_clk_wizard_wrapper_i/xilinx_clk_wizard_i/clk_wiz_0/inst/clkout1_buf/O
                         net (fo=37312, unplaced)     0.259    -1.102    u_crheepto_top/u_core_v_mini_mcu/peripheral_subsystem_i/i2s_i/i2s_core_i/i2s_clk_gen_i/i_clk_bypass_mux/xilinx_i_clk_mux2_i/clk_out1_0
                         BUFGCTRL (Prop_bufgctrl_I1_O)
                                                      0.029    -1.073 r  u_crheepto_top/u_core_v_mini_mcu/peripheral_subsystem_i/i2s_i/i2s_core_i/i2s_clk_gen_i/i_clk_bypass_mux/xilinx_i_clk_mux2_i/i_BUFGMUX/O
                         net (fo=224, unplaced)       0.259    -0.814    u_crheepto_top/u_core_v_mini_mcu/peripheral_subsystem_i/i2s_i/i2s_core_i/data_en_req_sync_i/CLK
                         FDCE                                         r  u_crheepto_top/u_core_v_mini_mcu/peripheral_subsystem_i/i2s_i/i2s_core_i/data_en_req_sync_i/reg_q_reg[0]/C
                         clock pessimism              0.280    -0.533    
                         FDCE (Remov_fdce_C_CLR)     -0.088    -0.621    u_crheepto_top/u_core_v_mini_mcu/peripheral_subsystem_i/i2s_i/i2s_core_i/data_en_req_sync_i/reg_q_reg[0]
  -------------------------------------------------------------------
                         required time                          0.621    
                         arrival time                          -0.179    
  -------------------------------------------------------------------
                         slack                                  0.442    





---------------------------------------------------------------------------------------------------
Path Group:  **async_default**
From Clock:  clk_out1_xilinx_clk_wizard_clk_wiz_0_0_1
  To Clock:  clk_out1_xilinx_clk_wizard_clk_wiz_0_0

Setup :            0  Failing Endpoints,  Worst Slack       30.503ns,  Total Violation        0.000ns
Hold  :            0  Failing Endpoints,  Worst Slack        0.283ns,  Total Violation        0.000ns
---------------------------------------------------------------------------------------------------


Max Delay Paths
--------------------------------------------------------------------------------------
Slack (MET) :             30.503ns  (required time - arrival time)
  Source:                 u_crheepto_top/u_core_v_mini_mcu/ao_peripheral_subsystem_i/power_manager_i/power_manager_sequence_periph_reset_i/switch_onoff_signal_q_reg/C
                            (rising edge-triggered cell FDCE clocked by clk_out1_xilinx_clk_wizard_clk_wiz_0_0_1  {rise@0.000ns fall@33.333ns period=66.667ns})
  Destination:            u_crheepto_top/u_core_v_mini_mcu/peripheral_subsystem_i/i2s_i/i2s_core_i/i2s_clk_gen_i/t_ff2_q_reg/CLR
                            (recovery check against rising-edge clock clk_out1_xilinx_clk_wizard_clk_wiz_0_0  {rise@0.000ns fall@33.333ns period=66.667ns})
  Path Group:             **async_default**
  Path Type:              Recovery (Max at Slow Process Corner)
  Requirement:            33.333ns  (clk_out1_xilinx_clk_wizard_clk_wiz_0_0 fall@33.333ns - clk_out1_xilinx_clk_wizard_clk_wiz_0_0_1 rise@0.000ns)
  Data Path Delay:        2.177ns  (logic 0.773ns (35.508%)  route 1.404ns (64.492%))
  Logic Levels:           1  (LUT2=1)
  Clock Path Skew:        -0.145ns (DCD - SCD + CPR)
    Destination Clock Delay (DCD):    -2.269ns = ( 31.065 - 33.333 ) 
    Source Clock Delay      (SCD):    -1.593ns
    Clock Pessimism Removal (CPR):    0.530ns
  Clock Uncertainty:      0.159ns  ((TSJ^2 + DJ^2)^1/2) / 2 + PE
    Total System Jitter     (TSJ):    0.071ns
    Discrete Jitter          (DJ):    0.311ns
    Phase Error              (PE):    0.000ns
  Clock Domain Crossing:  Inter clock paths are considered valid unless explicitly excluded by timing constraints such as set_clock_groups or set_false_path.

    Location             Delay type                Incr(ns)  Path(ns)    Netlist Resource(s)
  -------------------------------------------------------------------    -------------------
                         (clock clk_out1_xilinx_clk_wizard_clk_wiz_0_0_1 rise edge)
                                                      0.000     0.000 r  
    H16                                               0.000     0.000 r  clk_i (INOUT)
                         net (fo=0)                   0.000     0.000    xilinx_clk_wizard_wrapper_i/xilinx_clk_wizard_i/clk_wiz_0/inst/clk_in1
    H16                  IBUF (Prop_ibuf_I_O)         1.451     1.451 r  xilinx_clk_wizard_wrapper_i/xilinx_clk_wizard_i/clk_wiz_0/inst/clkin1_ibufg/O
                         net (fo=1, unplaced)         0.584     2.035    xilinx_clk_wizard_wrapper_i/xilinx_clk_wizard_i/clk_wiz_0/inst/clk_in1_xilinx_clk_wizard_clk_wiz_0_0
                         MMCME2_ADV (Prop_mmcme2_adv_CLKIN1_CLKOUT0)
                                                     -5.113    -3.078 r  xilinx_clk_wizard_wrapper_i/xilinx_clk_wizard_i/clk_wiz_0/inst/mmcm_adv_inst/CLKOUT0
                         net (fo=1, unplaced)         0.800    -2.278    xilinx_clk_wizard_wrapper_i/xilinx_clk_wizard_i/clk_wiz_0/inst/clk_out1_xilinx_clk_wizard_clk_wiz_0_0
                         BUFG (Prop_bufg_I_O)         0.101    -2.177 r  xilinx_clk_wizard_wrapper_i/xilinx_clk_wizard_i/clk_wiz_0/inst/clkout1_buf/O
                         net (fo=37312, unplaced)     0.584    -1.593    u_crheepto_top/u_core_v_mini_mcu/ao_peripheral_subsystem_i/power_manager_i/power_manager_sequence_periph_reset_i/clk_out1_0
                         FDCE                                         r  u_crheepto_top/u_core_v_mini_mcu/ao_peripheral_subsystem_i/power_manager_i/power_manager_sequence_periph_reset_i/switch_onoff_signal_q_reg/C
  -------------------------------------------------------------------    -------------------
                         FDCE (Prop_fdce_C_Q)         0.478    -1.115 r  u_crheepto_top/u_core_v_mini_mcu/ao_peripheral_subsystem_i/power_manager_i/power_manager_sequence_periph_reset_i/switch_onoff_signal_q_reg/Q
                         net (fo=3, unplaced)         0.488    -0.627    u_crheepto_top/u_core_v_mini_mcu/ao_peripheral_subsystem_i/power_manager_i/power_manager_sequence_periph_reset_i/peripheral_subsystem_pwr_ctrl_out[rst_n]
                         LUT2 (Prop_lut2_I0_O)        0.295    -0.332 f  u_crheepto_top/u_core_v_mini_mcu/ao_peripheral_subsystem_i/power_manager_i/power_manager_sequence_periph_reset_i/q[31]_i_3__20/O
                         net (fo=3473, unplaced)      0.916     0.584    u_crheepto_top/u_core_v_mini_mcu/peripheral_subsystem_i/i2s_i/i2s_core_i/i2s_clk_gen_i/t_ff1_q_reg_0
                         FDCE                                         f  u_crheepto_top/u_core_v_mini_mcu/peripheral_subsystem_i/i2s_i/i2s_core_i/i2s_clk_gen_i/t_ff2_q_reg/CLR
  -------------------------------------------------------------------    -------------------

                         (clock clk_out1_xilinx_clk_wizard_clk_wiz_0_0 fall edge)
                                                     33.333    33.333 f  
    H16                                               0.000    33.333 f  clk_i (INOUT)
                         net (fo=0)                   0.000    33.333    xilinx_clk_wizard_wrapper_i/xilinx_clk_wizard_i/clk_wiz_0/inst/clk_in1
    H16                  IBUF (Prop_ibuf_I_O)         1.380    34.714 f  xilinx_clk_wizard_wrapper_i/xilinx_clk_wizard_i/clk_wiz_0/inst/clkin1_ibufg/O
                         net (fo=1, unplaced)         0.439    35.153    xilinx_clk_wizard_wrapper_i/xilinx_clk_wizard_i/clk_wiz_0/inst/clk_in1_xilinx_clk_wizard_clk_wiz_0_0
                         MMCME2_ADV (Prop_mmcme2_adv_CLKIN1_CLKOUT0)
                                                     -5.378    29.775 f  xilinx_clk_wizard_wrapper_i/xilinx_clk_wizard_i/clk_wiz_0/inst/mmcm_adv_inst/CLKOUT0
                         net (fo=1, unplaced)         0.760    30.535    xilinx_clk_wizard_wrapper_i/xilinx_clk_wizard_i/clk_wiz_0/inst/clk_out1_xilinx_clk_wizard_clk_wiz_0_0
                         BUFG (Prop_bufg_I_O)         0.091    30.626 f  xilinx_clk_wizard_wrapper_i/xilinx_clk_wizard_i/clk_wiz_0/inst/clkout1_buf/O
                         net (fo=37312, unplaced)     0.439    31.065    u_crheepto_top/u_core_v_mini_mcu/peripheral_subsystem_i/i2s_i/i2s_core_i/i2s_clk_gen_i/clk_out1_0
                         FDCE                                         r  u_crheepto_top/u_core_v_mini_mcu/peripheral_subsystem_i/i2s_i/i2s_core_i/i2s_clk_gen_i/t_ff2_q_reg/C  (IS_INVERTED)
                         clock pessimism              0.530    31.595    
                         clock uncertainty           -0.159    31.436    
                         FDCE (Recov_fdce_C_CLR)     -0.349    31.087    u_crheepto_top/u_core_v_mini_mcu/peripheral_subsystem_i/i2s_i/i2s_core_i/i2s_clk_gen_i/t_ff2_q_reg
  -------------------------------------------------------------------
                         required time                         31.087    
                         arrival time                          -0.584    
  -------------------------------------------------------------------
                         slack                                 30.503    





Min Delay Paths
--------------------------------------------------------------------------------------
Slack (MET) :             0.283ns  (arrival time - required time)
  Source:                 u_crheepto_top/u_core_v_mini_mcu/debug_subsystem_i/dm_obi_top_i/i_dm_top/i_dm_csrs/dmcontrol_q_reg[ndmreset]/C
                            (rising edge-triggered cell FDCE clocked by clk_out1_xilinx_clk_wizard_clk_wiz_0_0_1  {rise@0.000ns fall@33.333ns period=66.667ns})
  Destination:            u_crheepto_top/u_core_v_mini_mcu/peripheral_subsystem_i/i2s_i/i2s_core_i/data_en_req_sync_i/reg_q_reg[0]/CLR
                            (removal check against rising-edge clock clk_out1_xilinx_clk_wizard_clk_wiz_0_0  {rise@0.000ns fall@33.333ns period=66.667ns})
  Path Group:             **async_default**
  Path Type:              Removal (Min at Fast Process Corner)
  Requirement:            0.000ns  (clk_out1_xilinx_clk_wizard_clk_wiz_0_0 rise@0.000ns - clk_out1_xilinx_clk_wizard_clk_wiz_0_0_1 rise@0.000ns)
  Data Path Delay:        0.787ns  (logic 0.245ns (31.111%)  route 0.542ns (68.889%))
  Logic Levels:           1  (LUT2=1)
  Clock Path Skew:        0.433ns (DCD - SCD - CPR)
    Destination Clock Delay (DCD):    -0.814ns
    Source Clock Delay      (SCD):    -0.966ns
    Clock Pessimism Removal (CPR):    -0.280ns
  Clock Uncertainty:      0.159ns  ((TSJ^2 + DJ^2)^1/2) / 2 + PE
    Total System Jitter     (TSJ):    0.071ns
    Discrete Jitter          (DJ):    0.311ns
    Phase Error              (PE):    0.000ns
  Clock Domain Crossing:  Inter clock paths are considered valid unless explicitly excluded by timing constraints such as set_clock_groups or set_false_path.

    Location             Delay type                Incr(ns)  Path(ns)    Netlist Resource(s)
  -------------------------------------------------------------------    -------------------
                         (clock clk_out1_xilinx_clk_wizard_clk_wiz_0_0_1 rise edge)
                                                      0.000     0.000 r  
    H16                                               0.000     0.000 r  clk_i (INOUT)
                         net (fo=0)                   0.000     0.000    xilinx_clk_wizard_wrapper_i/xilinx_clk_wizard_i/clk_wiz_0/inst/clk_in1
    H16                  IBUF (Prop_ibuf_I_O)         0.219     0.219 r  xilinx_clk_wizard_wrapper_i/xilinx_clk_wizard_i/clk_wiz_0/inst/clkin1_ibufg/O
                         net (fo=1, unplaced)         0.114     0.333    xilinx_clk_wizard_wrapper_i/xilinx_clk_wizard_i/clk_wiz_0/inst/clk_in1_xilinx_clk_wizard_clk_wiz_0_0
                         MMCME2_ADV (Prop_mmcme2_adv_CLKIN1_CLKOUT0)
                                                     -1.776    -1.443 r  xilinx_clk_wizard_wrapper_i/xilinx_clk_wizard_i/clk_wiz_0/inst/mmcm_adv_inst/CLKOUT0
                         net (fo=1, unplaced)         0.337    -1.106    xilinx_clk_wizard_wrapper_i/xilinx_clk_wizard_i/clk_wiz_0/inst/clk_out1_xilinx_clk_wizard_clk_wiz_0_0
                         BUFG (Prop_bufg_I_O)         0.026    -1.080 r  xilinx_clk_wizard_wrapper_i/xilinx_clk_wizard_i/clk_wiz_0/inst/clkout1_buf/O
                         net (fo=37312, unplaced)     0.114    -0.966    u_crheepto_top/u_core_v_mini_mcu/debug_subsystem_i/dm_obi_top_i/i_dm_top/i_dm_csrs/clk_out1_0
                         FDCE                                         r  u_crheepto_top/u_core_v_mini_mcu/debug_subsystem_i/dm_obi_top_i/i_dm_top/i_dm_csrs/dmcontrol_q_reg[ndmreset]/C
  -------------------------------------------------------------------    -------------------
                         FDCE (Prop_fdce_C_Q)         0.147    -0.819 f  u_crheepto_top/u_core_v_mini_mcu/debug_subsystem_i/dm_obi_top_i/i_dm_top/i_dm_csrs/dmcontrol_q_reg[ndmreset]/Q
                         net (fo=20, unplaced)        0.156    -0.663    u_crheepto_top/u_core_v_mini_mcu/ao_peripheral_subsystem_i/power_manager_i/power_manager_sequence_periph_reset_i/rx_buf_valid_q_reg
                         LUT2 (Prop_lut2_I1_O)        0.098    -0.565 f  u_crheepto_top/u_core_v_mini_mcu/ao_peripheral_subsystem_i/power_manager_i/power_manager_sequence_periph_reset_i/q[31]_i_3__20/O
                         net (fo=3473, unplaced)      0.386    -0.179    u_crheepto_top/u_core_v_mini_mcu/peripheral_subsystem_i/i2s_i/i2s_core_i/data_en_req_sync_i/reg_q_reg[0]_0
                         FDCE                                         f  u_crheepto_top/u_core_v_mini_mcu/peripheral_subsystem_i/i2s_i/i2s_core_i/data_en_req_sync_i/reg_q_reg[0]/CLR
  -------------------------------------------------------------------    -------------------

                         (clock clk_out1_xilinx_clk_wizard_clk_wiz_0_0 rise edge)
                                                      0.000     0.000 r  
    H16                                               0.000     0.000 r  clk_i (INOUT)
                         net (fo=0)                   0.000     0.000    xilinx_clk_wizard_wrapper_i/xilinx_clk_wizard_i/clk_wiz_0/inst/clk_in1
    H16                  IBUF (Prop_ibuf_I_O)         0.406     0.406 r  xilinx_clk_wizard_wrapper_i/xilinx_clk_wizard_i/clk_wiz_0/inst/clkin1_ibufg/O
                         net (fo=1, unplaced)         0.259     0.665    xilinx_clk_wizard_wrapper_i/xilinx_clk_wizard_i/clk_wiz_0/inst/clk_in1_xilinx_clk_wizard_clk_wiz_0_0
                         MMCME2_ADV (Prop_mmcme2_adv_CLKIN1_CLKOUT0)
                                                     -2.410    -1.744 r  xilinx_clk_wizard_wrapper_i/xilinx_clk_wizard_i/clk_wiz_0/inst/mmcm_adv_inst/CLKOUT0
                         net (fo=1, unplaced)         0.355    -1.390    xilinx_clk_wizard_wrapper_i/xilinx_clk_wizard_i/clk_wiz_0/inst/clk_out1_xilinx_clk_wizard_clk_wiz_0_0
                         BUFG (Prop_bufg_I_O)         0.029    -1.361 r  xilinx_clk_wizard_wrapper_i/xilinx_clk_wizard_i/clk_wiz_0/inst/clkout1_buf/O
                         net (fo=37312, unplaced)     0.259    -1.102    u_crheepto_top/u_core_v_mini_mcu/peripheral_subsystem_i/i2s_i/i2s_core_i/i2s_clk_gen_i/i_clk_bypass_mux/xilinx_i_clk_mux2_i/clk_out1_0
                         BUFGCTRL (Prop_bufgctrl_I1_O)
                                                      0.029    -1.073 r  u_crheepto_top/u_core_v_mini_mcu/peripheral_subsystem_i/i2s_i/i2s_core_i/i2s_clk_gen_i/i_clk_bypass_mux/xilinx_i_clk_mux2_i/i_BUFGMUX/O
                         net (fo=224, unplaced)       0.259    -0.814    u_crheepto_top/u_core_v_mini_mcu/peripheral_subsystem_i/i2s_i/i2s_core_i/data_en_req_sync_i/CLK
                         FDCE                                         r  u_crheepto_top/u_core_v_mini_mcu/peripheral_subsystem_i/i2s_i/i2s_core_i/data_en_req_sync_i/reg_q_reg[0]/C
                         clock pessimism              0.280    -0.533    
                         clock uncertainty            0.159    -0.374    
                         FDCE (Remov_fdce_C_CLR)     -0.088    -0.462    u_crheepto_top/u_core_v_mini_mcu/peripheral_subsystem_i/i2s_i/i2s_core_i/data_en_req_sync_i/reg_q_reg[0]
  -------------------------------------------------------------------
                         required time                          0.462    
                         arrival time                          -0.179    
  -------------------------------------------------------------------
                         slack                                  0.283    





---------------------------------------------------------------------------------------------------
Path Group:  **async_default**
From Clock:  clk_out1_xilinx_clk_wizard_clk_wiz_0_0
  To Clock:  clk_out1_xilinx_clk_wizard_clk_wiz_0_0_1

Setup :            0  Failing Endpoints,  Worst Slack       30.503ns,  Total Violation        0.000ns
Hold  :            0  Failing Endpoints,  Worst Slack        0.283ns,  Total Violation        0.000ns
---------------------------------------------------------------------------------------------------


Max Delay Paths
--------------------------------------------------------------------------------------
Slack (MET) :             30.503ns  (required time - arrival time)
  Source:                 u_crheepto_top/u_core_v_mini_mcu/ao_peripheral_subsystem_i/power_manager_i/power_manager_sequence_periph_reset_i/switch_onoff_signal_q_reg/C
                            (rising edge-triggered cell FDCE clocked by clk_out1_xilinx_clk_wizard_clk_wiz_0_0  {rise@0.000ns fall@33.333ns period=66.667ns})
  Destination:            u_crheepto_top/u_core_v_mini_mcu/peripheral_subsystem_i/i2s_i/i2s_core_i/i2s_clk_gen_i/t_ff2_q_reg/CLR
                            (recovery check against rising-edge clock clk_out1_xilinx_clk_wizard_clk_wiz_0_0_1  {rise@0.000ns fall@33.333ns period=66.667ns})
  Path Group:             **async_default**
  Path Type:              Recovery (Max at Slow Process Corner)
  Requirement:            33.333ns  (clk_out1_xilinx_clk_wizard_clk_wiz_0_0_1 fall@33.333ns - clk_out1_xilinx_clk_wizard_clk_wiz_0_0 rise@0.000ns)
  Data Path Delay:        2.177ns  (logic 0.773ns (35.508%)  route 1.404ns (64.492%))
  Logic Levels:           1  (LUT2=1)
  Clock Path Skew:        -0.145ns (DCD - SCD + CPR)
    Destination Clock Delay (DCD):    -2.269ns = ( 31.065 - 33.333 ) 
    Source Clock Delay      (SCD):    -1.593ns
    Clock Pessimism Removal (CPR):    0.530ns
  Clock Uncertainty:      0.159ns  ((TSJ^2 + DJ^2)^1/2) / 2 + PE
    Total System Jitter     (TSJ):    0.071ns
    Discrete Jitter          (DJ):    0.311ns
    Phase Error              (PE):    0.000ns
  Clock Domain Crossing:  Inter clock paths are considered valid unless explicitly excluded by timing constraints such as set_clock_groups or set_false_path.

    Location             Delay type                Incr(ns)  Path(ns)    Netlist Resource(s)
  -------------------------------------------------------------------    -------------------
                         (clock clk_out1_xilinx_clk_wizard_clk_wiz_0_0 rise edge)
                                                      0.000     0.000 r  
    H16                                               0.000     0.000 r  clk_i (INOUT)
                         net (fo=0)                   0.000     0.000    xilinx_clk_wizard_wrapper_i/xilinx_clk_wizard_i/clk_wiz_0/inst/clk_in1
    H16                  IBUF (Prop_ibuf_I_O)         1.451     1.451 r  xilinx_clk_wizard_wrapper_i/xilinx_clk_wizard_i/clk_wiz_0/inst/clkin1_ibufg/O
                         net (fo=1, unplaced)         0.584     2.035    xilinx_clk_wizard_wrapper_i/xilinx_clk_wizard_i/clk_wiz_0/inst/clk_in1_xilinx_clk_wizard_clk_wiz_0_0
                         MMCME2_ADV (Prop_mmcme2_adv_CLKIN1_CLKOUT0)
                                                     -5.113    -3.078 r  xilinx_clk_wizard_wrapper_i/xilinx_clk_wizard_i/clk_wiz_0/inst/mmcm_adv_inst/CLKOUT0
                         net (fo=1, unplaced)         0.800    -2.278    xilinx_clk_wizard_wrapper_i/xilinx_clk_wizard_i/clk_wiz_0/inst/clk_out1_xilinx_clk_wizard_clk_wiz_0_0
                         BUFG (Prop_bufg_I_O)         0.101    -2.177 r  xilinx_clk_wizard_wrapper_i/xilinx_clk_wizard_i/clk_wiz_0/inst/clkout1_buf/O
                         net (fo=37312, unplaced)     0.584    -1.593    u_crheepto_top/u_core_v_mini_mcu/ao_peripheral_subsystem_i/power_manager_i/power_manager_sequence_periph_reset_i/clk_out1_0
                         FDCE                                         r  u_crheepto_top/u_core_v_mini_mcu/ao_peripheral_subsystem_i/power_manager_i/power_manager_sequence_periph_reset_i/switch_onoff_signal_q_reg/C
  -------------------------------------------------------------------    -------------------
                         FDCE (Prop_fdce_C_Q)         0.478    -1.115 r  u_crheepto_top/u_core_v_mini_mcu/ao_peripheral_subsystem_i/power_manager_i/power_manager_sequence_periph_reset_i/switch_onoff_signal_q_reg/Q
                         net (fo=3, unplaced)         0.488    -0.627    u_crheepto_top/u_core_v_mini_mcu/ao_peripheral_subsystem_i/power_manager_i/power_manager_sequence_periph_reset_i/peripheral_subsystem_pwr_ctrl_out[rst_n]
                         LUT2 (Prop_lut2_I0_O)        0.295    -0.332 f  u_crheepto_top/u_core_v_mini_mcu/ao_peripheral_subsystem_i/power_manager_i/power_manager_sequence_periph_reset_i/q[31]_i_3__20/O
                         net (fo=3473, unplaced)      0.916     0.584    u_crheepto_top/u_core_v_mini_mcu/peripheral_subsystem_i/i2s_i/i2s_core_i/i2s_clk_gen_i/t_ff1_q_reg_0
                         FDCE                                         f  u_crheepto_top/u_core_v_mini_mcu/peripheral_subsystem_i/i2s_i/i2s_core_i/i2s_clk_gen_i/t_ff2_q_reg/CLR
  -------------------------------------------------------------------    -------------------

                         (clock clk_out1_xilinx_clk_wizard_clk_wiz_0_0_1 fall edge)
                                                     33.333    33.333 f  
    H16                                               0.000    33.333 f  clk_i (INOUT)
                         net (fo=0)                   0.000    33.333    xilinx_clk_wizard_wrapper_i/xilinx_clk_wizard_i/clk_wiz_0/inst/clk_in1
    H16                  IBUF (Prop_ibuf_I_O)         1.380    34.714 f  xilinx_clk_wizard_wrapper_i/xilinx_clk_wizard_i/clk_wiz_0/inst/clkin1_ibufg/O
                         net (fo=1, unplaced)         0.439    35.153    xilinx_clk_wizard_wrapper_i/xilinx_clk_wizard_i/clk_wiz_0/inst/clk_in1_xilinx_clk_wizard_clk_wiz_0_0
                         MMCME2_ADV (Prop_mmcme2_adv_CLKIN1_CLKOUT0)
                                                     -5.378    29.775 f  xilinx_clk_wizard_wrapper_i/xilinx_clk_wizard_i/clk_wiz_0/inst/mmcm_adv_inst/CLKOUT0
                         net (fo=1, unplaced)         0.760    30.535    xilinx_clk_wizard_wrapper_i/xilinx_clk_wizard_i/clk_wiz_0/inst/clk_out1_xilinx_clk_wizard_clk_wiz_0_0
                         BUFG (Prop_bufg_I_O)         0.091    30.626 f  xilinx_clk_wizard_wrapper_i/xilinx_clk_wizard_i/clk_wiz_0/inst/clkout1_buf/O
                         net (fo=37312, unplaced)     0.439    31.065    u_crheepto_top/u_core_v_mini_mcu/peripheral_subsystem_i/i2s_i/i2s_core_i/i2s_clk_gen_i/clk_out1_0
                         FDCE                                         r  u_crheepto_top/u_core_v_mini_mcu/peripheral_subsystem_i/i2s_i/i2s_core_i/i2s_clk_gen_i/t_ff2_q_reg/C  (IS_INVERTED)
                         clock pessimism              0.530    31.595    
                         clock uncertainty           -0.159    31.436    
                         FDCE (Recov_fdce_C_CLR)     -0.349    31.087    u_crheepto_top/u_core_v_mini_mcu/peripheral_subsystem_i/i2s_i/i2s_core_i/i2s_clk_gen_i/t_ff2_q_reg
  -------------------------------------------------------------------
                         required time                         31.087    
                         arrival time                          -0.584    
  -------------------------------------------------------------------
                         slack                                 30.503    





Min Delay Paths
--------------------------------------------------------------------------------------
Slack (MET) :             0.283ns  (arrival time - required time)
  Source:                 u_crheepto_top/u_core_v_mini_mcu/debug_subsystem_i/dm_obi_top_i/i_dm_top/i_dm_csrs/dmcontrol_q_reg[ndmreset]/C
                            (rising edge-triggered cell FDCE clocked by clk_out1_xilinx_clk_wizard_clk_wiz_0_0  {rise@0.000ns fall@33.333ns period=66.667ns})
  Destination:            u_crheepto_top/u_core_v_mini_mcu/peripheral_subsystem_i/i2s_i/i2s_core_i/data_en_req_sync_i/reg_q_reg[0]/CLR
                            (removal check against rising-edge clock clk_out1_xilinx_clk_wizard_clk_wiz_0_0_1  {rise@0.000ns fall@33.333ns period=66.667ns})
  Path Group:             **async_default**
  Path Type:              Removal (Min at Fast Process Corner)
  Requirement:            0.000ns  (clk_out1_xilinx_clk_wizard_clk_wiz_0_0_1 rise@0.000ns - clk_out1_xilinx_clk_wizard_clk_wiz_0_0 rise@0.000ns)
  Data Path Delay:        0.787ns  (logic 0.245ns (31.111%)  route 0.542ns (68.889%))
  Logic Levels:           1  (LUT2=1)
  Clock Path Skew:        0.433ns (DCD - SCD - CPR)
    Destination Clock Delay (DCD):    -0.814ns
    Source Clock Delay      (SCD):    -0.966ns
    Clock Pessimism Removal (CPR):    -0.280ns
  Clock Uncertainty:      0.159ns  ((TSJ^2 + DJ^2)^1/2) / 2 + PE
    Total System Jitter     (TSJ):    0.071ns
    Discrete Jitter          (DJ):    0.311ns
    Phase Error              (PE):    0.000ns
  Clock Domain Crossing:  Inter clock paths are considered valid unless explicitly excluded by timing constraints such as set_clock_groups or set_false_path.

    Location             Delay type                Incr(ns)  Path(ns)    Netlist Resource(s)
  -------------------------------------------------------------------    -------------------
                         (clock clk_out1_xilinx_clk_wizard_clk_wiz_0_0 rise edge)
                                                      0.000     0.000 r  
    H16                                               0.000     0.000 r  clk_i (INOUT)
                         net (fo=0)                   0.000     0.000    xilinx_clk_wizard_wrapper_i/xilinx_clk_wizard_i/clk_wiz_0/inst/clk_in1
    H16                  IBUF (Prop_ibuf_I_O)         0.219     0.219 r  xilinx_clk_wizard_wrapper_i/xilinx_clk_wizard_i/clk_wiz_0/inst/clkin1_ibufg/O
                         net (fo=1, unplaced)         0.114     0.333    xilinx_clk_wizard_wrapper_i/xilinx_clk_wizard_i/clk_wiz_0/inst/clk_in1_xilinx_clk_wizard_clk_wiz_0_0
                         MMCME2_ADV (Prop_mmcme2_adv_CLKIN1_CLKOUT0)
                                                     -1.776    -1.443 r  xilinx_clk_wizard_wrapper_i/xilinx_clk_wizard_i/clk_wiz_0/inst/mmcm_adv_inst/CLKOUT0
                         net (fo=1, unplaced)         0.337    -1.106    xilinx_clk_wizard_wrapper_i/xilinx_clk_wizard_i/clk_wiz_0/inst/clk_out1_xilinx_clk_wizard_clk_wiz_0_0
                         BUFG (Prop_bufg_I_O)         0.026    -1.080 r  xilinx_clk_wizard_wrapper_i/xilinx_clk_wizard_i/clk_wiz_0/inst/clkout1_buf/O
                         net (fo=37312, unplaced)     0.114    -0.966    u_crheepto_top/u_core_v_mini_mcu/debug_subsystem_i/dm_obi_top_i/i_dm_top/i_dm_csrs/clk_out1_0
                         FDCE                                         r  u_crheepto_top/u_core_v_mini_mcu/debug_subsystem_i/dm_obi_top_i/i_dm_top/i_dm_csrs/dmcontrol_q_reg[ndmreset]/C
  -------------------------------------------------------------------    -------------------
                         FDCE (Prop_fdce_C_Q)         0.147    -0.819 f  u_crheepto_top/u_core_v_mini_mcu/debug_subsystem_i/dm_obi_top_i/i_dm_top/i_dm_csrs/dmcontrol_q_reg[ndmreset]/Q
                         net (fo=20, unplaced)        0.156    -0.663    u_crheepto_top/u_core_v_mini_mcu/ao_peripheral_subsystem_i/power_manager_i/power_manager_sequence_periph_reset_i/rx_buf_valid_q_reg
                         LUT2 (Prop_lut2_I1_O)        0.098    -0.565 f  u_crheepto_top/u_core_v_mini_mcu/ao_peripheral_subsystem_i/power_manager_i/power_manager_sequence_periph_reset_i/q[31]_i_3__20/O
                         net (fo=3473, unplaced)      0.386    -0.179    u_crheepto_top/u_core_v_mini_mcu/peripheral_subsystem_i/i2s_i/i2s_core_i/data_en_req_sync_i/reg_q_reg[0]_0
                         FDCE                                         f  u_crheepto_top/u_core_v_mini_mcu/peripheral_subsystem_i/i2s_i/i2s_core_i/data_en_req_sync_i/reg_q_reg[0]/CLR
  -------------------------------------------------------------------    -------------------

                         (clock clk_out1_xilinx_clk_wizard_clk_wiz_0_0_1 rise edge)
                                                      0.000     0.000 r  
    H16                                               0.000     0.000 r  clk_i (INOUT)
                         net (fo=0)                   0.000     0.000    xilinx_clk_wizard_wrapper_i/xilinx_clk_wizard_i/clk_wiz_0/inst/clk_in1
    H16                  IBUF (Prop_ibuf_I_O)         0.406     0.406 r  xilinx_clk_wizard_wrapper_i/xilinx_clk_wizard_i/clk_wiz_0/inst/clkin1_ibufg/O
                         net (fo=1, unplaced)         0.259     0.665    xilinx_clk_wizard_wrapper_i/xilinx_clk_wizard_i/clk_wiz_0/inst/clk_in1_xilinx_clk_wizard_clk_wiz_0_0
                         MMCME2_ADV (Prop_mmcme2_adv_CLKIN1_CLKOUT0)
                                                     -2.410    -1.744 r  xilinx_clk_wizard_wrapper_i/xilinx_clk_wizard_i/clk_wiz_0/inst/mmcm_adv_inst/CLKOUT0
                         net (fo=1, unplaced)         0.355    -1.390    xilinx_clk_wizard_wrapper_i/xilinx_clk_wizard_i/clk_wiz_0/inst/clk_out1_xilinx_clk_wizard_clk_wiz_0_0
                         BUFG (Prop_bufg_I_O)         0.029    -1.361 r  xilinx_clk_wizard_wrapper_i/xilinx_clk_wizard_i/clk_wiz_0/inst/clkout1_buf/O
                         net (fo=37312, unplaced)     0.259    -1.102    u_crheepto_top/u_core_v_mini_mcu/peripheral_subsystem_i/i2s_i/i2s_core_i/i2s_clk_gen_i/i_clk_bypass_mux/xilinx_i_clk_mux2_i/clk_out1_0
                         BUFGCTRL (Prop_bufgctrl_I1_O)
                                                      0.029    -1.073 r  u_crheepto_top/u_core_v_mini_mcu/peripheral_subsystem_i/i2s_i/i2s_core_i/i2s_clk_gen_i/i_clk_bypass_mux/xilinx_i_clk_mux2_i/i_BUFGMUX/O
                         net (fo=224, unplaced)       0.259    -0.814    u_crheepto_top/u_core_v_mini_mcu/peripheral_subsystem_i/i2s_i/i2s_core_i/data_en_req_sync_i/CLK
                         FDCE                                         r  u_crheepto_top/u_core_v_mini_mcu/peripheral_subsystem_i/i2s_i/i2s_core_i/data_en_req_sync_i/reg_q_reg[0]/C
                         clock pessimism              0.280    -0.533    
                         clock uncertainty            0.159    -0.374    
                         FDCE (Remov_fdce_C_CLR)     -0.088    -0.462    u_crheepto_top/u_core_v_mini_mcu/peripheral_subsystem_i/i2s_i/i2s_core_i/data_en_req_sync_i/reg_q_reg[0]
  -------------------------------------------------------------------
                         required time                          0.462    
                         arrival time                          -0.179    
  -------------------------------------------------------------------
                         slack                                  0.283    





---------------------------------------------------------------------------------------------------
Path Group:  **async_default**
From Clock:  clk_out1_xilinx_clk_wizard_clk_wiz_0_0_1
  To Clock:  clk_out1_xilinx_clk_wizard_clk_wiz_0_0_1

Setup :            0  Failing Endpoints,  Worst Slack       30.516ns,  Total Violation        0.000ns
Hold  :            0  Failing Endpoints,  Worst Slack        0.442ns,  Total Violation        0.000ns
---------------------------------------------------------------------------------------------------


Max Delay Paths
--------------------------------------------------------------------------------------
Slack (MET) :             30.516ns  (required time - arrival time)
  Source:                 u_crheepto_top/u_core_v_mini_mcu/ao_peripheral_subsystem_i/power_manager_i/power_manager_sequence_periph_reset_i/switch_onoff_signal_q_reg/C
                            (rising edge-triggered cell FDCE clocked by clk_out1_xilinx_clk_wizard_clk_wiz_0_0_1  {rise@0.000ns fall@33.333ns period=66.667ns})
  Destination:            u_crheepto_top/u_core_v_mini_mcu/peripheral_subsystem_i/i2s_i/i2s_core_i/i2s_clk_gen_i/t_ff2_q_reg/CLR
                            (recovery check against rising-edge clock clk_out1_xilinx_clk_wizard_clk_wiz_0_0_1  {rise@0.000ns fall@33.333ns period=66.667ns})
  Path Group:             **async_default**
  Path Type:              Recovery (Max at Slow Process Corner)
  Requirement:            33.333ns  (clk_out1_xilinx_clk_wizard_clk_wiz_0_0_1 fall@33.333ns - clk_out1_xilinx_clk_wizard_clk_wiz_0_0_1 rise@0.000ns)
  Data Path Delay:        2.177ns  (logic 0.773ns (35.508%)  route 1.404ns (64.492%))
  Logic Levels:           1  (LUT2=1)
  Clock Path Skew:        -0.145ns (DCD - SCD + CPR)
    Destination Clock Delay (DCD):    -2.269ns = ( 31.065 - 33.333 ) 
    Source Clock Delay      (SCD):    -1.593ns
    Clock Pessimism Removal (CPR):    0.530ns
  Clock Uncertainty:      0.147ns  ((TSJ^2 + DJ^2)^1/2) / 2 + PE
    Total System Jitter     (TSJ):    0.071ns
    Discrete Jitter          (DJ):    0.285ns
    Phase Error              (PE):    0.000ns

    Location             Delay type                Incr(ns)  Path(ns)    Netlist Resource(s)
  -------------------------------------------------------------------    -------------------
                         (clock clk_out1_xilinx_clk_wizard_clk_wiz_0_0_1 rise edge)
                                                      0.000     0.000 r  
    H16                                               0.000     0.000 r  clk_i (INOUT)
                         net (fo=0)                   0.000     0.000    xilinx_clk_wizard_wrapper_i/xilinx_clk_wizard_i/clk_wiz_0/inst/clk_in1
    H16                  IBUF (Prop_ibuf_I_O)         1.451     1.451 r  xilinx_clk_wizard_wrapper_i/xilinx_clk_wizard_i/clk_wiz_0/inst/clkin1_ibufg/O
                         net (fo=1, unplaced)         0.584     2.035    xilinx_clk_wizard_wrapper_i/xilinx_clk_wizard_i/clk_wiz_0/inst/clk_in1_xilinx_clk_wizard_clk_wiz_0_0
                         MMCME2_ADV (Prop_mmcme2_adv_CLKIN1_CLKOUT0)
                                                     -5.113    -3.078 r  xilinx_clk_wizard_wrapper_i/xilinx_clk_wizard_i/clk_wiz_0/inst/mmcm_adv_inst/CLKOUT0
                         net (fo=1, unplaced)         0.800    -2.278    xilinx_clk_wizard_wrapper_i/xilinx_clk_wizard_i/clk_wiz_0/inst/clk_out1_xilinx_clk_wizard_clk_wiz_0_0
                         BUFG (Prop_bufg_I_O)         0.101    -2.177 r  xilinx_clk_wizard_wrapper_i/xilinx_clk_wizard_i/clk_wiz_0/inst/clkout1_buf/O
                         net (fo=37312, unplaced)     0.584    -1.593    u_crheepto_top/u_core_v_mini_mcu/ao_peripheral_subsystem_i/power_manager_i/power_manager_sequence_periph_reset_i/clk_out1_0
                         FDCE                                         r  u_crheepto_top/u_core_v_mini_mcu/ao_peripheral_subsystem_i/power_manager_i/power_manager_sequence_periph_reset_i/switch_onoff_signal_q_reg/C
  -------------------------------------------------------------------    -------------------
                         FDCE (Prop_fdce_C_Q)         0.478    -1.115 r  u_crheepto_top/u_core_v_mini_mcu/ao_peripheral_subsystem_i/power_manager_i/power_manager_sequence_periph_reset_i/switch_onoff_signal_q_reg/Q
                         net (fo=3, unplaced)         0.488    -0.627    u_crheepto_top/u_core_v_mini_mcu/ao_peripheral_subsystem_i/power_manager_i/power_manager_sequence_periph_reset_i/peripheral_subsystem_pwr_ctrl_out[rst_n]
                         LUT2 (Prop_lut2_I0_O)        0.295    -0.332 f  u_crheepto_top/u_core_v_mini_mcu/ao_peripheral_subsystem_i/power_manager_i/power_manager_sequence_periph_reset_i/q[31]_i_3__20/O
                         net (fo=3473, unplaced)      0.916     0.584    u_crheepto_top/u_core_v_mini_mcu/peripheral_subsystem_i/i2s_i/i2s_core_i/i2s_clk_gen_i/t_ff1_q_reg_0
                         FDCE                                         f  u_crheepto_top/u_core_v_mini_mcu/peripheral_subsystem_i/i2s_i/i2s_core_i/i2s_clk_gen_i/t_ff2_q_reg/CLR
  -------------------------------------------------------------------    -------------------

                         (clock clk_out1_xilinx_clk_wizard_clk_wiz_0_0_1 fall edge)
                                                     33.333    33.333 f  
    H16                                               0.000    33.333 f  clk_i (INOUT)
                         net (fo=0)                   0.000    33.333    xilinx_clk_wizard_wrapper_i/xilinx_clk_wizard_i/clk_wiz_0/inst/clk_in1
    H16                  IBUF (Prop_ibuf_I_O)         1.380    34.714 f  xilinx_clk_wizard_wrapper_i/xilinx_clk_wizard_i/clk_wiz_0/inst/clkin1_ibufg/O
                         net (fo=1, unplaced)         0.439    35.153    xilinx_clk_wizard_wrapper_i/xilinx_clk_wizard_i/clk_wiz_0/inst/clk_in1_xilinx_clk_wizard_clk_wiz_0_0
                         MMCME2_ADV (Prop_mmcme2_adv_CLKIN1_CLKOUT0)
                                                     -5.378    29.775 f  xilinx_clk_wizard_wrapper_i/xilinx_clk_wizard_i/clk_wiz_0/inst/mmcm_adv_inst/CLKOUT0
                         net (fo=1, unplaced)         0.760    30.535    xilinx_clk_wizard_wrapper_i/xilinx_clk_wizard_i/clk_wiz_0/inst/clk_out1_xilinx_clk_wizard_clk_wiz_0_0
                         BUFG (Prop_bufg_I_O)         0.091    30.626 f  xilinx_clk_wizard_wrapper_i/xilinx_clk_wizard_i/clk_wiz_0/inst/clkout1_buf/O
                         net (fo=37312, unplaced)     0.439    31.065    u_crheepto_top/u_core_v_mini_mcu/peripheral_subsystem_i/i2s_i/i2s_core_i/i2s_clk_gen_i/clk_out1_0
                         FDCE                                         r  u_crheepto_top/u_core_v_mini_mcu/peripheral_subsystem_i/i2s_i/i2s_core_i/i2s_clk_gen_i/t_ff2_q_reg/C  (IS_INVERTED)
                         clock pessimism              0.530    31.595    
                         clock uncertainty           -0.147    31.448    
                         FDCE (Recov_fdce_C_CLR)     -0.349    31.099    u_crheepto_top/u_core_v_mini_mcu/peripheral_subsystem_i/i2s_i/i2s_core_i/i2s_clk_gen_i/t_ff2_q_reg
  -------------------------------------------------------------------
                         required time                         31.099    
                         arrival time                          -0.584    
  -------------------------------------------------------------------
                         slack                                 30.516    





Min Delay Paths
--------------------------------------------------------------------------------------
Slack (MET) :             0.442ns  (arrival time - required time)
  Source:                 u_crheepto_top/u_core_v_mini_mcu/debug_subsystem_i/dm_obi_top_i/i_dm_top/i_dm_csrs/dmcontrol_q_reg[ndmreset]/C
                            (rising edge-triggered cell FDCE clocked by clk_out1_xilinx_clk_wizard_clk_wiz_0_0_1  {rise@0.000ns fall@33.333ns period=66.667ns})
  Destination:            u_crheepto_top/u_core_v_mini_mcu/peripheral_subsystem_i/i2s_i/i2s_core_i/data_en_req_sync_i/reg_q_reg[0]/CLR
                            (removal check against rising-edge clock clk_out1_xilinx_clk_wizard_clk_wiz_0_0_1  {rise@0.000ns fall@33.333ns period=66.667ns})
  Path Group:             **async_default**
  Path Type:              Removal (Min at Fast Process Corner)
  Requirement:            0.000ns  (clk_out1_xilinx_clk_wizard_clk_wiz_0_0_1 rise@0.000ns - clk_out1_xilinx_clk_wizard_clk_wiz_0_0_1 rise@0.000ns)
  Data Path Delay:        0.787ns  (logic 0.245ns (31.111%)  route 0.542ns (68.889%))
  Logic Levels:           1  (LUT2=1)
  Clock Path Skew:        0.433ns (DCD - SCD - CPR)
    Destination Clock Delay (DCD):    -0.814ns
    Source Clock Delay      (SCD):    -0.966ns
    Clock Pessimism Removal (CPR):    -0.280ns

    Location             Delay type                Incr(ns)  Path(ns)    Netlist Resource(s)
  -------------------------------------------------------------------    -------------------
                         (clock clk_out1_xilinx_clk_wizard_clk_wiz_0_0_1 rise edge)
                                                      0.000     0.000 r  
    H16                                               0.000     0.000 r  clk_i (INOUT)
                         net (fo=0)                   0.000     0.000    xilinx_clk_wizard_wrapper_i/xilinx_clk_wizard_i/clk_wiz_0/inst/clk_in1
    H16                  IBUF (Prop_ibuf_I_O)         0.219     0.219 r  xilinx_clk_wizard_wrapper_i/xilinx_clk_wizard_i/clk_wiz_0/inst/clkin1_ibufg/O
                         net (fo=1, unplaced)         0.114     0.333    xilinx_clk_wizard_wrapper_i/xilinx_clk_wizard_i/clk_wiz_0/inst/clk_in1_xilinx_clk_wizard_clk_wiz_0_0
                         MMCME2_ADV (Prop_mmcme2_adv_CLKIN1_CLKOUT0)
                                                     -1.776    -1.443 r  xilinx_clk_wizard_wrapper_i/xilinx_clk_wizard_i/clk_wiz_0/inst/mmcm_adv_inst/CLKOUT0
                         net (fo=1, unplaced)         0.337    -1.106    xilinx_clk_wizard_wrapper_i/xilinx_clk_wizard_i/clk_wiz_0/inst/clk_out1_xilinx_clk_wizard_clk_wiz_0_0
                         BUFG (Prop_bufg_I_O)         0.026    -1.080 r  xilinx_clk_wizard_wrapper_i/xilinx_clk_wizard_i/clk_wiz_0/inst/clkout1_buf/O
                         net (fo=37312, unplaced)     0.114    -0.966    u_crheepto_top/u_core_v_mini_mcu/debug_subsystem_i/dm_obi_top_i/i_dm_top/i_dm_csrs/clk_out1_0
                         FDCE                                         r  u_crheepto_top/u_core_v_mini_mcu/debug_subsystem_i/dm_obi_top_i/i_dm_top/i_dm_csrs/dmcontrol_q_reg[ndmreset]/C
  -------------------------------------------------------------------    -------------------
                         FDCE (Prop_fdce_C_Q)         0.147    -0.819 f  u_crheepto_top/u_core_v_mini_mcu/debug_subsystem_i/dm_obi_top_i/i_dm_top/i_dm_csrs/dmcontrol_q_reg[ndmreset]/Q
                         net (fo=20, unplaced)        0.156    -0.663    u_crheepto_top/u_core_v_mini_mcu/ao_peripheral_subsystem_i/power_manager_i/power_manager_sequence_periph_reset_i/rx_buf_valid_q_reg
                         LUT2 (Prop_lut2_I1_O)        0.098    -0.565 f  u_crheepto_top/u_core_v_mini_mcu/ao_peripheral_subsystem_i/power_manager_i/power_manager_sequence_periph_reset_i/q[31]_i_3__20/O
                         net (fo=3473, unplaced)      0.386    -0.179    u_crheepto_top/u_core_v_mini_mcu/peripheral_subsystem_i/i2s_i/i2s_core_i/data_en_req_sync_i/reg_q_reg[0]_0
                         FDCE                                         f  u_crheepto_top/u_core_v_mini_mcu/peripheral_subsystem_i/i2s_i/i2s_core_i/data_en_req_sync_i/reg_q_reg[0]/CLR
  -------------------------------------------------------------------    -------------------

                         (clock clk_out1_xilinx_clk_wizard_clk_wiz_0_0_1 rise edge)
                                                      0.000     0.000 r  
    H16                                               0.000     0.000 r  clk_i (INOUT)
                         net (fo=0)                   0.000     0.000    xilinx_clk_wizard_wrapper_i/xilinx_clk_wizard_i/clk_wiz_0/inst/clk_in1
    H16                  IBUF (Prop_ibuf_I_O)         0.406     0.406 r  xilinx_clk_wizard_wrapper_i/xilinx_clk_wizard_i/clk_wiz_0/inst/clkin1_ibufg/O
                         net (fo=1, unplaced)         0.259     0.665    xilinx_clk_wizard_wrapper_i/xilinx_clk_wizard_i/clk_wiz_0/inst/clk_in1_xilinx_clk_wizard_clk_wiz_0_0
                         MMCME2_ADV (Prop_mmcme2_adv_CLKIN1_CLKOUT0)
                                                     -2.410    -1.744 r  xilinx_clk_wizard_wrapper_i/xilinx_clk_wizard_i/clk_wiz_0/inst/mmcm_adv_inst/CLKOUT0
                         net (fo=1, unplaced)         0.355    -1.390    xilinx_clk_wizard_wrapper_i/xilinx_clk_wizard_i/clk_wiz_0/inst/clk_out1_xilinx_clk_wizard_clk_wiz_0_0
                         BUFG (Prop_bufg_I_O)         0.029    -1.361 r  xilinx_clk_wizard_wrapper_i/xilinx_clk_wizard_i/clk_wiz_0/inst/clkout1_buf/O
                         net (fo=37312, unplaced)     0.259    -1.102    u_crheepto_top/u_core_v_mini_mcu/peripheral_subsystem_i/i2s_i/i2s_core_i/i2s_clk_gen_i/i_clk_bypass_mux/xilinx_i_clk_mux2_i/clk_out1_0
                         BUFGCTRL (Prop_bufgctrl_I1_O)
                                                      0.029    -1.073 r  u_crheepto_top/u_core_v_mini_mcu/peripheral_subsystem_i/i2s_i/i2s_core_i/i2s_clk_gen_i/i_clk_bypass_mux/xilinx_i_clk_mux2_i/i_BUFGMUX/O
                         net (fo=224, unplaced)       0.259    -0.814    u_crheepto_top/u_core_v_mini_mcu/peripheral_subsystem_i/i2s_i/i2s_core_i/data_en_req_sync_i/CLK
                         FDCE                                         r  u_crheepto_top/u_core_v_mini_mcu/peripheral_subsystem_i/i2s_i/i2s_core_i/data_en_req_sync_i/reg_q_reg[0]/C
                         clock pessimism              0.280    -0.533    
                         FDCE (Remov_fdce_C_CLR)     -0.088    -0.621    u_crheepto_top/u_core_v_mini_mcu/peripheral_subsystem_i/i2s_i/i2s_core_i/data_en_req_sync_i/reg_q_reg[0]
  -------------------------------------------------------------------
                         required time                          0.621    
                         arrival time                          -0.179    
  -------------------------------------------------------------------
                         slack                                  0.442    





