Copyright 1986-2022 Xilinx, Inc. All Rights Reserved. Copyright 2022-2024 Advanced Micro Devices, Inc. All Rights Reserved.
---------------------------------------------------------------------------------------------------------------------------------------------
| Tool Version : Vivado v.2024.2 (win64) Build 5239630 Fri Nov 08 22:35:27 MST 2024
| Date         : Mon Sep  7 08:40:03 2026
| Host         : DESKTOP-OKV77IV running 64-bit major release  (build 9200)
| Command      : report_timing -delay_type max -max_paths 10 -file reports/m0_followup/exp1_before_timing.rpt
| Design       : multiplier_tree
| Device       : 7z020-clg400
| Speed File   : -1  PRODUCTION 1.12 2019-11-22
| Design State : Optimized
---------------------------------------------------------------------------------------------------------------------------------------------

Timing Report

Slack (VIOLATED) :        -73.953ns  (required time - arrival time)
  Source:                 multiplier_tree1_i[0]
                            (input port)
  Destination:            result_o[31]
  Path Group:             **default**
  Path Type:              Max at Slow Process Corner
  Requirement:            20.000ns  (MaxDelay Path 20.000ns)
  Data Path Delay:        93.953ns  (logic 47.550ns (50.611%)  route 46.403ns (49.390%))
  Logic Levels:           109  (CARRY4=56 DSP48E1=3 LUT2=7 LUT3=5 LUT4=1 LUT5=17 LUT6=20)
  Output Delay:           0.000ns
  Timing Exception:       MaxDelay Path 20.000ns

    Location             Delay type                Incr(ns)  Path(ns)    Netlist Resource(s)
  -------------------------------------------------------------------    -------------------
                                                      0.000     0.000 r  multiplier_tree1_i[0] (IN)
                         net (fo=40, unset)           0.973     0.973    u_shared_mul/u_primary_mul/multiplier_tree1_i[0]
                         LUT4 (Prop_lut4_I2_O)        0.150     1.123 r  u_shared_mul/u_primary_mul/result_o[12]_INST_0_i_118/O
                         net (fo=1, unplaced)         0.000     1.123    u_shared_mul/u_primary_mul/result_o[12]_INST_0_i_118_n_0
                         CARRY4 (Prop_carry4_DI[0]_CO[3])
                                                      0.576     1.699 r  u_shared_mul/u_primary_mul/result_o[12]_INST_0_i_90/CO[3]
                         net (fo=1, unplaced)         0.009     1.708    u_shared_mul/u_primary_mul/result_o[12]_INST_0_i_90_n_0
                         CARRY4 (Prop_carry4_CI_CO[3])
                                                      0.117     1.825 r  u_shared_mul/u_primary_mul/result_o[12]_INST_0_i_79/CO[3]
                         net (fo=9, unplaced)         0.959     2.784    u_shared_mul/u_primary_mul/mul_op_b2
                         LUT3 (Prop_lut3_I0_O)        0.124     2.908 r  u_shared_mul/u_primary_mul/result_o[1]_INST_0_i_46/O
                         net (fo=1, unplaced)         0.000     2.908    u_shared_mul/u_primary_mul/result_o[1]_INST_0_i_46_n_0
                         CARRY4 (Prop_carry4_S[0]_O[1])
                                                      0.427     3.335 r  u_shared_mul/u_primary_mul/result_o[1]_INST_0_i_24/O[1]
                         net (fo=1, unplaced)         0.312     3.647    u_shared_mul/u_primary_mul/data2[1]
                         LUT3 (Prop_lut3_I2_O)        0.298     3.945 f  u_shared_mul/u_primary_mul/falcon_sum_carry_i_36/O
                         net (fo=1, unplaced)         0.449     4.394    u_shared_mul/u_primary_mul/falcon_sum_carry_i_36_n_0
                         LUT6 (Prop_lut6_I2_O)        0.124     4.518 r  u_shared_mul/u_primary_mul/falcon_sum_carry_i_15/O
                         net (fo=98, unplaced)        0.548     5.066    u_shared_mul/u_primary_mul/insn_i[6]_13
                         LUT2 (Prop_lut2_I0_O)        0.117     5.183 r  u_shared_mul/u_primary_mul/difference_carry_i_17/O
                         net (fo=1, unplaced)         0.000     5.183    u_shared_mul/u_primary_mul/partial_products85_in[1]
                         CARRY4 (Prop_carry4_DI[1]_O[2])
                                                      0.593     5.776 r  u_shared_mul/u_primary_mul/difference_carry_i_12/O[2]
                         net (fo=1, unplaced)         0.452     6.228    u_shared_mul/u_primary_mul/difference_carry_i_12_n_5
                         LUT6 (Prop_lut6_I0_O)        0.301     6.529 r  u_shared_mul/u_primary_mul/falcon_sum_carry_i_13/O
                         net (fo=4, unplaced)         0.663     7.192    u_shared_mul/u_primary_mul/accumulator82_in[2]
                         CARRY4 (Prop_carry4_DI[1]_O[2])
                                                      0.566     7.758 r  u_shared_mul/u_primary_mul/falcon_sum_carry_i_14/O[2]
                         net (fo=1, unplaced)         0.452     8.210    u_shared_mul/u_primary_mul/falcon_sum_carry_i_14_n_5
                         LUT5 (Prop_lut5_I0_O)        0.301     8.511 r  u_shared_mul/u_primary_mul/falcon_sum_carry_i_11/O
                         net (fo=4, unplaced)         0.663     9.174    u_shared_mul/u_primary_mul/accumulator79_in[3]
                         CARRY4 (Prop_carry4_DI[1]_O[2])
                                                      0.566     9.740 r  u_shared_mul/u_primary_mul/falcon_sum_carry_i_12/O[2]
                         net (fo=1, unplaced)         0.452    10.192    u_shared_mul/u_primary_mul/falcon_sum_carry_i_12_n_5
                         LUT5 (Prop_lut5_I0_O)        0.301    10.493 r  u_shared_mul/u_primary_mul/falcon_sum_carry__0_i_18/O
                         net (fo=4, unplaced)         0.663    11.156    u_shared_mul/u_primary_mul/accumulator76_in[4]
                         CARRY4 (Prop_carry4_DI[1]_O[2])
                                                      0.566    11.722 r  u_shared_mul/u_primary_mul/falcon_sum_carry_i_9/O[2]
                         net (fo=1, unplaced)         0.452    12.174    u_shared_mul/u_primary_mul/falcon_sum_carry_i_9_n_5
                         LUT5 (Prop_lut5_I0_O)        0.301    12.475 r  u_shared_mul/u_primary_mul/falcon_sum_carry__0_i_15/O
                         net (fo=4, unplaced)         0.663    13.138    u_shared_mul/u_primary_mul/accumulator73_in[5]
                         CARRY4 (Prop_carry4_DI[1]_O[2])
                                                      0.566    13.704 r  u_shared_mul/u_primary_mul/falcon_sum_carry__0_i_16/O[2]
                         net (fo=1, unplaced)         0.452    14.156    u_shared_mul/u_primary_mul/falcon_sum_carry__0_i_16_n_5
                         LUT5 (Prop_lut5_I0_O)        0.301    14.457 r  u_shared_mul/u_primary_mul/falcon_sum_carry__0_i_13/O
                         net (fo=4, unplaced)         0.663    15.120    u_shared_mul/u_primary_mul/accumulator70_in[6]
                         CARRY4 (Prop_carry4_DI[1]_O[2])
                                                      0.566    15.686 r  u_shared_mul/u_primary_mul/falcon_sum_carry__0_i_14/O[2]
                         net (fo=1, unplaced)         0.452    16.138    u_shared_mul/u_primary_mul/falcon_sum_carry__0_i_14_n_5
                         LUT5 (Prop_lut5_I0_O)        0.301    16.439 r  u_shared_mul/u_primary_mul/falcon_sum_carry__0_i_10/O
                         net (fo=4, unplaced)         0.663    17.102    u_shared_mul/u_primary_mul/accumulator67_in[7]
                         CARRY4 (Prop_carry4_DI[1]_O[2])
                                                      0.566    17.668 r  u_shared_mul/u_primary_mul/falcon_sum_carry__0_i_11/O[2]
                         net (fo=1, unplaced)         0.452    18.120    u_shared_mul/u_primary_mul/falcon_sum_carry__0_i_11_n_5
                         LUT5 (Prop_lut5_I0_O)        0.301    18.421 r  u_shared_mul/u_primary_mul/falcon_sum_carry__1_i_19/O
                         net (fo=4, unplaced)         0.663    19.084    u_shared_mul/u_primary_mul/accumulator64_in[8]
                         CARRY4 (Prop_carry4_DI[1]_O[2])
                                                      0.566    19.650 r  u_shared_mul/u_primary_mul/falcon_sum_carry__0_i_9/O[2]
                         net (fo=1, unplaced)         0.452    20.102    u_shared_mul/u_primary_mul/falcon_sum_carry__0_i_9_n_5
                         LUT5 (Prop_lut5_I0_O)        0.301    20.403 r  u_shared_mul/u_primary_mul/falcon_sum_carry__1_i_16/O
                         net (fo=4, unplaced)         0.663    21.066    u_shared_mul/u_primary_mul/accumulator61_in[9]
                         CARRY4 (Prop_carry4_DI[1]_O[2])
                                                      0.566    21.632 r  u_shared_mul/u_primary_mul/falcon_sum_carry__1_i_17/O[2]
                         net (fo=1, unplaced)         0.452    22.084    u_shared_mul/u_primary_mul/falcon_sum_carry__1_i_17_n_5
                         LUT5 (Prop_lut5_I0_O)        0.301    22.385 r  u_shared_mul/u_primary_mul/falcon_sum_carry__1_i_38/O
                         net (fo=3, unplaced)         0.657    23.042    u_shared_mul/u_primary_mul/accumulator58_in[10]
                         CARRY4 (Prop_carry4_DI[1]_O[2])
                                                      0.566    23.608 r  u_shared_mul/u_primary_mul/falcon_sum_carry__1_i_15/O[2]
                         net (fo=1, unplaced)         0.452    24.060    u_shared_mul/u_primary_mul/falcon_sum_carry__1_i_15_n_5
                         LUT5 (Prop_lut5_I0_O)        0.301    24.361 r  u_shared_mul/u_primary_mul/falcon_sum_carry__1_i_30/O
                         net (fo=3, unplaced)         0.657    25.018    u_shared_mul/u_primary_mul/accumulator55_in[11]
                         CARRY4 (Prop_carry4_DI[1]_O[2])
                                                      0.566    25.584 r  u_shared_mul/u_primary_mul/falcon_sum_carry__1_i_12/O[2]
                         net (fo=1, unplaced)         0.452    26.036    u_shared_mul/u_primary_mul/falcon_sum_carry__1_i_12_n_5
                         LUT5 (Prop_lut5_I0_O)        0.301    26.337 r  u_shared_mul/u_primary_mul/falcon_sum_carry__1_i_22/O
                         net (fo=3, unplaced)         0.657    26.994    u_shared_mul/u_primary_mul/accumulator52_in[12]
                         CARRY4 (Prop_carry4_DI[1]_O[2])
                                                      0.566    27.560 r  u_shared_mul/u_primary_mul/falcon_sum_carry__1_i_9/O[2]
                         net (fo=2, unplaced)         0.463    28.023    u_shared_mul/u_primary_mul/falcon_sum_carry__1_i_9_n_5
                         LUT6 (Prop_lut6_I0_O)        0.301    28.324 r  u_shared_mul/u_primary_mul/falcon_sum_carry__2_i_16/O
                         net (fo=4, unplaced)         0.663    28.987    u_shared_mul/u_primary_mul/accumulator49_in[13]
                         CARRY4 (Prop_carry4_DI[1]_O[2])
                                                      0.566    29.553 r  u_shared_mul/u_primary_mul/falcon_sum_carry__2_i_17/O[2]
                         net (fo=1, unplaced)         0.452    30.005    u_shared_mul/u_primary_mul/falcon_sum_carry__2_i_17_n_5
                         LUT6 (Prop_lut6_I0_O)        0.301    30.306 r  u_shared_mul/u_primary_mul/falcon_sum_carry__2_i_13/O
                         net (fo=4, unplaced)         0.663    30.969    u_shared_mul/u_primary_mul/accumulator46_in[14]
                         CARRY4 (Prop_carry4_DI[1]_O[2])
                                                      0.566    31.535 r  u_shared_mul/u_primary_mul/falcon_sum_carry__2_i_14/O[2]
                         net (fo=1, unplaced)         0.452    31.987    u_shared_mul/u_primary_mul/falcon_sum_carry__2_i_14_n_5
                         LUT6 (Prop_lut6_I0_O)        0.301    32.288 r  u_shared_mul/u_primary_mul/falcon_sum_carry__2_i_31/O
                         net (fo=3, unplaced)         0.657    32.945    u_shared_mul/u_primary_mul/accumulator43_in[15]
                         CARRY4 (Prop_carry4_DI[1]_O[2])
                                                      0.566    33.511 r  u_shared_mul/u_primary_mul/falcon_sum_carry__2_i_12/O[2]
                         net (fo=1, unplaced)         0.452    33.963    u_shared_mul/u_primary_mul/falcon_sum_carry__2_i_12_n_5
                         LUT6 (Prop_lut6_I0_O)        0.301    34.264 r  u_shared_mul/u_primary_mul/falcon_sum_carry__3_i_17/O
                         net (fo=6, unplaced)         0.671    34.935    u_shared_mul/u_primary_mul/accumulator40_in[16]
                         CARRY4 (Prop_carry4_DI[1]_O[2])
                                                      0.566    35.501 r  u_shared_mul/u_primary_mul/falcon_sum_carry__2_i_9/O[2]
                         net (fo=1, unplaced)         0.452    35.953    u_shared_mul/u_primary_mul/falcon_sum_carry__2_i_9_n_5
                         LUT5 (Prop_lut5_I0_O)        0.301    36.254 r  u_shared_mul/u_primary_mul/falcon_sum_carry__3_i_50/O
                         net (fo=3, unplaced)         0.657    36.911    u_shared_mul/u_primary_mul/accumulator37_in[17]
                         CARRY4 (Prop_carry4_DI[1]_O[2])
                                                      0.566    37.477 r  u_shared_mul/u_primary_mul/falcon_sum_carry__3_i_16/O[2]
                         net (fo=1, unplaced)         0.452    37.929    u_shared_mul/u_primary_mul/falcon_sum_carry__3_i_16_n_5
                         LUT6 (Prop_lut6_I2_O)        0.301    38.230 r  u_shared_mul/u_primary_mul/falcon_sum_carry__3_i_12/O
                         net (fo=4, unplaced)         0.663    38.893    u_shared_mul/u_primary_mul/accumulator34_in[18]
                         CARRY4 (Prop_carry4_DI[1]_O[2])
                                                      0.566    39.459 r  u_shared_mul/u_primary_mul/falcon_sum_carry__3_i_13/O[2]
                         net (fo=1, unplaced)         0.452    39.911    u_shared_mul/u_primary_mul/falcon_sum_carry__3_i_13_n_5
                         LUT6 (Prop_lut6_I0_O)        0.301    40.212 r  u_shared_mul/u_primary_mul/falcon_sum_carry__3_i_10/O
                         net (fo=4, unplaced)         0.663    40.875    u_shared_mul/u_primary_mul/accumulator31_in[19]
                         CARRY4 (Prop_carry4_DI[1]_O[2])
                                                      0.566    41.441 r  u_shared_mul/u_primary_mul/falcon_sum_carry__3_i_11/O[2]
                         net (fo=1, unplaced)         0.452    41.893    u_shared_mul/u_primary_mul/falcon_sum_carry__3_i_11_n_5
                         LUT5 (Prop_lut5_I0_O)        0.301    42.194 r  u_shared_mul/u_primary_mul/falcon_sum_carry__3_i_20/O
                         net (fo=3, unplaced)         0.657    42.851    u_shared_mul/u_primary_mul/accumulator28_in[20]
                         CARRY4 (Prop_carry4_DI[1]_O[2])
                                                      0.566    43.417 r  u_shared_mul/u_primary_mul/falcon_sum_carry__3_i_9/O[2]
                         net (fo=1, unplaced)         0.452    43.869    u_shared_mul/u_primary_mul/falcon_sum_carry__3_i_9_n_5
                         LUT6 (Prop_lut6_I0_O)        0.301    44.170 r  u_shared_mul/u_primary_mul/falcon_sum_carry__4_i_16/O
                         net (fo=4, unplaced)         0.663    44.833    u_shared_mul/u_primary_mul/accumulator25_in[21]
                         CARRY4 (Prop_carry4_DI[1]_O[2])
                                                      0.566    45.399 r  u_shared_mul/u_primary_mul/falcon_sum_carry__4_i_17/O[2]
                         net (fo=1, unplaced)         0.452    45.851    u_shared_mul/u_primary_mul/falcon_sum_carry__4_i_17_n_5
                         LUT5 (Prop_lut5_I0_O)        0.301    46.152 r  u_shared_mul/u_primary_mul/falcon_sum_carry__4_i_42/O
                         net (fo=3, unplaced)         0.657    46.809    u_shared_mul/u_primary_mul/accumulator22_in[22]
                         CARRY4 (Prop_carry4_DI[1]_O[2])
                                                      0.566    47.375 r  u_shared_mul/u_primary_mul/falcon_sum_carry__4_i_15/O[2]
                         net (fo=1, unplaced)         0.452    47.827    u_shared_mul/u_primary_mul/falcon_sum_carry__4_i_15_n_5
                         LUT6 (Prop_lut6_I0_O)        0.301    48.128 r  u_shared_mul/u_primary_mul/falcon_sum_carry__4_i_30/O
                         net (fo=3, unplaced)         0.657    48.785    u_shared_mul/u_primary_mul/accumulator19_in[23]
                         CARRY4 (Prop_carry4_DI[1]_O[2])
                                                      0.566    49.351 r  u_shared_mul/u_primary_mul/falcon_sum_carry__4_i_12/O[2]
                         net (fo=1, unplaced)         0.452    49.803    u_shared_mul/u_primary_mul/falcon_sum_carry__4_i_12_n_5
                         LUT6 (Prop_lut6_I0_O)        0.301    50.104 r  u_shared_mul/u_primary_mul/falcon_sum_carry__5_i_18/O
                         net (fo=4, unplaced)         0.663    50.767    u_shared_mul/u_primary_mul/accumulator16_in[24]
                         CARRY4 (Prop_carry4_DI[1]_O[2])
                                                      0.566    51.333 r  u_shared_mul/u_primary_mul/falcon_sum_carry__4_i_9/O[2]
                         net (fo=1, unplaced)         0.452    51.785    u_shared_mul/u_primary_mul/falcon_sum_carry__4_i_9_n_5
                         LUT6 (Prop_lut6_I0_O)        0.301    52.086 r  u_shared_mul/u_primary_mul/falcon_sum_carry__5_i_45/O
                         net (fo=3, unplaced)         0.657    52.743    u_shared_mul/u_primary_mul/accumulator13_in[25]
                         CARRY4 (Prop_carry4_DI[1]_O[2])
                                                      0.566    53.309 r  u_shared_mul/u_primary_mul/falcon_sum_carry__5_i_17/O[2]
                         net (fo=1, unplaced)         0.452    53.761    u_shared_mul/u_primary_mul/falcon_sum_carry__5_i_17_n_5
                         LUT6 (Prop_lut6_I0_O)        0.301    54.062 r  u_shared_mul/u_primary_mul/falcon_sum_carry__5_i_13/O
                         net (fo=6, unplaced)         0.671    54.733    u_shared_mul/u_primary_mul/accumulator10_in[26]
                         CARRY4 (Prop_carry4_DI[1]_O[2])
                                                      0.566    55.299 r  u_shared_mul/u_primary_mul/falcon_sum_carry__5_i_14/O[2]
                         net (fo=1, unplaced)         0.452    55.751    u_shared_mul/u_primary_mul/falcon_sum_carry__5_i_14_n_5
                         LUT5 (Prop_lut5_I0_O)        0.301    56.052 r  u_shared_mul/u_primary_mul/falcon_sum_carry__5_i_28/O
                         net (fo=3, unplaced)         0.657    56.709    u_shared_mul/u_primary_mul/accumulator7_in[27]
                         CARRY4 (Prop_carry4_DI[1]_O[2])
                                                      0.566    57.275 r  u_shared_mul/u_primary_mul/falcon_sum_carry__5_i_12/O[2]
                         net (fo=1, unplaced)         0.452    57.727    u_shared_mul/u_primary_mul/falcon_sum_carry__5_i_12_n_5
                         LUT5 (Prop_lut5_I0_O)        0.301    58.028 r  u_shared_mul/u_primary_mul/falcon_sum_carry__5_i_19/O
                         net (fo=3, unplaced)         0.657    58.685    u_shared_mul/u_primary_mul/accumulator4_in[28]
                         CARRY4 (Prop_carry4_DI[1]_O[2])
                                                      0.566    59.251 r  u_shared_mul/u_primary_mul/falcon_sum_carry__5_i_9/O[2]
                         net (fo=1, unplaced)         0.452    59.703    u_shared_mul/u_primary_mul/falcon_sum_carry__5_i_9_n_5
                         LUT6 (Prop_lut6_I0_O)        0.301    60.004 r  u_shared_mul/u_primary_mul/falcon_sum_carry__6_i_30/O
                         net (fo=3, unplaced)         0.657    60.661    u_shared_mul/u_primary_mul/accumulator1_in[29]
                         CARRY4 (Prop_carry4_DI[1]_O[2])
                                                      0.566    61.227 r  u_shared_mul/u_primary_mul/falcon_sum_carry__6_i_15/O[2]
                         net (fo=1, unplaced)         0.452    61.679    u_shared_mul/u_primary_mul/falcon_sum_carry__6_i_15_n_5
                         LUT6 (Prop_lut6_I4_O)        0.301    61.980 r  u_shared_mul/u_primary_mul/falcon_sum_carry__6_i_22/O
                         net (fo=1, unplaced)         0.000    61.980    u_shared_mul/u_primary_mul/falcon_sum_carry__6_i_22_n_0
                         CARRY4 (Prop_carry4_S[1]_O[2])
                                                      0.578    62.558 r  u_shared_mul/u_primary_mul/falcon_sum_carry__6_i_8/O[2]
                         net (fo=3, unplaced)         0.470    63.028    u_shared_mul/u_primary_mul/falcon_sum_carry__6_i_8_n_5
                         LUT6 (Prop_lut6_I5_O)        0.301    63.329 r  u_shared_mul/u_primary_mul/result_hi_o[2]_INST_0_i_12/O
                         net (fo=1, unplaced)         0.000    63.329    u_shared_mul/u_primary_mul/result_hi_o[2]_INST_0_i_12_n_0
                         CARRY4 (Prop_carry4_S[0]_O[0])
                                                      0.252    63.581 r  u_shared_mul/u_primary_mul/result_hi_o[2]_INST_0_i_3/O[0]
                         net (fo=3, unplaced)         0.329    63.910    u_shared_mul/u_primary_mul/result_hi_o[2]_INST_0_i_3_n_7
                         LUT5 (Prop_lut5_I0_O)        0.295    64.205 r  u_shared_mul/u_primary_mul/stage_a_result_i_25/O
                         net (fo=7, unplaced)         0.484    64.689    u_shared_mul/u_primary_mul/full_prod[31]
                         LUT3 (Prop_lut3_I0_O)        0.124    64.813 r  u_shared_mul/u_primary_mul/stage_a_result_i_7/O
                         net (fo=1, unplaced)         0.800    65.613    u_shared_mul/stage_a_op1[31]
                         DSP48E1 (Prop_dsp48e1_A[14]_P[0])
                                                      3.841    69.454 r  u_shared_mul/stage_a_result/P[0]
                         net (fo=1, unplaced)         0.800    70.253    u_shared_mul/stage_a_result_n_105
                         LUT2 (Prop_lut2_I1_O)        0.124    70.377 r  u_shared_mul/stage_a_result_carry_i_3/O
                         net (fo=1, unplaced)         0.000    70.377    u_shared_mul/stage_a_result_carry_i_3_n_0
                         CARRY4 (Prop_carry4_S[1]_CO[3])
                                                      0.533    70.910 r  u_shared_mul/stage_a_result_carry/CO[3]
                         net (fo=1, unplaced)         0.009    70.919    u_shared_mul/stage_a_result_carry_n_0
                         CARRY4 (Prop_carry4_CI_CO[3])
                                                      0.117    71.036 r  u_shared_mul/stage_a_result_carry__0/CO[3]
                         net (fo=1, unplaced)         0.000    71.036    u_shared_mul/stage_a_result_carry__0_n_0
                         CARRY4 (Prop_carry4_CI_CO[3])
                                                      0.117    71.153 r  u_shared_mul/stage_a_result_carry__1/CO[3]
                         net (fo=1, unplaced)         0.000    71.153    u_shared_mul/stage_a_result_carry__1_n_0
                         CARRY4 (Prop_carry4_CI_O[3])
                                                      0.331    71.484 r  u_shared_mul/stage_a_result_carry__2/O[3]
                         net (fo=2, unplaced)         0.629    72.113    u_shared_mul/stage_a_result__2__0[31]
                         LUT5 (Prop_lut5_I2_O)        0.307    72.420 r  u_shared_mul/modp_tp_i_1/O
                         net (fo=2, unplaced)         0.800    73.220    u_shared_mul/p_1_in[31]
                         DSP48E1 (Prop_dsp48e1_B[14]_PCOUT[47])
                                                      3.851    77.071 r  u_shared_mul/modp_tp/PCOUT[47]
                         net (fo=1, unplaced)         0.055    77.126    u_shared_mul/modp_tp_n_106
                         DSP48E1 (Prop_dsp48e1_PCIN[47]_P[3])
                                                      1.518    78.644 r  u_shared_mul/modp_tp__0/P[3]
                         net (fo=1, unplaced)         0.800    79.444    u_shared_mul/modp_tp__0_n_102
                         LUT2 (Prop_lut2_I1_O)        0.124    79.568 r  u_shared_mul/modp_tp_carry__4_i_3/O
                         net (fo=1, unplaced)         0.000    79.568    u_shared_mul/modp_tp_carry__4_i_3_n_0
                         CARRY4 (Prop_carry4_S[1]_CO[3])
                                                      0.533    80.101 r  u_shared_mul/modp_tp_carry__4/CO[3]
                         net (fo=1, unplaced)         0.000    80.101    u_shared_mul/modp_tp_carry__4_n_0
                         CARRY4 (Prop_carry4_CI_CO[3])
                                                      0.117    80.218 r  u_shared_mul/modp_tp_carry__5/CO[3]
                         net (fo=1, unplaced)         0.000    80.218    u_shared_mul/modp_tp_carry__5_n_0
                         CARRY4 (Prop_carry4_CI_CO[3])
                                                      0.117    80.335 r  u_shared_mul/modp_tp_carry__6/CO[3]
                         net (fo=1, unplaced)         0.000    80.335    u_shared_mul/modp_tp_carry__6_n_0
                         CARRY4 (Prop_carry4_CI_O[1])
                                                      0.337    80.672 r  u_shared_mul/modp_tp_carry__7/O[1]
                         net (fo=1, unplaced)         0.611    81.283    u_shared_mul/modp_tp__3__0[49]
                         LUT2 (Prop_lut2_I1_O)        0.306    81.589 r  u_shared_mul/modp_sub_carry__3_i_12/O
                         net (fo=1, unplaced)         0.000    81.589    u_shared_mul/u_primary_mul/modp_sub_carry__3[1]
                         CARRY4 (Prop_carry4_S[1]_CO[3])
                                                      0.533    82.122 r  u_shared_mul/u_primary_mul/modp_sub_carry__3_i_1/CO[3]
                         net (fo=1, unplaced)         0.000    82.122    u_shared_mul/u_primary_mul/modp_sub_carry__3_i_1_n_0
                         CARRY4 (Prop_carry4_CI_O[3])
                                                      0.331    82.453 r  u_shared_mul/u_primary_mul/modp_sub_carry__4_i_1/O[3]
                         net (fo=2, unplaced)         0.629    83.082    u_shared_mul/u_primary_mul/modp_tp__2[24]
                         LUT2 (Prop_lut2_I0_O)        0.307    83.389 r  u_shared_mul/u_primary_mul/modp_sub_carry__5_i_5/O
                         net (fo=1, unplaced)         0.000    83.389    u_shared_mul/u_primary_mul_n_502
                         CARRY4 (Prop_carry4_S[0]_CO[3])
                                                      0.513    83.902 r  u_shared_mul/modp_sub_carry__5/CO[3]
                         net (fo=1, unplaced)         0.000    83.902    u_shared_mul/modp_sub_carry__5_n_0
                         CARRY4 (Prop_carry4_CI_O[3])
                                                      0.331    84.233 r  u_shared_mul/modp_sub_carry__6/O[3]
                         net (fo=32, unplaced)        0.689    84.922    u_shared_mul/u_primary_mul/modp_final_carry__6[3]
                         LUT3 (Prop_lut3_I2_O)        0.307    85.229 r  u_shared_mul/u_primary_mul/modp_final_carry_i_3/O
                         net (fo=1, unplaced)         0.000    85.229    u_shared_mul/u_primary_mul_n_405
                         CARRY4 (Prop_carry4_S[1]_CO[3])
                                                      0.533    85.762 r  u_shared_mul/modp_final_carry/CO[3]
                         net (fo=1, unplaced)         0.009    85.771    u_shared_mul/modp_final_carry_n_0
                         CARRY4 (Prop_carry4_CI_O[3])
                                                      0.331    86.102 f  u_shared_mul/modp_final_carry__0/O[3]
                         net (fo=1, unplaced)         0.618    86.720    u_shared_mul/u_primary_mul/data4[7]
                         LUT6 (Prop_lut6_I5_O)        0.307    87.027 r  u_shared_mul/u_primary_mul/result_o[7]_INST_0_i_24/O
                         net (fo=1, unplaced)         0.449    87.476    u_shared_mul/u_primary_mul/result_o[7]_INST_0_i_24_n_0
                         LUT6 (Prop_lut6_I5_O)        0.124    87.600 r  u_shared_mul/u_primary_mul/result_o[7]_INST_0_i_9/O
                         net (fo=17, unplaced)        0.505    88.105    u_shared_mul/u_primary_mul/aD2M4dsP[7]
                         LUT2 (Prop_lut2_I1_O)        0.124    88.229 r  u_shared_mul/u_primary_mul/result_o[27]_INST_0_i_81/O
                         net (fo=1, unplaced)         0.000    88.229    u_shared_mul/u_primary_mul/result_o[27]_INST_0_i_81_n_0
                         CARRY4 (Prop_carry4_S[3]_CO[3])
                                                      0.376    88.605 r  u_shared_mul/u_primary_mul/result_o[27]_INST_0_i_35/CO[3]
                         net (fo=1, unplaced)         0.000    88.605    u_shared_mul/u_primary_mul/result_o[27]_INST_0_i_35_n_0
                         CARRY4 (Prop_carry4_CI_CO[3])
                                                      0.117    88.722 r  u_shared_mul/u_primary_mul/result_o[27]_INST_0_i_15/CO[3]
                         net (fo=1, unplaced)         0.000    88.722    u_shared_mul/u_primary_mul/result_o[27]_INST_0_i_15_n_0
                         CARRY4 (Prop_carry4_CI_CO[3])
                                                      0.117    88.839 r  u_shared_mul/u_primary_mul/result_o[31]_INST_0_i_46/CO[3]
                         net (fo=1, unplaced)         0.000    88.839    u_shared_mul/u_primary_mul/result_o[31]_INST_0_i_46_n_0
                         CARRY4 (Prop_carry4_CI_CO[0])
                                                      0.281    89.120 r  u_shared_mul/u_primary_mul/result_o[31]_INST_0_i_47/CO[0]
                         net (fo=6, unplaced)         0.343    89.463    u_shared_mul/u_primary_mul/result_o[31]_INST_0_i_47_n_3
                         LUT2 (Prop_lut2_I1_O)        0.367    89.830 r  u_shared_mul/u_primary_mul/result_o[19]_INST_0_i_26/O
                         net (fo=1, unplaced)         0.000    89.830    u_shared_mul/u_primary_mul/result_o[19]_INST_0_i_26_n_0
                         CARRY4 (Prop_carry4_S[0]_CO[3])
                                                      0.513    90.343 r  u_shared_mul/u_primary_mul/result_o[19]_INST_0_i_11/CO[3]
                         net (fo=1, unplaced)         0.009    90.352    u_shared_mul/u_primary_mul/result_o[19]_INST_0_i_11_n_0
                         CARRY4 (Prop_carry4_CI_CO[3])
                                                      0.117    90.469 r  u_shared_mul/u_primary_mul/result_o[27]_INST_0_i_14/CO[3]
                         net (fo=1, unplaced)         0.000    90.469    u_shared_mul/u_primary_mul/result_o[27]_INST_0_i_14_n_0
                         CARRY4 (Prop_carry4_CI_CO[3])
                                                      0.117    90.586 r  u_shared_mul/u_primary_mul/result_o[27]_INST_0_i_5/CO[3]
                         net (fo=1, unplaced)         0.000    90.586    u_shared_mul/u_primary_mul/result_o[27]_INST_0_i_5_n_0
                         CARRY4 (Prop_carry4_CI_O[3])
                                                      0.331    90.917 r  u_shared_mul/u_primary_mul/result_o[31]_INST_0_i_36/O[3]
                         net (fo=1, unplaced)         0.618    91.535    u_shared_mul/u_primary_mul/result_o0[15]
                         LUT3 (Prop_lut3_I1_O)        0.299    91.834 r  u_shared_mul/u_primary_mul/result_o[31]_INST_0_i_17/O
                         net (fo=1, unplaced)         0.449    92.283    u_shared_mul/u_primary_mul/result_o[31]_INST_0_i_17_n_0
                         LUT6 (Prop_lut6_I1_O)        0.124    92.407 f  u_shared_mul/u_primary_mul/result_o[31]_INST_0_i_5/O
                         net (fo=1, unplaced)         0.449    92.856    u_shared_mul/u_primary_mul/result_o[31]_INST_0_i_5_n_0
                         LUT6 (Prop_lut6_I4_O)        0.124    92.980 r  u_shared_mul/u_primary_mul/result_o[31]_INST_0/O
                         net (fo=0)                   0.973    93.953    result_o[31]
                                                                      r  result_o[31] (OUT)
  -------------------------------------------------------------------    -------------------

                         max delay                   20.000    20.000    
                         clock pessimism              0.000    20.000    
                         output delay                -0.000    20.000    
  -------------------------------------------------------------------
                         required time                         20.000    
                         arrival time                         -93.953    
  -------------------------------------------------------------------
                         slack                                -73.953    

Slack (VIOLATED) :        -73.793ns  (required time - arrival time)
  Source:                 multiplier_tree1_i[0]
                            (input port)
  Destination:            result_o[11]
  Path Group:             **default**
  Path Type:              Max at Slow Process Corner
  Requirement:            20.000ns  (MaxDelay Path 20.000ns)
  Data Path Delay:        93.793ns  (logic 47.387ns (50.523%)  route 46.406ns (49.477%))
  Logic Levels:           107  (CARRY4=54 DSP48E1=3 LUT2=7 LUT3=5 LUT4=1 LUT5=17 LUT6=20)
  Output Delay:           0.000ns
  Timing Exception:       MaxDelay Path 20.000ns

    Location             Delay type                Incr(ns)  Path(ns)    Netlist Resource(s)
  -------------------------------------------------------------------    -------------------
                                                      0.000     0.000 r  multiplier_tree1_i[0] (IN)
                         net (fo=40, unset)           0.973     0.973    u_shared_mul/u_primary_mul/multiplier_tree1_i[0]
                         LUT4 (Prop_lut4_I2_O)        0.150     1.123 r  u_shared_mul/u_primary_mul/result_o[12]_INST_0_i_118/O
                         net (fo=1, unplaced)         0.000     1.123    u_shared_mul/u_primary_mul/result_o[12]_INST_0_i_118_n_0
                         CARRY4 (Prop_carry4_DI[0]_CO[3])
                                                      0.576     1.699 r  u_shared_mul/u_primary_mul/result_o[12]_INST_0_i_90/CO[3]
                         net (fo=1, unplaced)         0.009     1.708    u_shared_mul/u_primary_mul/result_o[12]_INST_0_i_90_n_0
                         CARRY4 (Prop_carry4_CI_CO[3])
                                                      0.117     1.825 r  u_shared_mul/u_primary_mul/result_o[12]_INST_0_i_79/CO[3]
                         net (fo=9, unplaced)         0.959     2.784    u_shared_mul/u_primary_mul/mul_op_b2
                         LUT3 (Prop_lut3_I0_O)        0.124     2.908 r  u_shared_mul/u_primary_mul/result_o[1]_INST_0_i_46/O
                         net (fo=1, unplaced)         0.000     2.908    u_shared_mul/u_primary_mul/result_o[1]_INST_0_i_46_n_0
                         CARRY4 (Prop_carry4_S[0]_O[1])
                                                      0.427     3.335 r  u_shared_mul/u_primary_mul/result_o[1]_INST_0_i_24/O[1]
                         net (fo=1, unplaced)         0.312     3.647    u_shared_mul/u_primary_mul/data2[1]
                         LUT3 (Prop_lut3_I2_O)        0.298     3.945 f  u_shared_mul/u_primary_mul/falcon_sum_carry_i_36/O
                         net (fo=1, unplaced)         0.449     4.394    u_shared_mul/u_primary_mul/falcon_sum_carry_i_36_n_0
                         LUT6 (Prop_lut6_I2_O)        0.124     4.518 r  u_shared_mul/u_primary_mul/falcon_sum_carry_i_15/O
                         net (fo=98, unplaced)        0.548     5.066    u_shared_mul/u_primary_mul/insn_i[6]_13
                         LUT2 (Prop_lut2_I0_O)        0.117     5.183 r  u_shared_mul/u_primary_mul/difference_carry_i_17/O
                         net (fo=1, unplaced)         0.000     5.183    u_shared_mul/u_primary_mul/partial_products85_in[1]
                         CARRY4 (Prop_carry4_DI[1]_O[2])
                                                      0.593     5.776 r  u_shared_mul/u_primary_mul/difference_carry_i_12/O[2]
                         net (fo=1, unplaced)         0.452     6.228    u_shared_mul/u_primary_mul/difference_carry_i_12_n_5
                         LUT6 (Prop_lut6_I0_O)        0.301     6.529 r  u_shared_mul/u_primary_mul/falcon_sum_carry_i_13/O
                         net (fo=4, unplaced)         0.663     7.192    u_shared_mul/u_primary_mul/accumulator82_in[2]
                         CARRY4 (Prop_carry4_DI[1]_O[2])
                                                      0.566     7.758 r  u_shared_mul/u_primary_mul/falcon_sum_carry_i_14/O[2]
                         net (fo=1, unplaced)         0.452     8.210    u_shared_mul/u_primary_mul/falcon_sum_carry_i_14_n_5
                         LUT5 (Prop_lut5_I0_O)        0.301     8.511 r  u_shared_mul/u_primary_mul/falcon_sum_carry_i_11/O
                         net (fo=4, unplaced)         0.663     9.174    u_shared_mul/u_primary_mul/accumulator79_in[3]
                         CARRY4 (Prop_carry4_DI[1]_O[2])
                                                      0.566     9.740 r  u_shared_mul/u_primary_mul/falcon_sum_carry_i_12/O[2]
                         net (fo=1, unplaced)         0.452    10.192    u_shared_mul/u_primary_mul/falcon_sum_carry_i_12_n_5
                         LUT5 (Prop_lut5_I0_O)        0.301    10.493 r  u_shared_mul/u_primary_mul/falcon_sum_carry__0_i_18/O
                         net (fo=4, unplaced)         0.663    11.156    u_shared_mul/u_primary_mul/accumulator76_in[4]
                         CARRY4 (Prop_carry4_DI[1]_O[2])
                                                      0.566    11.722 r  u_shared_mul/u_primary_mul/falcon_sum_carry_i_9/O[2]
                         net (fo=1, unplaced)         0.452    12.174    u_shared_mul/u_primary_mul/falcon_sum_carry_i_9_n_5
                         LUT5 (Prop_lut5_I0_O)        0.301    12.475 r  u_shared_mul/u_primary_mul/falcon_sum_carry__0_i_15/O
                         net (fo=4, unplaced)         0.663    13.138    u_shared_mul/u_primary_mul/accumulator73_in[5]
                         CARRY4 (Prop_carry4_DI[1]_O[2])
                                                      0.566    13.704 r  u_shared_mul/u_primary_mul/falcon_sum_carry__0_i_16/O[2]
                         net (fo=1, unplaced)         0.452    14.156    u_shared_mul/u_primary_mul/falcon_sum_carry__0_i_16_n_5
                         LUT5 (Prop_lut5_I0_O)        0.301    14.457 r  u_shared_mul/u_primary_mul/falcon_sum_carry__0_i_13/O
                         net (fo=4, unplaced)         0.663    15.120    u_shared_mul/u_primary_mul/accumulator70_in[6]
                         CARRY4 (Prop_carry4_DI[1]_O[2])
                                                      0.566    15.686 r  u_shared_mul/u_primary_mul/falcon_sum_carry__0_i_14/O[2]
                         net (fo=1, unplaced)         0.452    16.138    u_shared_mul/u_primary_mul/falcon_sum_carry__0_i_14_n_5
                         LUT5 (Prop_lut5_I0_O)        0.301    16.439 r  u_shared_mul/u_primary_mul/falcon_sum_carry__0_i_10/O
                         net (fo=4, unplaced)         0.663    17.102    u_shared_mul/u_primary_mul/accumulator67_in[7]
                         CARRY4 (Prop_carry4_DI[1]_O[2])
                                                      0.566    17.668 r  u_shared_mul/u_primary_mul/falcon_sum_carry__0_i_11/O[2]
                         net (fo=1, unplaced)         0.452    18.120    u_shared_mul/u_primary_mul/falcon_sum_carry__0_i_11_n_5
                         LUT5 (Prop_lut5_I0_O)        0.301    18.421 r  u_shared_mul/u_primary_mul/falcon_sum_carry__1_i_19/O
                         net (fo=4, unplaced)         0.663    19.084    u_shared_mul/u_primary_mul/accumulator64_in[8]
                         CARRY4 (Prop_carry4_DI[1]_O[2])
                                                      0.566    19.650 r  u_shared_mul/u_primary_mul/falcon_sum_carry__0_i_9/O[2]
                         net (fo=1, unplaced)         0.452    20.102    u_shared_mul/u_primary_mul/falcon_sum_carry__0_i_9_n_5
                         LUT5 (Prop_lut5_I0_O)        0.301    20.403 r  u_shared_mul/u_primary_mul/falcon_sum_carry__1_i_16/O
                         net (fo=4, unplaced)         0.663    21.066    u_shared_mul/u_primary_mul/accumulator61_in[9]
                         CARRY4 (Prop_carry4_DI[1]_O[2])
                                                      0.566    21.632 r  u_shared_mul/u_primary_mul/falcon_sum_carry__1_i_17/O[2]
                         net (fo=1, unplaced)         0.452    22.084    u_shared_mul/u_primary_mul/falcon_sum_carry__1_i_17_n_5
                         LUT5 (Prop_lut5_I0_O)        0.301    22.385 r  u_shared_mul/u_primary_mul/falcon_sum_carry__1_i_38/O
                         net (fo=3, unplaced)         0.657    23.042    u_shared_mul/u_primary_mul/accumulator58_in[10]
                         CARRY4 (Prop_carry4_DI[1]_O[2])
                                                      0.566    23.608 r  u_shared_mul/u_primary_mul/falcon_sum_carry__1_i_15/O[2]
                         net (fo=1, unplaced)         0.452    24.060    u_shared_mul/u_primary_mul/falcon_sum_carry__1_i_15_n_5
                         LUT5 (Prop_lut5_I0_O)        0.301    24.361 r  u_shared_mul/u_primary_mul/falcon_sum_carry__1_i_30/O
                         net (fo=3, unplaced)         0.657    25.018    u_shared_mul/u_primary_mul/accumulator55_in[11]
                         CARRY4 (Prop_carry4_DI[1]_O[2])
                                                      0.566    25.584 r  u_shared_mul/u_primary_mul/falcon_sum_carry__1_i_12/O[2]
                         net (fo=1, unplaced)         0.452    26.036    u_shared_mul/u_primary_mul/falcon_sum_carry__1_i_12_n_5
                         LUT5 (Prop_lut5_I0_O)        0.301    26.337 r  u_shared_mul/u_primary_mul/falcon_sum_carry__1_i_22/O
                         net (fo=3, unplaced)         0.657    26.994    u_shared_mul/u_primary_mul/accumulator52_in[12]
                         CARRY4 (Prop_carry4_DI[1]_O[2])
                                                      0.566    27.560 r  u_shared_mul/u_primary_mul/falcon_sum_carry__1_i_9/O[2]
                         net (fo=2, unplaced)         0.463    28.023    u_shared_mul/u_primary_mul/falcon_sum_carry__1_i_9_n_5
                         LUT6 (Prop_lut6_I0_O)        0.301    28.324 r  u_shared_mul/u_primary_mul/falcon_sum_carry__2_i_16/O
                         net (fo=4, unplaced)         0.663    28.987    u_shared_mul/u_primary_mul/accumulator49_in[13]
                         CARRY4 (Prop_carry4_DI[1]_O[2])
                                                      0.566    29.553 r  u_shared_mul/u_primary_mul/falcon_sum_carry__2_i_17/O[2]
                         net (fo=1, unplaced)         0.452    30.005    u_shared_mul/u_primary_mul/falcon_sum_carry__2_i_17_n_5
                         LUT6 (Prop_lut6_I0_O)        0.301    30.306 r  u_shared_mul/u_primary_mul/falcon_sum_carry__2_i_13/O
                         net (fo=4, unplaced)         0.663    30.969    u_shared_mul/u_primary_mul/accumulator46_in[14]
                         CARRY4 (Prop_carry4_DI[1]_O[2])
                                                      0.566    31.535 r  u_shared_mul/u_primary_mul/falcon_sum_carry__2_i_14/O[2]
                         net (fo=1, unplaced)         0.452    31.987    u_shared_mul/u_primary_mul/falcon_sum_carry__2_i_14_n_5
                         LUT6 (Prop_lut6_I0_O)        0.301    32.288 r  u_shared_mul/u_primary_mul/falcon_sum_carry__2_i_31/O
                         net (fo=3, unplaced)         0.657    32.945    u_shared_mul/u_primary_mul/accumulator43_in[15]
                         CARRY4 (Prop_carry4_DI[1]_O[2])
                                                      0.566    33.511 r  u_shared_mul/u_primary_mul/falcon_sum_carry__2_i_12/O[2]
                         net (fo=1, unplaced)         0.452    33.963    u_shared_mul/u_primary_mul/falcon_sum_carry__2_i_12_n_5
                         LUT6 (Prop_lut6_I0_O)        0.301    34.264 r  u_shared_mul/u_primary_mul/falcon_sum_carry__3_i_17/O
                         net (fo=6, unplaced)         0.671    34.935    u_shared_mul/u_primary_mul/accumulator40_in[16]
                         CARRY4 (Prop_carry4_DI[1]_O[2])
                                                      0.566    35.501 r  u_shared_mul/u_primary_mul/falcon_sum_carry__2_i_9/O[2]
                         net (fo=1, unplaced)         0.452    35.953    u_shared_mul/u_primary_mul/falcon_sum_carry__2_i_9_n_5
                         LUT5 (Prop_lut5_I0_O)        0.301    36.254 r  u_shared_mul/u_primary_mul/falcon_sum_carry__3_i_50/O
                         net (fo=3, unplaced)         0.657    36.911    u_shared_mul/u_primary_mul/accumulator37_in[17]
                         CARRY4 (Prop_carry4_DI[1]_O[2])
                                                      0.566    37.477 r  u_shared_mul/u_primary_mul/falcon_sum_carry__3_i_16/O[2]
                         net (fo=1, unplaced)         0.452    37.929    u_shared_mul/u_primary_mul/falcon_sum_carry__3_i_16_n_5
                         LUT6 (Prop_lut6_I2_O)        0.301    38.230 r  u_shared_mul/u_primary_mul/falcon_sum_carry__3_i_12/O
                         net (fo=4, unplaced)         0.663    38.893    u_shared_mul/u_primary_mul/accumulator34_in[18]
                         CARRY4 (Prop_carry4_DI[1]_O[2])
                                                      0.566    39.459 r  u_shared_mul/u_primary_mul/falcon_sum_carry__3_i_13/O[2]
                         net (fo=1, unplaced)         0.452    39.911    u_shared_mul/u_primary_mul/falcon_sum_carry__3_i_13_n_5
                         LUT6 (Prop_lut6_I0_O)        0.301    40.212 r  u_shared_mul/u_primary_mul/falcon_sum_carry__3_i_10/O
                         net (fo=4, unplaced)         0.663    40.875    u_shared_mul/u_primary_mul/accumulator31_in[19]
                         CARRY4 (Prop_carry4_DI[1]_O[2])
                                                      0.566    41.441 r  u_shared_mul/u_primary_mul/falcon_sum_carry__3_i_11/O[2]
                         net (fo=1, unplaced)         0.452    41.893    u_shared_mul/u_primary_mul/falcon_sum_carry__3_i_11_n_5
                         LUT5 (Prop_lut5_I0_O)        0.301    42.194 r  u_shared_mul/u_primary_mul/falcon_sum_carry__3_i_20/O
                         net (fo=3, unplaced)         0.657    42.851    u_shared_mul/u_primary_mul/accumulator28_in[20]
                         CARRY4 (Prop_carry4_DI[1]_O[2])
                                                      0.566    43.417 r  u_shared_mul/u_primary_mul/falcon_sum_carry__3_i_9/O[2]
                         net (fo=1, unplaced)         0.452    43.869    u_shared_mul/u_primary_mul/falcon_sum_carry__3_i_9_n_5
                         LUT6 (Prop_lut6_I0_O)        0.301    44.170 r  u_shared_mul/u_primary_mul/falcon_sum_carry__4_i_16/O
                         net (fo=4, unplaced)         0.663    44.833    u_shared_mul/u_primary_mul/accumulator25_in[21]
                         CARRY4 (Prop_carry4_DI[1]_O[2])
                                                      0.566    45.399 r  u_shared_mul/u_primary_mul/falcon_sum_carry__4_i_17/O[2]
                         net (fo=1, unplaced)         0.452    45.851    u_shared_mul/u_primary_mul/falcon_sum_carry__4_i_17_n_5
                         LUT5 (Prop_lut5_I0_O)        0.301    46.152 r  u_shared_mul/u_primary_mul/falcon_sum_carry__4_i_42/O
                         net (fo=3, unplaced)         0.657    46.809    u_shared_mul/u_primary_mul/accumulator22_in[22]
                         CARRY4 (Prop_carry4_DI[1]_O[2])
                                                      0.566    47.375 r  u_shared_mul/u_primary_mul/falcon_sum_carry__4_i_15/O[2]
                         net (fo=1, unplaced)         0.452    47.827    u_shared_mul/u_primary_mul/falcon_sum_carry__4_i_15_n_5
                         LUT6 (Prop_lut6_I0_O)        0.301    48.128 r  u_shared_mul/u_primary_mul/falcon_sum_carry__4_i_30/O
                         net (fo=3, unplaced)         0.657    48.785    u_shared_mul/u_primary_mul/accumulator19_in[23]
                         CARRY4 (Prop_carry4_DI[1]_O[2])
                                                      0.566    49.351 r  u_shared_mul/u_primary_mul/falcon_sum_carry__4_i_12/O[2]
                         net (fo=1, unplaced)         0.452    49.803    u_shared_mul/u_primary_mul/falcon_sum_carry__4_i_12_n_5
                         LUT6 (Prop_lut6_I0_O)        0.301    50.104 r  u_shared_mul/u_primary_mul/falcon_sum_carry__5_i_18/O
                         net (fo=4, unplaced)         0.663    50.767    u_shared_mul/u_primary_mul/accumulator16_in[24]
                         CARRY4 (Prop_carry4_DI[1]_O[2])
                                                      0.566    51.333 r  u_shared_mul/u_primary_mul/falcon_sum_carry__4_i_9/O[2]
                         net (fo=1, unplaced)         0.452    51.785    u_shared_mul/u_primary_mul/falcon_sum_carry__4_i_9_n_5
                         LUT6 (Prop_lut6_I0_O)        0.301    52.086 r  u_shared_mul/u_primary_mul/falcon_sum_carry__5_i_45/O
                         net (fo=3, unplaced)         0.657    52.743    u_shared_mul/u_primary_mul/accumulator13_in[25]
                         CARRY4 (Prop_carry4_DI[1]_O[2])
                                                      0.566    53.309 r  u_shared_mul/u_primary_mul/falcon_sum_carry__5_i_17/O[2]
                         net (fo=1, unplaced)         0.452    53.761    u_shared_mul/u_primary_mul/falcon_sum_carry__5_i_17_n_5
                         LUT6 (Prop_lut6_I0_O)        0.301    54.062 r  u_shared_mul/u_primary_mul/falcon_sum_carry__5_i_13/O
                         net (fo=6, unplaced)         0.671    54.733    u_shared_mul/u_primary_mul/accumulator10_in[26]
                         CARRY4 (Prop_carry4_DI[1]_O[2])
                                                      0.566    55.299 r  u_shared_mul/u_primary_mul/falcon_sum_carry__5_i_14/O[2]
                         net (fo=1, unplaced)         0.452    55.751    u_shared_mul/u_primary_mul/falcon_sum_carry__5_i_14_n_5
                         LUT5 (Prop_lut5_I0_O)        0.301    56.052 r  u_shared_mul/u_primary_mul/falcon_sum_carry__5_i_28/O
                         net (fo=3, unplaced)         0.657    56.709    u_shared_mul/u_primary_mul/accumulator7_in[27]
                         CARRY4 (Prop_carry4_DI[1]_O[2])
                                                      0.566    57.275 r  u_shared_mul/u_primary_mul/falcon_sum_carry__5_i_12/O[2]
                         net (fo=1, unplaced)         0.452    57.727    u_shared_mul/u_primary_mul/falcon_sum_carry__5_i_12_n_5
                         LUT5 (Prop_lut5_I0_O)        0.301    58.028 r  u_shared_mul/u_primary_mul/falcon_sum_carry__5_i_19/O
                         net (fo=3, unplaced)         0.657    58.685    u_shared_mul/u_primary_mul/accumulator4_in[28]
                         CARRY4 (Prop_carry4_DI[1]_O[2])
                                                      0.566    59.251 r  u_shared_mul/u_primary_mul/falcon_sum_carry__5_i_9/O[2]
                         net (fo=1, unplaced)         0.452    59.703    u_shared_mul/u_primary_mul/falcon_sum_carry__5_i_9_n_5
                         LUT6 (Prop_lut6_I0_O)        0.301    60.004 r  u_shared_mul/u_primary_mul/falcon_sum_carry__6_i_30/O
                         net (fo=3, unplaced)         0.657    60.661    u_shared_mul/u_primary_mul/accumulator1_in[29]
                         CARRY4 (Prop_carry4_DI[1]_O[2])
                                                      0.566    61.227 r  u_shared_mul/u_primary_mul/falcon_sum_carry__6_i_15/O[2]
                         net (fo=1, unplaced)         0.452    61.679    u_shared_mul/u_primary_mul/falcon_sum_carry__6_i_15_n_5
                         LUT6 (Prop_lut6_I4_O)        0.301    61.980 r  u_shared_mul/u_primary_mul/falcon_sum_carry__6_i_22/O
                         net (fo=1, unplaced)         0.000    61.980    u_shared_mul/u_primary_mul/falcon_sum_carry__6_i_22_n_0
                         CARRY4 (Prop_carry4_S[1]_O[2])
                                                      0.578    62.558 r  u_shared_mul/u_primary_mul/falcon_sum_carry__6_i_8/O[2]
                         net (fo=3, unplaced)         0.470    63.028    u_shared_mul/u_primary_mul/falcon_sum_carry__6_i_8_n_5
                         LUT6 (Prop_lut6_I5_O)        0.301    63.329 r  u_shared_mul/u_primary_mul/result_hi_o[2]_INST_0_i_12/O
                         net (fo=1, unplaced)         0.000    63.329    u_shared_mul/u_primary_mul/result_hi_o[2]_INST_0_i_12_n_0
                         CARRY4 (Prop_carry4_S[0]_O[0])
                                                      0.252    63.581 r  u_shared_mul/u_primary_mul/result_hi_o[2]_INST_0_i_3/O[0]
                         net (fo=3, unplaced)         0.329    63.910    u_shared_mul/u_primary_mul/result_hi_o[2]_INST_0_i_3_n_7
                         LUT5 (Prop_lut5_I0_O)        0.295    64.205 r  u_shared_mul/u_primary_mul/stage_a_result_i_25/O
                         net (fo=7, unplaced)         0.484    64.689    u_shared_mul/u_primary_mul/full_prod[31]
                         LUT3 (Prop_lut3_I0_O)        0.124    64.813 r  u_shared_mul/u_primary_mul/stage_a_result_i_7/O
                         net (fo=1, unplaced)         0.800    65.613    u_shared_mul/stage_a_op1[31]
                         DSP48E1 (Prop_dsp48e1_A[14]_P[0])
                                                      3.841    69.454 r  u_shared_mul/stage_a_result/P[0]
                         net (fo=1, unplaced)         0.800    70.253    u_shared_mul/stage_a_result_n_105
                         LUT2 (Prop_lut2_I1_O)        0.124    70.377 r  u_shared_mul/stage_a_result_carry_i_3/O
                         net (fo=1, unplaced)         0.000    70.377    u_shared_mul/stage_a_result_carry_i_3_n_0
                         CARRY4 (Prop_carry4_S[1]_CO[3])
                                                      0.533    70.910 r  u_shared_mul/stage_a_result_carry/CO[3]
                         net (fo=1, unplaced)         0.009    70.919    u_shared_mul/stage_a_result_carry_n_0
                         CARRY4 (Prop_carry4_CI_CO[3])
                                                      0.117    71.036 r  u_shared_mul/stage_a_result_carry__0/CO[3]
                         net (fo=1, unplaced)         0.000    71.036    u_shared_mul/stage_a_result_carry__0_n_0
                         CARRY4 (Prop_carry4_CI_CO[3])
                                                      0.117    71.153 r  u_shared_mul/stage_a_result_carry__1/CO[3]
                         net (fo=1, unplaced)         0.000    71.153    u_shared_mul/stage_a_result_carry__1_n_0
                         CARRY4 (Prop_carry4_CI_O[3])
                                                      0.331    71.484 r  u_shared_mul/stage_a_result_carry__2/O[3]
                         net (fo=2, unplaced)         0.629    72.113    u_shared_mul/stage_a_result__2__0[31]
                         LUT5 (Prop_lut5_I2_O)        0.307    72.420 r  u_shared_mul/modp_tp_i_1/O
                         net (fo=2, unplaced)         0.800    73.220    u_shared_mul/p_1_in[31]
                         DSP48E1 (Prop_dsp48e1_B[14]_PCOUT[47])
                                                      3.851    77.071 r  u_shared_mul/modp_tp/PCOUT[47]
                         net (fo=1, unplaced)         0.055    77.126    u_shared_mul/modp_tp_n_106
                         DSP48E1 (Prop_dsp48e1_PCIN[47]_P[3])
                                                      1.518    78.644 r  u_shared_mul/modp_tp__0/P[3]
                         net (fo=1, unplaced)         0.800    79.444    u_shared_mul/modp_tp__0_n_102
                         LUT2 (Prop_lut2_I1_O)        0.124    79.568 r  u_shared_mul/modp_tp_carry__4_i_3/O
                         net (fo=1, unplaced)         0.000    79.568    u_shared_mul/modp_tp_carry__4_i_3_n_0
                         CARRY4 (Prop_carry4_S[1]_CO[3])
                                                      0.533    80.101 r  u_shared_mul/modp_tp_carry__4/CO[3]
                         net (fo=1, unplaced)         0.000    80.101    u_shared_mul/modp_tp_carry__4_n_0
                         CARRY4 (Prop_carry4_CI_CO[3])
                                                      0.117    80.218 r  u_shared_mul/modp_tp_carry__5/CO[3]
                         net (fo=1, unplaced)         0.000    80.218    u_shared_mul/modp_tp_carry__5_n_0
                         CARRY4 (Prop_carry4_CI_CO[3])
                                                      0.117    80.335 r  u_shared_mul/modp_tp_carry__6/CO[3]
                         net (fo=1, unplaced)         0.000    80.335    u_shared_mul/modp_tp_carry__6_n_0
                         CARRY4 (Prop_carry4_CI_O[1])
                                                      0.337    80.672 r  u_shared_mul/modp_tp_carry__7/O[1]
                         net (fo=1, unplaced)         0.611    81.283    u_shared_mul/modp_tp__3__0[49]
                         LUT2 (Prop_lut2_I1_O)        0.306    81.589 r  u_shared_mul/modp_sub_carry__3_i_12/O
                         net (fo=1, unplaced)         0.000    81.589    u_shared_mul/u_primary_mul/modp_sub_carry__3[1]
                         CARRY4 (Prop_carry4_S[1]_CO[3])
                                                      0.533    82.122 r  u_shared_mul/u_primary_mul/modp_sub_carry__3_i_1/CO[3]
                         net (fo=1, unplaced)         0.000    82.122    u_shared_mul/u_primary_mul/modp_sub_carry__3_i_1_n_0
                         CARRY4 (Prop_carry4_CI_O[3])
                                                      0.331    82.453 r  u_shared_mul/u_primary_mul/modp_sub_carry__4_i_1/O[3]
                         net (fo=2, unplaced)         0.629    83.082    u_shared_mul/u_primary_mul/modp_tp__2[24]
                         LUT2 (Prop_lut2_I0_O)        0.307    83.389 r  u_shared_mul/u_primary_mul/modp_sub_carry__5_i_5/O
                         net (fo=1, unplaced)         0.000    83.389    u_shared_mul/u_primary_mul_n_502
                         CARRY4 (Prop_carry4_S[0]_CO[3])
                                                      0.513    83.902 r  u_shared_mul/modp_sub_carry__5/CO[3]
                         net (fo=1, unplaced)         0.000    83.902    u_shared_mul/modp_sub_carry__5_n_0
                         CARRY4 (Prop_carry4_CI_O[3])
                                                      0.331    84.233 r  u_shared_mul/modp_sub_carry__6/O[3]
                         net (fo=32, unplaced)        0.689    84.922    u_shared_mul/u_primary_mul/modp_final_carry__6[3]
                         LUT3 (Prop_lut3_I2_O)        0.307    85.229 r  u_shared_mul/u_primary_mul/modp_final_carry_i_3/O
                         net (fo=1, unplaced)         0.000    85.229    u_shared_mul/u_primary_mul_n_405
                         CARRY4 (Prop_carry4_S[1]_CO[3])
                                                      0.533    85.762 r  u_shared_mul/modp_final_carry/CO[3]
                         net (fo=1, unplaced)         0.009    85.771    u_shared_mul/modp_final_carry_n_0
                         CARRY4 (Prop_carry4_CI_O[3])
                                                      0.331    86.102 r  u_shared_mul/modp_final_carry__0/O[3]
                         net (fo=1, unplaced)         0.618    86.720    u_shared_mul/u_primary_mul/data4[7]
                         LUT6 (Prop_lut6_I5_O)        0.307    87.027 f  u_shared_mul/u_primary_mul/result_o[7]_INST_0_i_24/O
                         net (fo=1, unplaced)         0.449    87.476    u_shared_mul/u_primary_mul/result_o[7]_INST_0_i_24_n_0
                         LUT6 (Prop_lut6_I5_O)        0.124    87.600 f  u_shared_mul/u_primary_mul/result_o[7]_INST_0_i_9/O
                         net (fo=17, unplaced)        0.505    88.105    u_shared_mul/u_primary_mul/aD2M4dsP[7]
                         LUT2 (Prop_lut2_I1_O)        0.116    88.221 r  u_shared_mul/u_primary_mul/result_o[15]_INST_0_i_150/O
                         net (fo=1, unplaced)         0.000    88.221    u_shared_mul/u_primary_mul/result_o[15]_INST_0_i_150_n_0
                         CARRY4 (Prop_carry4_DI[0]_CO[3])
                                                      0.576    88.797 r  u_shared_mul/u_primary_mul/result_o[15]_INST_0_i_74/CO[3]
                         net (fo=1, unplaced)         0.000    88.797    u_shared_mul/u_primary_mul/result_o[15]_INST_0_i_74_n_0
                         CARRY4 (Prop_carry4_CI_CO[3])
                                                      0.117    88.914 r  u_shared_mul/u_primary_mul/result_o[15]_INST_0_i_23/CO[3]
                         net (fo=1, unplaced)         0.000    88.914    u_shared_mul/u_primary_mul/result_o[15]_INST_0_i_23_n_0
                         CARRY4 (Prop_carry4_CI_O[0])
                                                      0.232    89.146 r  u_shared_mul/u_primary_mul/result_o[15]_INST_0_i_25/O[0]
                         net (fo=7, unplaced)         0.346    89.492    u_shared_mul/u_primary_mul/p_0_in0
                         LUT2 (Prop_lut2_I1_O)        0.295    89.787 r  u_shared_mul/u_primary_mul/result_o[0]_INST_0_i_35/O
                         net (fo=1, unplaced)         0.000    89.787    u_shared_mul/u_primary_mul/result_o[0]_INST_0_i_35_n_0
                         CARRY4 (Prop_carry4_S[0]_CO[3])
                                                      0.513    90.300 r  u_shared_mul/u_primary_mul/result_o[0]_INST_0_i_11/CO[3]
                         net (fo=1, unplaced)         0.009    90.309    u_shared_mul/u_primary_mul/result_o[0]_INST_0_i_11_n_0
                         CARRY4 (Prop_carry4_CI_CO[3])
                                                      0.117    90.426 r  u_shared_mul/u_primary_mul/result_o[7]_INST_0_i_8/CO[3]
                         net (fo=1, unplaced)         0.000    90.426    u_shared_mul/u_primary_mul/result_o[7]_INST_0_i_8_n_0
                         CARRY4 (Prop_carry4_CI_O[3])
                                                      0.331    90.757 r  u_shared_mul/u_primary_mul/result_o[15]_INST_0_i_22/O[3]
                         net (fo=1, unplaced)         0.618    91.375    u_shared_mul/u_primary_mul/result_o[15]_INST_0_i_22_n_4
                         LUT6 (Prop_lut6_I5_O)        0.307    91.682 r  u_shared_mul/u_primary_mul/result_o[11]_INST_0_i_10/O
                         net (fo=1, unplaced)         0.449    92.131    u_shared_mul/u_primary_mul/result_o[11]_INST_0_i_10_n_0
                         LUT3 (Prop_lut3_I1_O)        0.116    92.247 f  u_shared_mul/u_primary_mul/result_o[11]_INST_0_i_4/O
                         net (fo=1, unplaced)         0.449    92.696    u_shared_mul/u_primary_mul/result_o[11]_INST_0_i_4_n_0
                         LUT6 (Prop_lut6_I5_O)        0.124    92.820 r  u_shared_mul/u_primary_mul/result_o[11]_INST_0/O
                         net (fo=0)                   0.973    93.793    result_o[11]
                                                                      r  result_o[11] (OUT)
  -------------------------------------------------------------------    -------------------

                         max delay                   20.000    20.000    
                         clock pessimism              0.000    20.000    
                         output delay                -0.000    20.000    
  -------------------------------------------------------------------
                         required time                         20.000    
                         arrival time                         -93.793    
  -------------------------------------------------------------------
                         slack                                -73.793    

Slack (VIOLATED) :        -73.719ns  (required time - arrival time)
  Source:                 multiplier_tree1_i[0]
                            (input port)
  Destination:            result_o[23]
  Path Group:             **default**
  Path Type:              Max at Slow Process Corner
  Requirement:            20.000ns  (MaxDelay Path 20.000ns)
  Data Path Delay:        93.719ns  (logic 47.316ns (50.487%)  route 46.403ns (49.513%))
  Logic Levels:           107  (CARRY4=54 DSP48E1=3 LUT2=7 LUT3=5 LUT4=1 LUT5=17 LUT6=20)
  Output Delay:           0.000ns
  Timing Exception:       MaxDelay Path 20.000ns

    Location             Delay type                Incr(ns)  Path(ns)    Netlist Resource(s)
  -------------------------------------------------------------------    -------------------
                                                      0.000     0.000 r  multiplier_tree1_i[0] (IN)
                         net (fo=40, unset)           0.973     0.973    u_shared_mul/u_primary_mul/multiplier_tree1_i[0]
                         LUT4 (Prop_lut4_I2_O)        0.150     1.123 r  u_shared_mul/u_primary_mul/result_o[12]_INST_0_i_118/O
                         net (fo=1, unplaced)         0.000     1.123    u_shared_mul/u_primary_mul/result_o[12]_INST_0_i_118_n_0
                         CARRY4 (Prop_carry4_DI[0]_CO[3])
                                                      0.576     1.699 r  u_shared_mul/u_primary_mul/result_o[12]_INST_0_i_90/CO[3]
                         net (fo=1, unplaced)         0.009     1.708    u_shared_mul/u_primary_mul/result_o[12]_INST_0_i_90_n_0
                         CARRY4 (Prop_carry4_CI_CO[3])
                                                      0.117     1.825 r  u_shared_mul/u_primary_mul/result_o[12]_INST_0_i_79/CO[3]
                         net (fo=9, unplaced)         0.959     2.784    u_shared_mul/u_primary_mul/mul_op_b2
                         LUT3 (Prop_lut3_I0_O)        0.124     2.908 r  u_shared_mul/u_primary_mul/result_o[1]_INST_0_i_46/O
                         net (fo=1, unplaced)         0.000     2.908    u_shared_mul/u_primary_mul/result_o[1]_INST_0_i_46_n_0
                         CARRY4 (Prop_carry4_S[0]_O[1])
                                                      0.427     3.335 r  u_shared_mul/u_primary_mul/result_o[1]_INST_0_i_24/O[1]
                         net (fo=1, unplaced)         0.312     3.647    u_shared_mul/u_primary_mul/data2[1]
                         LUT3 (Prop_lut3_I2_O)        0.298     3.945 f  u_shared_mul/u_primary_mul/falcon_sum_carry_i_36/O
                         net (fo=1, unplaced)         0.449     4.394    u_shared_mul/u_primary_mul/falcon_sum_carry_i_36_n_0
                         LUT6 (Prop_lut6_I2_O)        0.124     4.518 r  u_shared_mul/u_primary_mul/falcon_sum_carry_i_15/O
                         net (fo=98, unplaced)        0.548     5.066    u_shared_mul/u_primary_mul/insn_i[6]_13
                         LUT2 (Prop_lut2_I0_O)        0.117     5.183 r  u_shared_mul/u_primary_mul/difference_carry_i_17/O
                         net (fo=1, unplaced)         0.000     5.183    u_shared_mul/u_primary_mul/partial_products85_in[1]
                         CARRY4 (Prop_carry4_DI[1]_O[2])
                                                      0.593     5.776 r  u_shared_mul/u_primary_mul/difference_carry_i_12/O[2]
                         net (fo=1, unplaced)         0.452     6.228    u_shared_mul/u_primary_mul/difference_carry_i_12_n_5
                         LUT6 (Prop_lut6_I0_O)        0.301     6.529 r  u_shared_mul/u_primary_mul/falcon_sum_carry_i_13/O
                         net (fo=4, unplaced)         0.663     7.192    u_shared_mul/u_primary_mul/accumulator82_in[2]
                         CARRY4 (Prop_carry4_DI[1]_O[2])
                                                      0.566     7.758 r  u_shared_mul/u_primary_mul/falcon_sum_carry_i_14/O[2]
                         net (fo=1, unplaced)         0.452     8.210    u_shared_mul/u_primary_mul/falcon_sum_carry_i_14_n_5
                         LUT5 (Prop_lut5_I0_O)        0.301     8.511 r  u_shared_mul/u_primary_mul/falcon_sum_carry_i_11/O
                         net (fo=4, unplaced)         0.663     9.174    u_shared_mul/u_primary_mul/accumulator79_in[3]
                         CARRY4 (Prop_carry4_DI[1]_O[2])
                                                      0.566     9.740 r  u_shared_mul/u_primary_mul/falcon_sum_carry_i_12/O[2]
                         net (fo=1, unplaced)         0.452    10.192    u_shared_mul/u_primary_mul/falcon_sum_carry_i_12_n_5
                         LUT5 (Prop_lut5_I0_O)        0.301    10.493 r  u_shared_mul/u_primary_mul/falcon_sum_carry__0_i_18/O
                         net (fo=4, unplaced)         0.663    11.156    u_shared_mul/u_primary_mul/accumulator76_in[4]
                         CARRY4 (Prop_carry4_DI[1]_O[2])
                                                      0.566    11.722 r  u_shared_mul/u_primary_mul/falcon_sum_carry_i_9/O[2]
                         net (fo=1, unplaced)         0.452    12.174    u_shared_mul/u_primary_mul/falcon_sum_carry_i_9_n_5
                         LUT5 (Prop_lut5_I0_O)        0.301    12.475 r  u_shared_mul/u_primary_mul/falcon_sum_carry__0_i_15/O
                         net (fo=4, unplaced)         0.663    13.138    u_shared_mul/u_primary_mul/accumulator73_in[5]
                         CARRY4 (Prop_carry4_DI[1]_O[2])
                                                      0.566    13.704 r  u_shared_mul/u_primary_mul/falcon_sum_carry__0_i_16/O[2]
                         net (fo=1, unplaced)         0.452    14.156    u_shared_mul/u_primary_mul/falcon_sum_carry__0_i_16_n_5
                         LUT5 (Prop_lut5_I0_O)        0.301    14.457 r  u_shared_mul/u_primary_mul/falcon_sum_carry__0_i_13/O
                         net (fo=4, unplaced)         0.663    15.120    u_shared_mul/u_primary_mul/accumulator70_in[6]
                         CARRY4 (Prop_carry4_DI[1]_O[2])
                                                      0.566    15.686 r  u_shared_mul/u_primary_mul/falcon_sum_carry__0_i_14/O[2]
                         net (fo=1, unplaced)         0.452    16.138    u_shared_mul/u_primary_mul/falcon_sum_carry__0_i_14_n_5
                         LUT5 (Prop_lut5_I0_O)        0.301    16.439 r  u_shared_mul/u_primary_mul/falcon_sum_carry__0_i_10/O
                         net (fo=4, unplaced)         0.663    17.102    u_shared_mul/u_primary_mul/accumulator67_in[7]
                         CARRY4 (Prop_carry4_DI[1]_O[2])
                                                      0.566    17.668 r  u_shared_mul/u_primary_mul/falcon_sum_carry__0_i_11/O[2]
                         net (fo=1, unplaced)         0.452    18.120    u_shared_mul/u_primary_mul/falcon_sum_carry__0_i_11_n_5
                         LUT5 (Prop_lut5_I0_O)        0.301    18.421 r  u_shared_mul/u_primary_mul/falcon_sum_carry__1_i_19/O
                         net (fo=4, unplaced)         0.663    19.084    u_shared_mul/u_primary_mul/accumulator64_in[8]
                         CARRY4 (Prop_carry4_DI[1]_O[2])
                                                      0.566    19.650 r  u_shared_mul/u_primary_mul/falcon_sum_carry__0_i_9/O[2]
                         net (fo=1, unplaced)         0.452    20.102    u_shared_mul/u_primary_mul/falcon_sum_carry__0_i_9_n_5
                         LUT5 (Prop_lut5_I0_O)        0.301    20.403 r  u_shared_mul/u_primary_mul/falcon_sum_carry__1_i_16/O
                         net (fo=4, unplaced)         0.663    21.066    u_shared_mul/u_primary_mul/accumulator61_in[9]
                         CARRY4 (Prop_carry4_DI[1]_O[2])
                                                      0.566    21.632 r  u_shared_mul/u_primary_mul/falcon_sum_carry__1_i_17/O[2]
                         net (fo=1, unplaced)         0.452    22.084    u_shared_mul/u_primary_mul/falcon_sum_carry__1_i_17_n_5
                         LUT5 (Prop_lut5_I0_O)        0.301    22.385 r  u_shared_mul/u_primary_mul/falcon_sum_carry__1_i_38/O
                         net (fo=3, unplaced)         0.657    23.042    u_shared_mul/u_primary_mul/accumulator58_in[10]
                         CARRY4 (Prop_carry4_DI[1]_O[2])
                                                      0.566    23.608 r  u_shared_mul/u_primary_mul/falcon_sum_carry__1_i_15/O[2]
                         net (fo=1, unplaced)         0.452    24.060    u_shared_mul/u_primary_mul/falcon_sum_carry__1_i_15_n_5
                         LUT5 (Prop_lut5_I0_O)        0.301    24.361 r  u_shared_mul/u_primary_mul/falcon_sum_carry__1_i_30/O
                         net (fo=3, unplaced)         0.657    25.018    u_shared_mul/u_primary_mul/accumulator55_in[11]
                         CARRY4 (Prop_carry4_DI[1]_O[2])
                                                      0.566    25.584 r  u_shared_mul/u_primary_mul/falcon_sum_carry__1_i_12/O[2]
                         net (fo=1, unplaced)         0.452    26.036    u_shared_mul/u_primary_mul/falcon_sum_carry__1_i_12_n_5
                         LUT5 (Prop_lut5_I0_O)        0.301    26.337 r  u_shared_mul/u_primary_mul/falcon_sum_carry__1_i_22/O
                         net (fo=3, unplaced)         0.657    26.994    u_shared_mul/u_primary_mul/accumulator52_in[12]
                         CARRY4 (Prop_carry4_DI[1]_O[2])
                                                      0.566    27.560 r  u_shared_mul/u_primary_mul/falcon_sum_carry__1_i_9/O[2]
                         net (fo=2, unplaced)         0.463    28.023    u_shared_mul/u_primary_mul/falcon_sum_carry__1_i_9_n_5
                         LUT6 (Prop_lut6_I0_O)        0.301    28.324 r  u_shared_mul/u_primary_mul/falcon_sum_carry__2_i_16/O
                         net (fo=4, unplaced)         0.663    28.987    u_shared_mul/u_primary_mul/accumulator49_in[13]
                         CARRY4 (Prop_carry4_DI[1]_O[2])
                                                      0.566    29.553 r  u_shared_mul/u_primary_mul/falcon_sum_carry__2_i_17/O[2]
                         net (fo=1, unplaced)         0.452    30.005    u_shared_mul/u_primary_mul/falcon_sum_carry__2_i_17_n_5
                         LUT6 (Prop_lut6_I0_O)        0.301    30.306 r  u_shared_mul/u_primary_mul/falcon_sum_carry__2_i_13/O
                         net (fo=4, unplaced)         0.663    30.969    u_shared_mul/u_primary_mul/accumulator46_in[14]
                         CARRY4 (Prop_carry4_DI[1]_O[2])
                                                      0.566    31.535 r  u_shared_mul/u_primary_mul/falcon_sum_carry__2_i_14/O[2]
                         net (fo=1, unplaced)         0.452    31.987    u_shared_mul/u_primary_mul/falcon_sum_carry__2_i_14_n_5
                         LUT6 (Prop_lut6_I0_O)        0.301    32.288 r  u_shared_mul/u_primary_mul/falcon_sum_carry__2_i_31/O
                         net (fo=3, unplaced)         0.657    32.945    u_shared_mul/u_primary_mul/accumulator43_in[15]
                         CARRY4 (Prop_carry4_DI[1]_O[2])
                                                      0.566    33.511 r  u_shared_mul/u_primary_mul/falcon_sum_carry__2_i_12/O[2]
                         net (fo=1, unplaced)         0.452    33.963    u_shared_mul/u_primary_mul/falcon_sum_carry__2_i_12_n_5
                         LUT6 (Prop_lut6_I0_O)        0.301    34.264 r  u_shared_mul/u_primary_mul/falcon_sum_carry__3_i_17/O
                         net (fo=6, unplaced)         0.671    34.935    u_shared_mul/u_primary_mul/accumulator40_in[16]
                         CARRY4 (Prop_carry4_DI[1]_O[2])
                                                      0.566    35.501 r  u_shared_mul/u_primary_mul/falcon_sum_carry__2_i_9/O[2]
                         net (fo=1, unplaced)         0.452    35.953    u_shared_mul/u_primary_mul/falcon_sum_carry__2_i_9_n_5
                         LUT5 (Prop_lut5_I0_O)        0.301    36.254 r  u_shared_mul/u_primary_mul/falcon_sum_carry__3_i_50/O
                         net (fo=3, unplaced)         0.657    36.911    u_shared_mul/u_primary_mul/accumulator37_in[17]
                         CARRY4 (Prop_carry4_DI[1]_O[2])
                                                      0.566    37.477 r  u_shared_mul/u_primary_mul/falcon_sum_carry__3_i_16/O[2]
                         net (fo=1, unplaced)         0.452    37.929    u_shared_mul/u_primary_mul/falcon_sum_carry__3_i_16_n_5
                         LUT6 (Prop_lut6_I2_O)        0.301    38.230 r  u_shared_mul/u_primary_mul/falcon_sum_carry__3_i_12/O
                         net (fo=4, unplaced)         0.663    38.893    u_shared_mul/u_primary_mul/accumulator34_in[18]
                         CARRY4 (Prop_carry4_DI[1]_O[2])
                                                      0.566    39.459 r  u_shared_mul/u_primary_mul/falcon_sum_carry__3_i_13/O[2]
                         net (fo=1, unplaced)         0.452    39.911    u_shared_mul/u_primary_mul/falcon_sum_carry__3_i_13_n_5
                         LUT6 (Prop_lut6_I0_O)        0.301    40.212 r  u_shared_mul/u_primary_mul/falcon_sum_carry__3_i_10/O
                         net (fo=4, unplaced)         0.663    40.875    u_shared_mul/u_primary_mul/accumulator31_in[19]
                         CARRY4 (Prop_carry4_DI[1]_O[2])
                                                      0.566    41.441 r  u_shared_mul/u_primary_mul/falcon_sum_carry__3_i_11/O[2]
                         net (fo=1, unplaced)         0.452    41.893    u_shared_mul/u_primary_mul/falcon_sum_carry__3_i_11_n_5
                         LUT5 (Prop_lut5_I0_O)        0.301    42.194 r  u_shared_mul/u_primary_mul/falcon_sum_carry__3_i_20/O
                         net (fo=3, unplaced)         0.657    42.851    u_shared_mul/u_primary_mul/accumulator28_in[20]
                         CARRY4 (Prop_carry4_DI[1]_O[2])
                                                      0.566    43.417 r  u_shared_mul/u_primary_mul/falcon_sum_carry__3_i_9/O[2]
                         net (fo=1, unplaced)         0.452    43.869    u_shared_mul/u_primary_mul/falcon_sum_carry__3_i_9_n_5
                         LUT6 (Prop_lut6_I0_O)        0.301    44.170 r  u_shared_mul/u_primary_mul/falcon_sum_carry__4_i_16/O
                         net (fo=4, unplaced)         0.663    44.833    u_shared_mul/u_primary_mul/accumulator25_in[21]
                         CARRY4 (Prop_carry4_DI[1]_O[2])
                                                      0.566    45.399 r  u_shared_mul/u_primary_mul/falcon_sum_carry__4_i_17/O[2]
                         net (fo=1, unplaced)         0.452    45.851    u_shared_mul/u_primary_mul/falcon_sum_carry__4_i_17_n_5
                         LUT5 (Prop_lut5_I0_O)        0.301    46.152 r  u_shared_mul/u_primary_mul/falcon_sum_carry__4_i_42/O
                         net (fo=3, unplaced)         0.657    46.809    u_shared_mul/u_primary_mul/accumulator22_in[22]
                         CARRY4 (Prop_carry4_DI[1]_O[2])
                                                      0.566    47.375 r  u_shared_mul/u_primary_mul/falcon_sum_carry__4_i_15/O[2]
                         net (fo=1, unplaced)         0.452    47.827    u_shared_mul/u_primary_mul/falcon_sum_carry__4_i_15_n_5
                         LUT6 (Prop_lut6_I0_O)        0.301    48.128 r  u_shared_mul/u_primary_mul/falcon_sum_carry__4_i_30/O
                         net (fo=3, unplaced)         0.657    48.785    u_shared_mul/u_primary_mul/accumulator19_in[23]
                         CARRY4 (Prop_carry4_DI[1]_O[2])
                                                      0.566    49.351 r  u_shared_mul/u_primary_mul/falcon_sum_carry__4_i_12/O[2]
                         net (fo=1, unplaced)         0.452    49.803    u_shared_mul/u_primary_mul/falcon_sum_carry__4_i_12_n_5
                         LUT6 (Prop_lut6_I0_O)        0.301    50.104 r  u_shared_mul/u_primary_mul/falcon_sum_carry__5_i_18/O
                         net (fo=4, unplaced)         0.663    50.767    u_shared_mul/u_primary_mul/accumulator16_in[24]
                         CARRY4 (Prop_carry4_DI[1]_O[2])
                                                      0.566    51.333 r  u_shared_mul/u_primary_mul/falcon_sum_carry__4_i_9/O[2]
                         net (fo=1, unplaced)         0.452    51.785    u_shared_mul/u_primary_mul/falcon_sum_carry__4_i_9_n_5
                         LUT6 (Prop_lut6_I0_O)        0.301    52.086 r  u_shared_mul/u_primary_mul/falcon_sum_carry__5_i_45/O
                         net (fo=3, unplaced)         0.657    52.743    u_shared_mul/u_primary_mul/accumulator13_in[25]
                         CARRY4 (Prop_carry4_DI[1]_O[2])
                                                      0.566    53.309 r  u_shared_mul/u_primary_mul/falcon_sum_carry__5_i_17/O[2]
                         net (fo=1, unplaced)         0.452    53.761    u_shared_mul/u_primary_mul/falcon_sum_carry__5_i_17_n_5
                         LUT6 (Prop_lut6_I0_O)        0.301    54.062 r  u_shared_mul/u_primary_mul/falcon_sum_carry__5_i_13/O
                         net (fo=6, unplaced)         0.671    54.733    u_shared_mul/u_primary_mul/accumulator10_in[26]
                         CARRY4 (Prop_carry4_DI[1]_O[2])
                                                      0.566    55.299 r  u_shared_mul/u_primary_mul/falcon_sum_carry__5_i_14/O[2]
                         net (fo=1, unplaced)         0.452    55.751    u_shared_mul/u_primary_mul/falcon_sum_carry__5_i_14_n_5
                         LUT5 (Prop_lut5_I0_O)        0.301    56.052 r  u_shared_mul/u_primary_mul/falcon_sum_carry__5_i_28/O
                         net (fo=3, unplaced)         0.657    56.709    u_shared_mul/u_primary_mul/accumulator7_in[27]
                         CARRY4 (Prop_carry4_DI[1]_O[2])
                                                      0.566    57.275 r  u_shared_mul/u_primary_mul/falcon_sum_carry__5_i_12/O[2]
                         net (fo=1, unplaced)         0.452    57.727    u_shared_mul/u_primary_mul/falcon_sum_carry__5_i_12_n_5
                         LUT5 (Prop_lut5_I0_O)        0.301    58.028 r  u_shared_mul/u_primary_mul/falcon_sum_carry__5_i_19/O
                         net (fo=3, unplaced)         0.657    58.685    u_shared_mul/u_primary_mul/accumulator4_in[28]
                         CARRY4 (Prop_carry4_DI[1]_O[2])
                                                      0.566    59.251 r  u_shared_mul/u_primary_mul/falcon_sum_carry__5_i_9/O[2]
                         net (fo=1, unplaced)         0.452    59.703    u_shared_mul/u_primary_mul/falcon_sum_carry__5_i_9_n_5
                         LUT6 (Prop_lut6_I0_O)        0.301    60.004 r  u_shared_mul/u_primary_mul/falcon_sum_carry__6_i_30/O
                         net (fo=3, unplaced)         0.657    60.661    u_shared_mul/u_primary_mul/accumulator1_in[29]
                         CARRY4 (Prop_carry4_DI[1]_O[2])
                                                      0.566    61.227 r  u_shared_mul/u_primary_mul/falcon_sum_carry__6_i_15/O[2]
                         net (fo=1, unplaced)         0.452    61.679    u_shared_mul/u_primary_mul/falcon_sum_carry__6_i_15_n_5
                         LUT6 (Prop_lut6_I4_O)        0.301    61.980 r  u_shared_mul/u_primary_mul/falcon_sum_carry__6_i_22/O
                         net (fo=1, unplaced)         0.000    61.980    u_shared_mul/u_primary_mul/falcon_sum_carry__6_i_22_n_0
                         CARRY4 (Prop_carry4_S[1]_O[2])
                                                      0.578    62.558 r  u_shared_mul/u_primary_mul/falcon_sum_carry__6_i_8/O[2]
                         net (fo=3, unplaced)         0.470    63.028    u_shared_mul/u_primary_mul/falcon_sum_carry__6_i_8_n_5
                         LUT6 (Prop_lut6_I5_O)        0.301    63.329 r  u_shared_mul/u_primary_mul/result_hi_o[2]_INST_0_i_12/O
                         net (fo=1, unplaced)         0.000    63.329    u_shared_mul/u_primary_mul/result_hi_o[2]_INST_0_i_12_n_0
                         CARRY4 (Prop_carry4_S[0]_O[0])
                                                      0.252    63.581 r  u_shared_mul/u_primary_mul/result_hi_o[2]_INST_0_i_3/O[0]
                         net (fo=3, unplaced)         0.329    63.910    u_shared_mul/u_primary_mul/result_hi_o[2]_INST_0_i_3_n_7
                         LUT5 (Prop_lut5_I0_O)        0.295    64.205 r  u_shared_mul/u_primary_mul/stage_a_result_i_25/O
                         net (fo=7, unplaced)         0.484    64.689    u_shared_mul/u_primary_mul/full_prod[31]
                         LUT3 (Prop_lut3_I0_O)        0.124    64.813 r  u_shared_mul/u_primary_mul/stage_a_result_i_7/O
                         net (fo=1, unplaced)         0.800    65.613    u_shared_mul/stage_a_op1[31]
                         DSP48E1 (Prop_dsp48e1_A[14]_P[0])
                                                      3.841    69.454 r  u_shared_mul/stage_a_result/P[0]
                         net (fo=1, unplaced)         0.800    70.253    u_shared_mul/stage_a_result_n_105
                         LUT2 (Prop_lut2_I1_O)        0.124    70.377 r  u_shared_mul/stage_a_result_carry_i_3/O
                         net (fo=1, unplaced)         0.000    70.377    u_shared_mul/stage_a_result_carry_i_3_n_0
                         CARRY4 (Prop_carry4_S[1]_CO[3])
                                                      0.533    70.910 r  u_shared_mul/stage_a_result_carry/CO[3]
                         net (fo=1, unplaced)         0.009    70.919    u_shared_mul/stage_a_result_carry_n_0
                         CARRY4 (Prop_carry4_CI_CO[3])
                                                      0.117    71.036 r  u_shared_mul/stage_a_result_carry__0/CO[3]
                         net (fo=1, unplaced)         0.000    71.036    u_shared_mul/stage_a_result_carry__0_n_0
                         CARRY4 (Prop_carry4_CI_CO[3])
                                                      0.117    71.153 r  u_shared_mul/stage_a_result_carry__1/CO[3]
                         net (fo=1, unplaced)         0.000    71.153    u_shared_mul/stage_a_result_carry__1_n_0
                         CARRY4 (Prop_carry4_CI_O[3])
                                                      0.331    71.484 r  u_shared_mul/stage_a_result_carry__2/O[3]
                         net (fo=2, unplaced)         0.629    72.113    u_shared_mul/stage_a_result__2__0[31]
                         LUT5 (Prop_lut5_I2_O)        0.307    72.420 r  u_shared_mul/modp_tp_i_1/O
                         net (fo=2, unplaced)         0.800    73.220    u_shared_mul/p_1_in[31]
                         DSP48E1 (Prop_dsp48e1_B[14]_PCOUT[47])
                                                      3.851    77.071 r  u_shared_mul/modp_tp/PCOUT[47]
                         net (fo=1, unplaced)         0.055    77.126    u_shared_mul/modp_tp_n_106
                         DSP48E1 (Prop_dsp48e1_PCIN[47]_P[3])
                                                      1.518    78.644 r  u_shared_mul/modp_tp__0/P[3]
                         net (fo=1, unplaced)         0.800    79.444    u_shared_mul/modp_tp__0_n_102
                         LUT2 (Prop_lut2_I1_O)        0.124    79.568 r  u_shared_mul/modp_tp_carry__4_i_3/O
                         net (fo=1, unplaced)         0.000    79.568    u_shared_mul/modp_tp_carry__4_i_3_n_0
                         CARRY4 (Prop_carry4_S[1]_CO[3])
                                                      0.533    80.101 r  u_shared_mul/modp_tp_carry__4/CO[3]
                         net (fo=1, unplaced)         0.000    80.101    u_shared_mul/modp_tp_carry__4_n_0
                         CARRY4 (Prop_carry4_CI_CO[3])
                                                      0.117    80.218 r  u_shared_mul/modp_tp_carry__5/CO[3]
                         net (fo=1, unplaced)         0.000    80.218    u_shared_mul/modp_tp_carry__5_n_0
                         CARRY4 (Prop_carry4_CI_CO[3])
                                                      0.117    80.335 r  u_shared_mul/modp_tp_carry__6/CO[3]
                         net (fo=1, unplaced)         0.000    80.335    u_shared_mul/modp_tp_carry__6_n_0
                         CARRY4 (Prop_carry4_CI_O[1])
                                                      0.337    80.672 r  u_shared_mul/modp_tp_carry__7/O[1]
                         net (fo=1, unplaced)         0.611    81.283    u_shared_mul/modp_tp__3__0[49]
                         LUT2 (Prop_lut2_I1_O)        0.306    81.589 r  u_shared_mul/modp_sub_carry__3_i_12/O
                         net (fo=1, unplaced)         0.000    81.589    u_shared_mul/u_primary_mul/modp_sub_carry__3[1]
                         CARRY4 (Prop_carry4_S[1]_CO[3])
                                                      0.533    82.122 r  u_shared_mul/u_primary_mul/modp_sub_carry__3_i_1/CO[3]
                         net (fo=1, unplaced)         0.000    82.122    u_shared_mul/u_primary_mul/modp_sub_carry__3_i_1_n_0
                         CARRY4 (Prop_carry4_CI_O[3])
                                                      0.331    82.453 r  u_shared_mul/u_primary_mul/modp_sub_carry__4_i_1/O[3]
                         net (fo=2, unplaced)         0.629    83.082    u_shared_mul/u_primary_mul/modp_tp__2[24]
                         LUT2 (Prop_lut2_I0_O)        0.307    83.389 r  u_shared_mul/u_primary_mul/modp_sub_carry__5_i_5/O
                         net (fo=1, unplaced)         0.000    83.389    u_shared_mul/u_primary_mul_n_502
                         CARRY4 (Prop_carry4_S[0]_CO[3])
                                                      0.513    83.902 r  u_shared_mul/modp_sub_carry__5/CO[3]
                         net (fo=1, unplaced)         0.000    83.902    u_shared_mul/modp_sub_carry__5_n_0
                         CARRY4 (Prop_carry4_CI_O[3])
                                                      0.331    84.233 r  u_shared_mul/modp_sub_carry__6/O[3]
                         net (fo=32, unplaced)        0.689    84.922    u_shared_mul/u_primary_mul/modp_final_carry__6[3]
                         LUT3 (Prop_lut3_I2_O)        0.307    85.229 r  u_shared_mul/u_primary_mul/modp_final_carry_i_3/O
                         net (fo=1, unplaced)         0.000    85.229    u_shared_mul/u_primary_mul_n_405
                         CARRY4 (Prop_carry4_S[1]_CO[3])
                                                      0.533    85.762 r  u_shared_mul/modp_final_carry/CO[3]
                         net (fo=1, unplaced)         0.009    85.771    u_shared_mul/modp_final_carry_n_0
                         CARRY4 (Prop_carry4_CI_O[3])
                                                      0.331    86.102 f  u_shared_mul/modp_final_carry__0/O[3]
                         net (fo=1, unplaced)         0.618    86.720    u_shared_mul/u_primary_mul/data4[7]
                         LUT6 (Prop_lut6_I5_O)        0.307    87.027 r  u_shared_mul/u_primary_mul/result_o[7]_INST_0_i_24/O
                         net (fo=1, unplaced)         0.449    87.476    u_shared_mul/u_primary_mul/result_o[7]_INST_0_i_24_n_0
                         LUT6 (Prop_lut6_I5_O)        0.124    87.600 r  u_shared_mul/u_primary_mul/result_o[7]_INST_0_i_9/O
                         net (fo=17, unplaced)        0.505    88.105    u_shared_mul/u_primary_mul/aD2M4dsP[7]
                         LUT2 (Prop_lut2_I1_O)        0.124    88.229 r  u_shared_mul/u_primary_mul/result_o[27]_INST_0_i_81/O
                         net (fo=1, unplaced)         0.000    88.229    u_shared_mul/u_primary_mul/result_o[27]_INST_0_i_81_n_0
                         CARRY4 (Prop_carry4_S[3]_CO[3])
                                                      0.376    88.605 r  u_shared_mul/u_primary_mul/result_o[27]_INST_0_i_35/CO[3]
                         net (fo=1, unplaced)         0.000    88.605    u_shared_mul/u_primary_mul/result_o[27]_INST_0_i_35_n_0
                         CARRY4 (Prop_carry4_CI_CO[3])
                                                      0.117    88.722 r  u_shared_mul/u_primary_mul/result_o[27]_INST_0_i_15/CO[3]
                         net (fo=1, unplaced)         0.000    88.722    u_shared_mul/u_primary_mul/result_o[27]_INST_0_i_15_n_0
                         CARRY4 (Prop_carry4_CI_CO[3])
                                                      0.117    88.839 r  u_shared_mul/u_primary_mul/result_o[31]_INST_0_i_46/CO[3]
                         net (fo=1, unplaced)         0.000    88.839    u_shared_mul/u_primary_mul/result_o[31]_INST_0_i_46_n_0
                         CARRY4 (Prop_carry4_CI_CO[0])
                                                      0.281    89.120 r  u_shared_mul/u_primary_mul/result_o[31]_INST_0_i_47/CO[0]
                         net (fo=6, unplaced)         0.343    89.463    u_shared_mul/u_primary_mul/result_o[31]_INST_0_i_47_n_3
                         LUT2 (Prop_lut2_I1_O)        0.367    89.830 r  u_shared_mul/u_primary_mul/result_o[19]_INST_0_i_26/O
                         net (fo=1, unplaced)         0.000    89.830    u_shared_mul/u_primary_mul/result_o[19]_INST_0_i_26_n_0
                         CARRY4 (Prop_carry4_S[0]_CO[3])
                                                      0.513    90.343 r  u_shared_mul/u_primary_mul/result_o[19]_INST_0_i_11/CO[3]
                         net (fo=1, unplaced)         0.009    90.352    u_shared_mul/u_primary_mul/result_o[19]_INST_0_i_11_n_0
                         CARRY4 (Prop_carry4_CI_O[3])
                                                      0.331    90.683 r  u_shared_mul/u_primary_mul/result_o[27]_INST_0_i_14/O[3]
                         net (fo=1, unplaced)         0.618    91.301    u_shared_mul/u_primary_mul/result_o0[7]
                         LUT6 (Prop_lut6_I0_O)        0.307    91.608 r  u_shared_mul/u_primary_mul/result_o[23]_INST_0_i_5/O
                         net (fo=1, unplaced)         0.449    92.057    u_shared_mul/u_primary_mul/result_o[23]_INST_0_i_5_n_0
                         LUT3 (Prop_lut3_I1_O)        0.116    92.173 r  u_shared_mul/u_primary_mul/result_o[23]_INST_0_i_1/O
                         net (fo=1, unplaced)         0.449    92.622    u_shared_mul/u_primary_mul/result_o[23]_INST_0_i_1_n_0
                         LUT6 (Prop_lut6_I0_O)        0.124    92.746 r  u_shared_mul/u_primary_mul/result_o[23]_INST_0/O
                         net (fo=0)                   0.973    93.719    result_o[23]
                                                                      r  result_o[23] (OUT)
  -------------------------------------------------------------------    -------------------

                         max delay                   20.000    20.000    
                         clock pessimism              0.000    20.000    
                         output delay                -0.000    20.000    
  -------------------------------------------------------------------
                         required time                         20.000    
                         arrival time                         -93.719    
  -------------------------------------------------------------------
                         slack                                -73.719    

Slack (VIOLATED) :        -73.706ns  (required time - arrival time)
  Source:                 multiplier_tree1_i[0]
                            (input port)
  Destination:            result_o[30]
  Path Group:             **default**
  Path Type:              Max at Slow Process Corner
  Requirement:            20.000ns  (MaxDelay Path 20.000ns)
  Data Path Delay:        93.706ns  (logic 47.469ns (50.657%)  route 46.237ns (49.343%))
  Logic Levels:           109  (CARRY4=56 DSP48E1=3 LUT2=7 LUT3=5 LUT4=1 LUT5=17 LUT6=20)
  Output Delay:           0.000ns
  Timing Exception:       MaxDelay Path 20.000ns

    Location             Delay type                Incr(ns)  Path(ns)    Netlist Resource(s)
  -------------------------------------------------------------------    -------------------
                                                      0.000     0.000 r  multiplier_tree1_i[0] (IN)
                         net (fo=40, unset)           0.973     0.973    u_shared_mul/u_primary_mul/multiplier_tree1_i[0]
                         LUT4 (Prop_lut4_I2_O)        0.150     1.123 r  u_shared_mul/u_primary_mul/result_o[12]_INST_0_i_118/O
                         net (fo=1, unplaced)         0.000     1.123    u_shared_mul/u_primary_mul/result_o[12]_INST_0_i_118_n_0
                         CARRY4 (Prop_carry4_DI[0]_CO[3])
                                                      0.576     1.699 r  u_shared_mul/u_primary_mul/result_o[12]_INST_0_i_90/CO[3]
                         net (fo=1, unplaced)         0.009     1.708    u_shared_mul/u_primary_mul/result_o[12]_INST_0_i_90_n_0
                         CARRY4 (Prop_carry4_CI_CO[3])
                                                      0.117     1.825 r  u_shared_mul/u_primary_mul/result_o[12]_INST_0_i_79/CO[3]
                         net (fo=9, unplaced)         0.959     2.784    u_shared_mul/u_primary_mul/mul_op_b2
                         LUT3 (Prop_lut3_I0_O)        0.124     2.908 r  u_shared_mul/u_primary_mul/result_o[1]_INST_0_i_46/O
                         net (fo=1, unplaced)         0.000     2.908    u_shared_mul/u_primary_mul/result_o[1]_INST_0_i_46_n_0
                         CARRY4 (Prop_carry4_S[0]_O[1])
                                                      0.427     3.335 r  u_shared_mul/u_primary_mul/result_o[1]_INST_0_i_24/O[1]
                         net (fo=1, unplaced)         0.312     3.647    u_shared_mul/u_primary_mul/data2[1]
                         LUT3 (Prop_lut3_I2_O)        0.298     3.945 f  u_shared_mul/u_primary_mul/falcon_sum_carry_i_36/O
                         net (fo=1, unplaced)         0.449     4.394    u_shared_mul/u_primary_mul/falcon_sum_carry_i_36_n_0
                         LUT6 (Prop_lut6_I2_O)        0.124     4.518 r  u_shared_mul/u_primary_mul/falcon_sum_carry_i_15/O
                         net (fo=98, unplaced)        0.548     5.066    u_shared_mul/u_primary_mul/insn_i[6]_13
                         LUT2 (Prop_lut2_I0_O)        0.117     5.183 r  u_shared_mul/u_primary_mul/difference_carry_i_17/O
                         net (fo=1, unplaced)         0.000     5.183    u_shared_mul/u_primary_mul/partial_products85_in[1]
                         CARRY4 (Prop_carry4_DI[1]_O[2])
                                                      0.593     5.776 r  u_shared_mul/u_primary_mul/difference_carry_i_12/O[2]
                         net (fo=1, unplaced)         0.452     6.228    u_shared_mul/u_primary_mul/difference_carry_i_12_n_5
                         LUT6 (Prop_lut6_I0_O)        0.301     6.529 r  u_shared_mul/u_primary_mul/falcon_sum_carry_i_13/O
                         net (fo=4, unplaced)         0.663     7.192    u_shared_mul/u_primary_mul/accumulator82_in[2]
                         CARRY4 (Prop_carry4_DI[1]_O[2])
                                                      0.566     7.758 r  u_shared_mul/u_primary_mul/falcon_sum_carry_i_14/O[2]
                         net (fo=1, unplaced)         0.452     8.210    u_shared_mul/u_primary_mul/falcon_sum_carry_i_14_n_5
                         LUT5 (Prop_lut5_I0_O)        0.301     8.511 r  u_shared_mul/u_primary_mul/falcon_sum_carry_i_11/O
                         net (fo=4, unplaced)         0.663     9.174    u_shared_mul/u_primary_mul/accumulator79_in[3]
                         CARRY4 (Prop_carry4_DI[1]_O[2])
                                                      0.566     9.740 r  u_shared_mul/u_primary_mul/falcon_sum_carry_i_12/O[2]
                         net (fo=1, unplaced)         0.452    10.192    u_shared_mul/u_primary_mul/falcon_sum_carry_i_12_n_5
                         LUT5 (Prop_lut5_I0_O)        0.301    10.493 r  u_shared_mul/u_primary_mul/falcon_sum_carry__0_i_18/O
                         net (fo=4, unplaced)         0.663    11.156    u_shared_mul/u_primary_mul/accumulator76_in[4]
                         CARRY4 (Prop_carry4_DI[1]_O[2])
                                                      0.566    11.722 r  u_shared_mul/u_primary_mul/falcon_sum_carry_i_9/O[2]
                         net (fo=1, unplaced)         0.452    12.174    u_shared_mul/u_primary_mul/falcon_sum_carry_i_9_n_5
                         LUT5 (Prop_lut5_I0_O)        0.301    12.475 r  u_shared_mul/u_primary_mul/falcon_sum_carry__0_i_15/O
                         net (fo=4, unplaced)         0.663    13.138    u_shared_mul/u_primary_mul/accumulator73_in[5]
                         CARRY4 (Prop_carry4_DI[1]_O[2])
                                                      0.566    13.704 r  u_shared_mul/u_primary_mul/falcon_sum_carry__0_i_16/O[2]
                         net (fo=1, unplaced)         0.452    14.156    u_shared_mul/u_primary_mul/falcon_sum_carry__0_i_16_n_5
                         LUT5 (Prop_lut5_I0_O)        0.301    14.457 r  u_shared_mul/u_primary_mul/falcon_sum_carry__0_i_13/O
                         net (fo=4, unplaced)         0.663    15.120    u_shared_mul/u_primary_mul/accumulator70_in[6]
                         CARRY4 (Prop_carry4_DI[1]_O[2])
                                                      0.566    15.686 r  u_shared_mul/u_primary_mul/falcon_sum_carry__0_i_14/O[2]
                         net (fo=1, unplaced)         0.452    16.138    u_shared_mul/u_primary_mul/falcon_sum_carry__0_i_14_n_5
                         LUT5 (Prop_lut5_I0_O)        0.301    16.439 r  u_shared_mul/u_primary_mul/falcon_sum_carry__0_i_10/O
                         net (fo=4, unplaced)         0.663    17.102    u_shared_mul/u_primary_mul/accumulator67_in[7]
                         CARRY4 (Prop_carry4_DI[1]_O[2])
                                                      0.566    17.668 r  u_shared_mul/u_primary_mul/falcon_sum_carry__0_i_11/O[2]
                         net (fo=1, unplaced)         0.452    18.120    u_shared_mul/u_primary_mul/falcon_sum_carry__0_i_11_n_5
                         LUT5 (Prop_lut5_I0_O)        0.301    18.421 r  u_shared_mul/u_primary_mul/falcon_sum_carry__1_i_19/O
                         net (fo=4, unplaced)         0.663    19.084    u_shared_mul/u_primary_mul/accumulator64_in[8]
                         CARRY4 (Prop_carry4_DI[1]_O[2])
                                                      0.566    19.650 r  u_shared_mul/u_primary_mul/falcon_sum_carry__0_i_9/O[2]
                         net (fo=1, unplaced)         0.452    20.102    u_shared_mul/u_primary_mul/falcon_sum_carry__0_i_9_n_5
                         LUT5 (Prop_lut5_I0_O)        0.301    20.403 r  u_shared_mul/u_primary_mul/falcon_sum_carry__1_i_16/O
                         net (fo=4, unplaced)         0.663    21.066    u_shared_mul/u_primary_mul/accumulator61_in[9]
                         CARRY4 (Prop_carry4_DI[1]_O[2])
                                                      0.566    21.632 r  u_shared_mul/u_primary_mul/falcon_sum_carry__1_i_17/O[2]
                         net (fo=1, unplaced)         0.452    22.084    u_shared_mul/u_primary_mul/falcon_sum_carry__1_i_17_n_5
                         LUT5 (Prop_lut5_I0_O)        0.301    22.385 r  u_shared_mul/u_primary_mul/falcon_sum_carry__1_i_38/O
                         net (fo=3, unplaced)         0.657    23.042    u_shared_mul/u_primary_mul/accumulator58_in[10]
                         CARRY4 (Prop_carry4_DI[1]_O[2])
                                                      0.566    23.608 r  u_shared_mul/u_primary_mul/falcon_sum_carry__1_i_15/O[2]
                         net (fo=1, unplaced)         0.452    24.060    u_shared_mul/u_primary_mul/falcon_sum_carry__1_i_15_n_5
                         LUT5 (Prop_lut5_I0_O)        0.301    24.361 r  u_shared_mul/u_primary_mul/falcon_sum_carry__1_i_30/O
                         net (fo=3, unplaced)         0.657    25.018    u_shared_mul/u_primary_mul/accumulator55_in[11]
                         CARRY4 (Prop_carry4_DI[1]_O[2])
                                                      0.566    25.584 r  u_shared_mul/u_primary_mul/falcon_sum_carry__1_i_12/O[2]
                         net (fo=1, unplaced)         0.452    26.036    u_shared_mul/u_primary_mul/falcon_sum_carry__1_i_12_n_5
                         LUT5 (Prop_lut5_I0_O)        0.301    26.337 r  u_shared_mul/u_primary_mul/falcon_sum_carry__1_i_22/O
                         net (fo=3, unplaced)         0.657    26.994    u_shared_mul/u_primary_mul/accumulator52_in[12]
                         CARRY4 (Prop_carry4_DI[1]_O[2])
                                                      0.566    27.560 r  u_shared_mul/u_primary_mul/falcon_sum_carry__1_i_9/O[2]
                         net (fo=2, unplaced)         0.463    28.023    u_shared_mul/u_primary_mul/falcon_sum_carry__1_i_9_n_5
                         LUT6 (Prop_lut6_I0_O)        0.301    28.324 r  u_shared_mul/u_primary_mul/falcon_sum_carry__2_i_16/O
                         net (fo=4, unplaced)         0.663    28.987    u_shared_mul/u_primary_mul/accumulator49_in[13]
                         CARRY4 (Prop_carry4_DI[1]_O[2])
                                                      0.566    29.553 r  u_shared_mul/u_primary_mul/falcon_sum_carry__2_i_17/O[2]
                         net (fo=1, unplaced)         0.452    30.005    u_shared_mul/u_primary_mul/falcon_sum_carry__2_i_17_n_5
                         LUT6 (Prop_lut6_I0_O)        0.301    30.306 r  u_shared_mul/u_primary_mul/falcon_sum_carry__2_i_13/O
                         net (fo=4, unplaced)         0.663    30.969    u_shared_mul/u_primary_mul/accumulator46_in[14]
                         CARRY4 (Prop_carry4_DI[1]_O[2])
                                                      0.566    31.535 r  u_shared_mul/u_primary_mul/falcon_sum_carry__2_i_14/O[2]
                         net (fo=1, unplaced)         0.452    31.987    u_shared_mul/u_primary_mul/falcon_sum_carry__2_i_14_n_5
                         LUT6 (Prop_lut6_I0_O)        0.301    32.288 r  u_shared_mul/u_primary_mul/falcon_sum_carry__2_i_31/O
                         net (fo=3, unplaced)         0.657    32.945    u_shared_mul/u_primary_mul/accumulator43_in[15]
                         CARRY4 (Prop_carry4_DI[1]_O[2])
                                                      0.566    33.511 r  u_shared_mul/u_primary_mul/falcon_sum_carry__2_i_12/O[2]
                         net (fo=1, unplaced)         0.452    33.963    u_shared_mul/u_primary_mul/falcon_sum_carry__2_i_12_n_5
                         LUT6 (Prop_lut6_I0_O)        0.301    34.264 r  u_shared_mul/u_primary_mul/falcon_sum_carry__3_i_17/O
                         net (fo=6, unplaced)         0.671    34.935    u_shared_mul/u_primary_mul/accumulator40_in[16]
                         CARRY4 (Prop_carry4_DI[1]_O[2])
                                                      0.566    35.501 r  u_shared_mul/u_primary_mul/falcon_sum_carry__2_i_9/O[2]
                         net (fo=1, unplaced)         0.452    35.953    u_shared_mul/u_primary_mul/falcon_sum_carry__2_i_9_n_5
                         LUT5 (Prop_lut5_I0_O)        0.301    36.254 r  u_shared_mul/u_primary_mul/falcon_sum_carry__3_i_50/O
                         net (fo=3, unplaced)         0.657    36.911    u_shared_mul/u_primary_mul/accumulator37_in[17]
                         CARRY4 (Prop_carry4_DI[1]_O[2])
                                                      0.566    37.477 r  u_shared_mul/u_primary_mul/falcon_sum_carry__3_i_16/O[2]
                         net (fo=1, unplaced)         0.452    37.929    u_shared_mul/u_primary_mul/falcon_sum_carry__3_i_16_n_5
                         LUT6 (Prop_lut6_I2_O)        0.301    38.230 r  u_shared_mul/u_primary_mul/falcon_sum_carry__3_i_12/O
                         net (fo=4, unplaced)         0.663    38.893    u_shared_mul/u_primary_mul/accumulator34_in[18]
                         CARRY4 (Prop_carry4_DI[1]_O[2])
                                                      0.566    39.459 r  u_shared_mul/u_primary_mul/falcon_sum_carry__3_i_13/O[2]
                         net (fo=1, unplaced)         0.452    39.911    u_shared_mul/u_primary_mul/falcon_sum_carry__3_i_13_n_5
                         LUT6 (Prop_lut6_I0_O)        0.301    40.212 r  u_shared_mul/u_primary_mul/falcon_sum_carry__3_i_10/O
                         net (fo=4, unplaced)         0.663    40.875    u_shared_mul/u_primary_mul/accumulator31_in[19]
                         CARRY4 (Prop_carry4_DI[1]_O[2])
                                                      0.566    41.441 r  u_shared_mul/u_primary_mul/falcon_sum_carry__3_i_11/O[2]
                         net (fo=1, unplaced)         0.452    41.893    u_shared_mul/u_primary_mul/falcon_sum_carry__3_i_11_n_5
                         LUT5 (Prop_lut5_I0_O)        0.301    42.194 r  u_shared_mul/u_primary_mul/falcon_sum_carry__3_i_20/O
                         net (fo=3, unplaced)         0.657    42.851    u_shared_mul/u_primary_mul/accumulator28_in[20]
                         CARRY4 (Prop_carry4_DI[1]_O[2])
                                                      0.566    43.417 r  u_shared_mul/u_primary_mul/falcon_sum_carry__3_i_9/O[2]
                         net (fo=1, unplaced)         0.452    43.869    u_shared_mul/u_primary_mul/falcon_sum_carry__3_i_9_n_5
                         LUT6 (Prop_lut6_I0_O)        0.301    44.170 r  u_shared_mul/u_primary_mul/falcon_sum_carry__4_i_16/O
                         net (fo=4, unplaced)         0.663    44.833    u_shared_mul/u_primary_mul/accumulator25_in[21]
                         CARRY4 (Prop_carry4_DI[1]_O[2])
                                                      0.566    45.399 r  u_shared_mul/u_primary_mul/falcon_sum_carry__4_i_17/O[2]
                         net (fo=1, unplaced)         0.452    45.851    u_shared_mul/u_primary_mul/falcon_sum_carry__4_i_17_n_5
                         LUT5 (Prop_lut5_I0_O)        0.301    46.152 r  u_shared_mul/u_primary_mul/falcon_sum_carry__4_i_42/O
                         net (fo=3, unplaced)         0.657    46.809    u_shared_mul/u_primary_mul/accumulator22_in[22]
                         CARRY4 (Prop_carry4_DI[1]_O[2])
                                                      0.566    47.375 r  u_shared_mul/u_primary_mul/falcon_sum_carry__4_i_15/O[2]
                         net (fo=1, unplaced)         0.452    47.827    u_shared_mul/u_primary_mul/falcon_sum_carry__4_i_15_n_5
                         LUT6 (Prop_lut6_I0_O)        0.301    48.128 r  u_shared_mul/u_primary_mul/falcon_sum_carry__4_i_30/O
                         net (fo=3, unplaced)         0.657    48.785    u_shared_mul/u_primary_mul/accumulator19_in[23]
                         CARRY4 (Prop_carry4_DI[1]_O[2])
                                                      0.566    49.351 r  u_shared_mul/u_primary_mul/falcon_sum_carry__4_i_12/O[2]
                         net (fo=1, unplaced)         0.452    49.803    u_shared_mul/u_primary_mul/falcon_sum_carry__4_i_12_n_5
                         LUT6 (Prop_lut6_I0_O)        0.301    50.104 r  u_shared_mul/u_primary_mul/falcon_sum_carry__5_i_18/O
                         net (fo=4, unplaced)         0.663    50.767    u_shared_mul/u_primary_mul/accumulator16_in[24]
                         CARRY4 (Prop_carry4_DI[1]_O[2])
                                                      0.566    51.333 r  u_shared_mul/u_primary_mul/falcon_sum_carry__4_i_9/O[2]
                         net (fo=1, unplaced)         0.452    51.785    u_shared_mul/u_primary_mul/falcon_sum_carry__4_i_9_n_5
                         LUT6 (Prop_lut6_I0_O)        0.301    52.086 r  u_shared_mul/u_primary_mul/falcon_sum_carry__5_i_45/O
                         net (fo=3, unplaced)         0.657    52.743    u_shared_mul/u_primary_mul/accumulator13_in[25]
                         CARRY4 (Prop_carry4_DI[1]_O[2])
                                                      0.566    53.309 r  u_shared_mul/u_primary_mul/falcon_sum_carry__5_i_17/O[2]
                         net (fo=1, unplaced)         0.452    53.761    u_shared_mul/u_primary_mul/falcon_sum_carry__5_i_17_n_5
                         LUT6 (Prop_lut6_I0_O)        0.301    54.062 r  u_shared_mul/u_primary_mul/falcon_sum_carry__5_i_13/O
                         net (fo=6, unplaced)         0.671    54.733    u_shared_mul/u_primary_mul/accumulator10_in[26]
                         CARRY4 (Prop_carry4_DI[1]_O[2])
                                                      0.566    55.299 r  u_shared_mul/u_primary_mul/falcon_sum_carry__5_i_14/O[2]
                         net (fo=1, unplaced)         0.452    55.751    u_shared_mul/u_primary_mul/falcon_sum_carry__5_i_14_n_5
                         LUT5 (Prop_lut5_I0_O)        0.301    56.052 r  u_shared_mul/u_primary_mul/falcon_sum_carry__5_i_28/O
                         net (fo=3, unplaced)         0.657    56.709    u_shared_mul/u_primary_mul/accumulator7_in[27]
                         CARRY4 (Prop_carry4_DI[1]_O[2])
                                                      0.566    57.275 r  u_shared_mul/u_primary_mul/falcon_sum_carry__5_i_12/O[2]
                         net (fo=1, unplaced)         0.452    57.727    u_shared_mul/u_primary_mul/falcon_sum_carry__5_i_12_n_5
                         LUT5 (Prop_lut5_I0_O)        0.301    58.028 r  u_shared_mul/u_primary_mul/falcon_sum_carry__5_i_19/O
                         net (fo=3, unplaced)         0.657    58.685    u_shared_mul/u_primary_mul/accumulator4_in[28]
                         CARRY4 (Prop_carry4_DI[1]_O[2])
                                                      0.566    59.251 r  u_shared_mul/u_primary_mul/falcon_sum_carry__5_i_9/O[2]
                         net (fo=1, unplaced)         0.452    59.703    u_shared_mul/u_primary_mul/falcon_sum_carry__5_i_9_n_5
                         LUT6 (Prop_lut6_I0_O)        0.301    60.004 r  u_shared_mul/u_primary_mul/falcon_sum_carry__6_i_30/O
                         net (fo=3, unplaced)         0.657    60.661    u_shared_mul/u_primary_mul/accumulator1_in[29]
                         CARRY4 (Prop_carry4_DI[1]_O[2])
                                                      0.566    61.227 r  u_shared_mul/u_primary_mul/falcon_sum_carry__6_i_15/O[2]
                         net (fo=1, unplaced)         0.452    61.679    u_shared_mul/u_primary_mul/falcon_sum_carry__6_i_15_n_5
                         LUT6 (Prop_lut6_I4_O)        0.301    61.980 r  u_shared_mul/u_primary_mul/falcon_sum_carry__6_i_22/O
                         net (fo=1, unplaced)         0.000    61.980    u_shared_mul/u_primary_mul/falcon_sum_carry__6_i_22_n_0
                         CARRY4 (Prop_carry4_S[1]_O[2])
                                                      0.578    62.558 r  u_shared_mul/u_primary_mul/falcon_sum_carry__6_i_8/O[2]
                         net (fo=3, unplaced)         0.470    63.028    u_shared_mul/u_primary_mul/falcon_sum_carry__6_i_8_n_5
                         LUT6 (Prop_lut6_I5_O)        0.301    63.329 r  u_shared_mul/u_primary_mul/result_hi_o[2]_INST_0_i_12/O
                         net (fo=1, unplaced)         0.000    63.329    u_shared_mul/u_primary_mul/result_hi_o[2]_INST_0_i_12_n_0
                         CARRY4 (Prop_carry4_S[0]_O[0])
                                                      0.252    63.581 r  u_shared_mul/u_primary_mul/result_hi_o[2]_INST_0_i_3/O[0]
                         net (fo=3, unplaced)         0.329    63.910    u_shared_mul/u_primary_mul/result_hi_o[2]_INST_0_i_3_n_7
                         LUT5 (Prop_lut5_I0_O)        0.295    64.205 r  u_shared_mul/u_primary_mul/stage_a_result_i_25/O
                         net (fo=7, unplaced)         0.484    64.689    u_shared_mul/u_primary_mul/full_prod[31]
                         LUT3 (Prop_lut3_I0_O)        0.124    64.813 r  u_shared_mul/u_primary_mul/stage_a_result_i_7/O
                         net (fo=1, unplaced)         0.800    65.613    u_shared_mul/stage_a_op1[31]
                         DSP48E1 (Prop_dsp48e1_A[14]_P[0])
                                                      3.841    69.454 r  u_shared_mul/stage_a_result/P[0]
                         net (fo=1, unplaced)         0.800    70.253    u_shared_mul/stage_a_result_n_105
                         LUT2 (Prop_lut2_I1_O)        0.124    70.377 r  u_shared_mul/stage_a_result_carry_i_3/O
                         net (fo=1, unplaced)         0.000    70.377    u_shared_mul/stage_a_result_carry_i_3_n_0
                         CARRY4 (Prop_carry4_S[1]_CO[3])
                                                      0.533    70.910 r  u_shared_mul/stage_a_result_carry/CO[3]
                         net (fo=1, unplaced)         0.009    70.919    u_shared_mul/stage_a_result_carry_n_0
                         CARRY4 (Prop_carry4_CI_CO[3])
                                                      0.117    71.036 r  u_shared_mul/stage_a_result_carry__0/CO[3]
                         net (fo=1, unplaced)         0.000    71.036    u_shared_mul/stage_a_result_carry__0_n_0
                         CARRY4 (Prop_carry4_CI_CO[3])
                                                      0.117    71.153 r  u_shared_mul/stage_a_result_carry__1/CO[3]
                         net (fo=1, unplaced)         0.000    71.153    u_shared_mul/stage_a_result_carry__1_n_0
                         CARRY4 (Prop_carry4_CI_O[3])
                                                      0.331    71.484 r  u_shared_mul/stage_a_result_carry__2/O[3]
                         net (fo=2, unplaced)         0.629    72.113    u_shared_mul/stage_a_result__2__0[31]
                         LUT5 (Prop_lut5_I2_O)        0.307    72.420 r  u_shared_mul/modp_tp_i_1/O
                         net (fo=2, unplaced)         0.800    73.220    u_shared_mul/p_1_in[31]
                         DSP48E1 (Prop_dsp48e1_B[14]_PCOUT[47])
                                                      3.851    77.071 r  u_shared_mul/modp_tp/PCOUT[47]
                         net (fo=1, unplaced)         0.055    77.126    u_shared_mul/modp_tp_n_106
                         DSP48E1 (Prop_dsp48e1_PCIN[47]_P[3])
                                                      1.518    78.644 r  u_shared_mul/modp_tp__0/P[3]
                         net (fo=1, unplaced)         0.800    79.444    u_shared_mul/modp_tp__0_n_102
                         LUT2 (Prop_lut2_I1_O)        0.124    79.568 r  u_shared_mul/modp_tp_carry__4_i_3/O
                         net (fo=1, unplaced)         0.000    79.568    u_shared_mul/modp_tp_carry__4_i_3_n_0
                         CARRY4 (Prop_carry4_S[1]_CO[3])
                                                      0.533    80.101 r  u_shared_mul/modp_tp_carry__4/CO[3]
                         net (fo=1, unplaced)         0.000    80.101    u_shared_mul/modp_tp_carry__4_n_0
                         CARRY4 (Prop_carry4_CI_CO[3])
                                                      0.117    80.218 r  u_shared_mul/modp_tp_carry__5/CO[3]
                         net (fo=1, unplaced)         0.000    80.218    u_shared_mul/modp_tp_carry__5_n_0
                         CARRY4 (Prop_carry4_CI_CO[3])
                                                      0.117    80.335 r  u_shared_mul/modp_tp_carry__6/CO[3]
                         net (fo=1, unplaced)         0.000    80.335    u_shared_mul/modp_tp_carry__6_n_0
                         CARRY4 (Prop_carry4_CI_O[1])
                                                      0.337    80.672 r  u_shared_mul/modp_tp_carry__7/O[1]
                         net (fo=1, unplaced)         0.611    81.283    u_shared_mul/modp_tp__3__0[49]
                         LUT2 (Prop_lut2_I1_O)        0.306    81.589 r  u_shared_mul/modp_sub_carry__3_i_12/O
                         net (fo=1, unplaced)         0.000    81.589    u_shared_mul/u_primary_mul/modp_sub_carry__3[1]
                         CARRY4 (Prop_carry4_S[1]_CO[3])
                                                      0.533    82.122 r  u_shared_mul/u_primary_mul/modp_sub_carry__3_i_1/CO[3]
                         net (fo=1, unplaced)         0.000    82.122    u_shared_mul/u_primary_mul/modp_sub_carry__3_i_1_n_0
                         CARRY4 (Prop_carry4_CI_O[3])
                                                      0.331    82.453 r  u_shared_mul/u_primary_mul/modp_sub_carry__4_i_1/O[3]
                         net (fo=2, unplaced)         0.629    83.082    u_shared_mul/u_primary_mul/modp_tp__2[24]
                         LUT2 (Prop_lut2_I0_O)        0.307    83.389 r  u_shared_mul/u_primary_mul/modp_sub_carry__5_i_5/O
                         net (fo=1, unplaced)         0.000    83.389    u_shared_mul/u_primary_mul_n_502
                         CARRY4 (Prop_carry4_S[0]_CO[3])
                                                      0.513    83.902 r  u_shared_mul/modp_sub_carry__5/CO[3]
                         net (fo=1, unplaced)         0.000    83.902    u_shared_mul/modp_sub_carry__5_n_0
                         CARRY4 (Prop_carry4_CI_O[3])
                                                      0.331    84.233 r  u_shared_mul/modp_sub_carry__6/O[3]
                         net (fo=32, unplaced)        0.689    84.922    u_shared_mul/u_primary_mul/modp_final_carry__6[3]
                         LUT3 (Prop_lut3_I2_O)        0.307    85.229 r  u_shared_mul/u_primary_mul/modp_final_carry_i_3/O
                         net (fo=1, unplaced)         0.000    85.229    u_shared_mul/u_primary_mul_n_405
                         CARRY4 (Prop_carry4_S[1]_CO[3])
                                                      0.533    85.762 r  u_shared_mul/modp_final_carry/CO[3]
                         net (fo=1, unplaced)         0.009    85.771    u_shared_mul/modp_final_carry_n_0
                         CARRY4 (Prop_carry4_CI_O[3])
                                                      0.331    86.102 f  u_shared_mul/modp_final_carry__0/O[3]
                         net (fo=1, unplaced)         0.618    86.720    u_shared_mul/u_primary_mul/data4[7]
                         LUT6 (Prop_lut6_I5_O)        0.307    87.027 r  u_shared_mul/u_primary_mul/result_o[7]_INST_0_i_24/O
                         net (fo=1, unplaced)         0.449    87.476    u_shared_mul/u_primary_mul/result_o[7]_INST_0_i_24_n_0
                         LUT6 (Prop_lut6_I5_O)        0.124    87.600 r  u_shared_mul/u_primary_mul/result_o[7]_INST_0_i_9/O
                         net (fo=17, unplaced)        0.505    88.105    u_shared_mul/u_primary_mul/aD2M4dsP[7]
                         LUT2 (Prop_lut2_I1_O)        0.124    88.229 r  u_shared_mul/u_primary_mul/result_o[27]_INST_0_i_81/O
                         net (fo=1, unplaced)         0.000    88.229    u_shared_mul/u_primary_mul/result_o[27]_INST_0_i_81_n_0
                         CARRY4 (Prop_carry4_S[3]_CO[3])
                                                      0.376    88.605 r  u_shared_mul/u_primary_mul/result_o[27]_INST_0_i_35/CO[3]
                         net (fo=1, unplaced)         0.000    88.605    u_shared_mul/u_primary_mul/result_o[27]_INST_0_i_35_n_0
                         CARRY4 (Prop_carry4_CI_CO[3])
                                                      0.117    88.722 r  u_shared_mul/u_primary_mul/result_o[27]_INST_0_i_15/CO[3]
                         net (fo=1, unplaced)         0.000    88.722    u_shared_mul/u_primary_mul/result_o[27]_INST_0_i_15_n_0
                         CARRY4 (Prop_carry4_CI_CO[3])
                                                      0.117    88.839 r  u_shared_mul/u_primary_mul/result_o[31]_INST_0_i_46/CO[3]
                         net (fo=1, unplaced)         0.000    88.839    u_shared_mul/u_primary_mul/result_o[31]_INST_0_i_46_n_0
                         CARRY4 (Prop_carry4_CI_CO[0])
                                                      0.281    89.120 r  u_shared_mul/u_primary_mul/result_o[31]_INST_0_i_47/CO[0]
                         net (fo=6, unplaced)         0.343    89.463    u_shared_mul/u_primary_mul/result_o[31]_INST_0_i_47_n_3
                         LUT2 (Prop_lut2_I1_O)        0.367    89.830 r  u_shared_mul/u_primary_mul/result_o[19]_INST_0_i_26/O
                         net (fo=1, unplaced)         0.000    89.830    u_shared_mul/u_primary_mul/result_o[19]_INST_0_i_26_n_0
                         CARRY4 (Prop_carry4_S[0]_CO[3])
                                                      0.513    90.343 r  u_shared_mul/u_primary_mul/result_o[19]_INST_0_i_11/CO[3]
                         net (fo=1, unplaced)         0.009    90.352    u_shared_mul/u_primary_mul/result_o[19]_INST_0_i_11_n_0
                         CARRY4 (Prop_carry4_CI_CO[3])
                                                      0.117    90.469 r  u_shared_mul/u_primary_mul/result_o[27]_INST_0_i_14/CO[3]
                         net (fo=1, unplaced)         0.000    90.469    u_shared_mul/u_primary_mul/result_o[27]_INST_0_i_14_n_0
                         CARRY4 (Prop_carry4_CI_CO[3])
                                                      0.117    90.586 r  u_shared_mul/u_primary_mul/result_o[27]_INST_0_i_5/CO[3]
                         net (fo=1, unplaced)         0.000    90.586    u_shared_mul/u_primary_mul/result_o[27]_INST_0_i_5_n_0
                         CARRY4 (Prop_carry4_CI_O[2])
                                                      0.256    90.842 r  u_shared_mul/u_primary_mul/result_o[31]_INST_0_i_36/O[2]
                         net (fo=1, unplaced)         0.452    91.294    u_shared_mul/u_primary_mul/result_o0[14]
                         LUT3 (Prop_lut3_I1_O)        0.293    91.587 r  u_shared_mul/u_primary_mul/result_o[30]_INST_0_i_9/O
                         net (fo=1, unplaced)         0.449    92.036    u_shared_mul/u_primary_mul/result_o[30]_INST_0_i_9_n_0
                         LUT6 (Prop_lut6_I1_O)        0.124    92.160 f  u_shared_mul/u_primary_mul/result_o[30]_INST_0_i_3/O
                         net (fo=1, unplaced)         0.449    92.609    u_shared_mul/u_primary_mul/result_o[30]_INST_0_i_3_n_0
                         LUT6 (Prop_lut6_I4_O)        0.124    92.733 r  u_shared_mul/u_primary_mul/result_o[30]_INST_0/O
                         net (fo=0)                   0.973    93.706    result_o[30]
                                                                      r  result_o[30] (OUT)
  -------------------------------------------------------------------    -------------------

                         max delay                   20.000    20.000    
                         clock pessimism              0.000    20.000    
                         output delay                -0.000    20.000    
  -------------------------------------------------------------------
                         required time                         20.000    
                         arrival time                         -93.706    
  -------------------------------------------------------------------
                         slack                                -73.706    

Slack (VIOLATED) :        -73.660ns  (required time - arrival time)
  Source:                 multiplier_tree1_i[0]
                            (input port)
  Destination:            result_o[29]
  Path Group:             **default**
  Path Type:              Max at Slow Process Corner
  Requirement:            20.000ns  (MaxDelay Path 20.000ns)
  Data Path Delay:        93.660ns  (logic 47.563ns (50.783%)  route 46.097ns (49.217%))
  Logic Levels:           109  (CARRY4=56 DSP48E1=3 LUT2=7 LUT3=4 LUT4=1 LUT5=17 LUT6=21)
  Output Delay:           0.000ns
  Timing Exception:       MaxDelay Path 20.000ns

    Location             Delay type                Incr(ns)  Path(ns)    Netlist Resource(s)
  -------------------------------------------------------------------    -------------------
                                                      0.000     0.000 r  multiplier_tree1_i[0] (IN)
                         net (fo=40, unset)           0.973     0.973    u_shared_mul/u_primary_mul/multiplier_tree1_i[0]
                         LUT4 (Prop_lut4_I2_O)        0.150     1.123 r  u_shared_mul/u_primary_mul/result_o[12]_INST_0_i_118/O
                         net (fo=1, unplaced)         0.000     1.123    u_shared_mul/u_primary_mul/result_o[12]_INST_0_i_118_n_0
                         CARRY4 (Prop_carry4_DI[0]_CO[3])
                                                      0.576     1.699 r  u_shared_mul/u_primary_mul/result_o[12]_INST_0_i_90/CO[3]
                         net (fo=1, unplaced)         0.009     1.708    u_shared_mul/u_primary_mul/result_o[12]_INST_0_i_90_n_0
                         CARRY4 (Prop_carry4_CI_CO[3])
                                                      0.117     1.825 r  u_shared_mul/u_primary_mul/result_o[12]_INST_0_i_79/CO[3]
                         net (fo=9, unplaced)         0.959     2.784    u_shared_mul/u_primary_mul/mul_op_b2
                         LUT3 (Prop_lut3_I0_O)        0.124     2.908 r  u_shared_mul/u_primary_mul/result_o[1]_INST_0_i_46/O
                         net (fo=1, unplaced)         0.000     2.908    u_shared_mul/u_primary_mul/result_o[1]_INST_0_i_46_n_0
                         CARRY4 (Prop_carry4_S[0]_O[1])
                                                      0.427     3.335 r  u_shared_mul/u_primary_mul/result_o[1]_INST_0_i_24/O[1]
                         net (fo=1, unplaced)         0.312     3.647    u_shared_mul/u_primary_mul/data2[1]
                         LUT3 (Prop_lut3_I2_O)        0.298     3.945 f  u_shared_mul/u_primary_mul/falcon_sum_carry_i_36/O
                         net (fo=1, unplaced)         0.449     4.394    u_shared_mul/u_primary_mul/falcon_sum_carry_i_36_n_0
                         LUT6 (Prop_lut6_I2_O)        0.124     4.518 r  u_shared_mul/u_primary_mul/falcon_sum_carry_i_15/O
                         net (fo=98, unplaced)        0.548     5.066    u_shared_mul/u_primary_mul/insn_i[6]_13
                         LUT2 (Prop_lut2_I0_O)        0.117     5.183 r  u_shared_mul/u_primary_mul/difference_carry_i_17/O
                         net (fo=1, unplaced)         0.000     5.183    u_shared_mul/u_primary_mul/partial_products85_in[1]
                         CARRY4 (Prop_carry4_DI[1]_O[2])
                                                      0.593     5.776 r  u_shared_mul/u_primary_mul/difference_carry_i_12/O[2]
                         net (fo=1, unplaced)         0.452     6.228    u_shared_mul/u_primary_mul/difference_carry_i_12_n_5
                         LUT6 (Prop_lut6_I0_O)        0.301     6.529 r  u_shared_mul/u_primary_mul/falcon_sum_carry_i_13/O
                         net (fo=4, unplaced)         0.663     7.192    u_shared_mul/u_primary_mul/accumulator82_in[2]
                         CARRY4 (Prop_carry4_DI[1]_O[2])
                                                      0.566     7.758 r  u_shared_mul/u_primary_mul/falcon_sum_carry_i_14/O[2]
                         net (fo=1, unplaced)         0.452     8.210    u_shared_mul/u_primary_mul/falcon_sum_carry_i_14_n_5
                         LUT5 (Prop_lut5_I0_O)        0.301     8.511 r  u_shared_mul/u_primary_mul/falcon_sum_carry_i_11/O
                         net (fo=4, unplaced)         0.663     9.174    u_shared_mul/u_primary_mul/accumulator79_in[3]
                         CARRY4 (Prop_carry4_DI[1]_O[2])
                                                      0.566     9.740 r  u_shared_mul/u_primary_mul/falcon_sum_carry_i_12/O[2]
                         net (fo=1, unplaced)         0.452    10.192    u_shared_mul/u_primary_mul/falcon_sum_carry_i_12_n_5
                         LUT5 (Prop_lut5_I0_O)        0.301    10.493 r  u_shared_mul/u_primary_mul/falcon_sum_carry__0_i_18/O
                         net (fo=4, unplaced)         0.663    11.156    u_shared_mul/u_primary_mul/accumulator76_in[4]
                         CARRY4 (Prop_carry4_DI[1]_O[2])
                                                      0.566    11.722 r  u_shared_mul/u_primary_mul/falcon_sum_carry_i_9/O[2]
                         net (fo=1, unplaced)         0.452    12.174    u_shared_mul/u_primary_mul/falcon_sum_carry_i_9_n_5
                         LUT5 (Prop_lut5_I0_O)        0.301    12.475 r  u_shared_mul/u_primary_mul/falcon_sum_carry__0_i_15/O
                         net (fo=4, unplaced)         0.663    13.138    u_shared_mul/u_primary_mul/accumulator73_in[5]
                         CARRY4 (Prop_carry4_DI[1]_O[2])
                                                      0.566    13.704 r  u_shared_mul/u_primary_mul/falcon_sum_carry__0_i_16/O[2]
                         net (fo=1, unplaced)         0.452    14.156    u_shared_mul/u_primary_mul/falcon_sum_carry__0_i_16_n_5
                         LUT5 (Prop_lut5_I0_O)        0.301    14.457 r  u_shared_mul/u_primary_mul/falcon_sum_carry__0_i_13/O
                         net (fo=4, unplaced)         0.663    15.120    u_shared_mul/u_primary_mul/accumulator70_in[6]
                         CARRY4 (Prop_carry4_DI[1]_O[2])
                                                      0.566    15.686 r  u_shared_mul/u_primary_mul/falcon_sum_carry__0_i_14/O[2]
                         net (fo=1, unplaced)         0.452    16.138    u_shared_mul/u_primary_mul/falcon_sum_carry__0_i_14_n_5
                         LUT5 (Prop_lut5_I0_O)        0.301    16.439 r  u_shared_mul/u_primary_mul/falcon_sum_carry__0_i_10/O
                         net (fo=4, unplaced)         0.663    17.102    u_shared_mul/u_primary_mul/accumulator67_in[7]
                         CARRY4 (Prop_carry4_DI[1]_O[2])
                                                      0.566    17.668 r  u_shared_mul/u_primary_mul/falcon_sum_carry__0_i_11/O[2]
                         net (fo=1, unplaced)         0.452    18.120    u_shared_mul/u_primary_mul/falcon_sum_carry__0_i_11_n_5
                         LUT5 (Prop_lut5_I0_O)        0.301    18.421 r  u_shared_mul/u_primary_mul/falcon_sum_carry__1_i_19/O
                         net (fo=4, unplaced)         0.663    19.084    u_shared_mul/u_primary_mul/accumulator64_in[8]
                         CARRY4 (Prop_carry4_DI[1]_O[2])
                                                      0.566    19.650 r  u_shared_mul/u_primary_mul/falcon_sum_carry__0_i_9/O[2]
                         net (fo=1, unplaced)         0.452    20.102    u_shared_mul/u_primary_mul/falcon_sum_carry__0_i_9_n_5
                         LUT5 (Prop_lut5_I0_O)        0.301    20.403 r  u_shared_mul/u_primary_mul/falcon_sum_carry__1_i_16/O
                         net (fo=4, unplaced)         0.663    21.066    u_shared_mul/u_primary_mul/accumulator61_in[9]
                         CARRY4 (Prop_carry4_DI[1]_O[2])
                                                      0.566    21.632 r  u_shared_mul/u_primary_mul/falcon_sum_carry__1_i_17/O[2]
                         net (fo=1, unplaced)         0.452    22.084    u_shared_mul/u_primary_mul/falcon_sum_carry__1_i_17_n_5
                         LUT5 (Prop_lut5_I0_O)        0.301    22.385 r  u_shared_mul/u_primary_mul/falcon_sum_carry__1_i_38/O
                         net (fo=3, unplaced)         0.657    23.042    u_shared_mul/u_primary_mul/accumulator58_in[10]
                         CARRY4 (Prop_carry4_DI[1]_O[2])
                                                      0.566    23.608 r  u_shared_mul/u_primary_mul/falcon_sum_carry__1_i_15/O[2]
                         net (fo=1, unplaced)         0.452    24.060    u_shared_mul/u_primary_mul/falcon_sum_carry__1_i_15_n_5
                         LUT5 (Prop_lut5_I0_O)        0.301    24.361 r  u_shared_mul/u_primary_mul/falcon_sum_carry__1_i_30/O
                         net (fo=3, unplaced)         0.657    25.018    u_shared_mul/u_primary_mul/accumulator55_in[11]
                         CARRY4 (Prop_carry4_DI[1]_O[2])
                                                      0.566    25.584 r  u_shared_mul/u_primary_mul/falcon_sum_carry__1_i_12/O[2]
                         net (fo=1, unplaced)         0.452    26.036    u_shared_mul/u_primary_mul/falcon_sum_carry__1_i_12_n_5
                         LUT5 (Prop_lut5_I0_O)        0.301    26.337 r  u_shared_mul/u_primary_mul/falcon_sum_carry__1_i_22/O
                         net (fo=3, unplaced)         0.657    26.994    u_shared_mul/u_primary_mul/accumulator52_in[12]
                         CARRY4 (Prop_carry4_DI[1]_O[2])
                                                      0.566    27.560 r  u_shared_mul/u_primary_mul/falcon_sum_carry__1_i_9/O[2]
                         net (fo=2, unplaced)         0.463    28.023    u_shared_mul/u_primary_mul/falcon_sum_carry__1_i_9_n_5
                         LUT6 (Prop_lut6_I0_O)        0.301    28.324 r  u_shared_mul/u_primary_mul/falcon_sum_carry__2_i_16/O
                         net (fo=4, unplaced)         0.663    28.987    u_shared_mul/u_primary_mul/accumulator49_in[13]
                         CARRY4 (Prop_carry4_DI[1]_O[2])
                                                      0.566    29.553 r  u_shared_mul/u_primary_mul/falcon_sum_carry__2_i_17/O[2]
                         net (fo=1, unplaced)         0.452    30.005    u_shared_mul/u_primary_mul/falcon_sum_carry__2_i_17_n_5
                         LUT6 (Prop_lut6_I0_O)        0.301    30.306 r  u_shared_mul/u_primary_mul/falcon_sum_carry__2_i_13/O
                         net (fo=4, unplaced)         0.663    30.969    u_shared_mul/u_primary_mul/accumulator46_in[14]
                         CARRY4 (Prop_carry4_DI[1]_O[2])
                                                      0.566    31.535 r  u_shared_mul/u_primary_mul/falcon_sum_carry__2_i_14/O[2]
                         net (fo=1, unplaced)         0.452    31.987    u_shared_mul/u_primary_mul/falcon_sum_carry__2_i_14_n_5
                         LUT6 (Prop_lut6_I0_O)        0.301    32.288 r  u_shared_mul/u_primary_mul/falcon_sum_carry__2_i_31/O
                         net (fo=3, unplaced)         0.657    32.945    u_shared_mul/u_primary_mul/accumulator43_in[15]
                         CARRY4 (Prop_carry4_DI[1]_O[2])
                                                      0.566    33.511 r  u_shared_mul/u_primary_mul/falcon_sum_carry__2_i_12/O[2]
                         net (fo=1, unplaced)         0.452    33.963    u_shared_mul/u_primary_mul/falcon_sum_carry__2_i_12_n_5
                         LUT6 (Prop_lut6_I0_O)        0.301    34.264 r  u_shared_mul/u_primary_mul/falcon_sum_carry__3_i_17/O
                         net (fo=6, unplaced)         0.671    34.935    u_shared_mul/u_primary_mul/accumulator40_in[16]
                         CARRY4 (Prop_carry4_DI[1]_O[2])
                                                      0.566    35.501 r  u_shared_mul/u_primary_mul/falcon_sum_carry__2_i_9/O[2]
                         net (fo=1, unplaced)         0.452    35.953    u_shared_mul/u_primary_mul/falcon_sum_carry__2_i_9_n_5
                         LUT5 (Prop_lut5_I0_O)        0.301    36.254 r  u_shared_mul/u_primary_mul/falcon_sum_carry__3_i_50/O
                         net (fo=3, unplaced)         0.657    36.911    u_shared_mul/u_primary_mul/accumulator37_in[17]
                         CARRY4 (Prop_carry4_DI[1]_O[2])
                                                      0.566    37.477 r  u_shared_mul/u_primary_mul/falcon_sum_carry__3_i_16/O[2]
                         net (fo=1, unplaced)         0.452    37.929    u_shared_mul/u_primary_mul/falcon_sum_carry__3_i_16_n_5
                         LUT6 (Prop_lut6_I2_O)        0.301    38.230 r  u_shared_mul/u_primary_mul/falcon_sum_carry__3_i_12/O
                         net (fo=4, unplaced)         0.663    38.893    u_shared_mul/u_primary_mul/accumulator34_in[18]
                         CARRY4 (Prop_carry4_DI[1]_O[2])
                                                      0.566    39.459 r  u_shared_mul/u_primary_mul/falcon_sum_carry__3_i_13/O[2]
                         net (fo=1, unplaced)         0.452    39.911    u_shared_mul/u_primary_mul/falcon_sum_carry__3_i_13_n_5
                         LUT6 (Prop_lut6_I0_O)        0.301    40.212 r  u_shared_mul/u_primary_mul/falcon_sum_carry__3_i_10/O
                         net (fo=4, unplaced)         0.663    40.875    u_shared_mul/u_primary_mul/accumulator31_in[19]
                         CARRY4 (Prop_carry4_DI[1]_O[2])
                                                      0.566    41.441 r  u_shared_mul/u_primary_mul/falcon_sum_carry__3_i_11/O[2]
                         net (fo=1, unplaced)         0.452    41.893    u_shared_mul/u_primary_mul/falcon_sum_carry__3_i_11_n_5
                         LUT5 (Prop_lut5_I0_O)        0.301    42.194 r  u_shared_mul/u_primary_mul/falcon_sum_carry__3_i_20/O
                         net (fo=3, unplaced)         0.657    42.851    u_shared_mul/u_primary_mul/accumulator28_in[20]
                         CARRY4 (Prop_carry4_DI[1]_O[2])
                                                      0.566    43.417 r  u_shared_mul/u_primary_mul/falcon_sum_carry__3_i_9/O[2]
                         net (fo=1, unplaced)         0.452    43.869    u_shared_mul/u_primary_mul/falcon_sum_carry__3_i_9_n_5
                         LUT6 (Prop_lut6_I0_O)        0.301    44.170 r  u_shared_mul/u_primary_mul/falcon_sum_carry__4_i_16/O
                         net (fo=4, unplaced)         0.663    44.833    u_shared_mul/u_primary_mul/accumulator25_in[21]
                         CARRY4 (Prop_carry4_DI[1]_O[2])
                                                      0.566    45.399 r  u_shared_mul/u_primary_mul/falcon_sum_carry__4_i_17/O[2]
                         net (fo=1, unplaced)         0.452    45.851    u_shared_mul/u_primary_mul/falcon_sum_carry__4_i_17_n_5
                         LUT5 (Prop_lut5_I0_O)        0.301    46.152 r  u_shared_mul/u_primary_mul/falcon_sum_carry__4_i_42/O
                         net (fo=3, unplaced)         0.657    46.809    u_shared_mul/u_primary_mul/accumulator22_in[22]
                         CARRY4 (Prop_carry4_DI[1]_O[2])
                                                      0.566    47.375 r  u_shared_mul/u_primary_mul/falcon_sum_carry__4_i_15/O[2]
                         net (fo=1, unplaced)         0.452    47.827    u_shared_mul/u_primary_mul/falcon_sum_carry__4_i_15_n_5
                         LUT6 (Prop_lut6_I0_O)        0.301    48.128 r  u_shared_mul/u_primary_mul/falcon_sum_carry__4_i_30/O
                         net (fo=3, unplaced)         0.657    48.785    u_shared_mul/u_primary_mul/accumulator19_in[23]
                         CARRY4 (Prop_carry4_DI[1]_O[2])
                                                      0.566    49.351 r  u_shared_mul/u_primary_mul/falcon_sum_carry__4_i_12/O[2]
                         net (fo=1, unplaced)         0.452    49.803    u_shared_mul/u_primary_mul/falcon_sum_carry__4_i_12_n_5
                         LUT6 (Prop_lut6_I0_O)        0.301    50.104 r  u_shared_mul/u_primary_mul/falcon_sum_carry__5_i_18/O
                         net (fo=4, unplaced)         0.663    50.767    u_shared_mul/u_primary_mul/accumulator16_in[24]
                         CARRY4 (Prop_carry4_DI[1]_O[2])
                                                      0.566    51.333 r  u_shared_mul/u_primary_mul/falcon_sum_carry__4_i_9/O[2]
                         net (fo=1, unplaced)         0.452    51.785    u_shared_mul/u_primary_mul/falcon_sum_carry__4_i_9_n_5
                         LUT6 (Prop_lut6_I0_O)        0.301    52.086 r  u_shared_mul/u_primary_mul/falcon_sum_carry__5_i_45/O
                         net (fo=3, unplaced)         0.657    52.743    u_shared_mul/u_primary_mul/accumulator13_in[25]
                         CARRY4 (Prop_carry4_DI[1]_O[2])
                                                      0.566    53.309 r  u_shared_mul/u_primary_mul/falcon_sum_carry__5_i_17/O[2]
                         net (fo=1, unplaced)         0.452    53.761    u_shared_mul/u_primary_mul/falcon_sum_carry__5_i_17_n_5
                         LUT6 (Prop_lut6_I0_O)        0.301    54.062 r  u_shared_mul/u_primary_mul/falcon_sum_carry__5_i_13/O
                         net (fo=6, unplaced)         0.671    54.733    u_shared_mul/u_primary_mul/accumulator10_in[26]
                         CARRY4 (Prop_carry4_DI[1]_O[2])
                                                      0.566    55.299 r  u_shared_mul/u_primary_mul/falcon_sum_carry__5_i_14/O[2]
                         net (fo=1, unplaced)         0.452    55.751    u_shared_mul/u_primary_mul/falcon_sum_carry__5_i_14_n_5
                         LUT5 (Prop_lut5_I0_O)        0.301    56.052 r  u_shared_mul/u_primary_mul/falcon_sum_carry__5_i_28/O
                         net (fo=3, unplaced)         0.657    56.709    u_shared_mul/u_primary_mul/accumulator7_in[27]
                         CARRY4 (Prop_carry4_DI[1]_O[2])
                                                      0.566    57.275 r  u_shared_mul/u_primary_mul/falcon_sum_carry__5_i_12/O[2]
                         net (fo=1, unplaced)         0.452    57.727    u_shared_mul/u_primary_mul/falcon_sum_carry__5_i_12_n_5
                         LUT5 (Prop_lut5_I0_O)        0.301    58.028 r  u_shared_mul/u_primary_mul/falcon_sum_carry__5_i_19/O
                         net (fo=3, unplaced)         0.657    58.685    u_shared_mul/u_primary_mul/accumulator4_in[28]
                         CARRY4 (Prop_carry4_DI[1]_O[2])
                                                      0.566    59.251 r  u_shared_mul/u_primary_mul/falcon_sum_carry__5_i_9/O[2]
                         net (fo=1, unplaced)         0.452    59.703    u_shared_mul/u_primary_mul/falcon_sum_carry__5_i_9_n_5
                         LUT6 (Prop_lut6_I0_O)        0.301    60.004 r  u_shared_mul/u_primary_mul/falcon_sum_carry__6_i_30/O
                         net (fo=3, unplaced)         0.657    60.661    u_shared_mul/u_primary_mul/accumulator1_in[29]
                         CARRY4 (Prop_carry4_DI[1]_O[2])
                                                      0.566    61.227 r  u_shared_mul/u_primary_mul/falcon_sum_carry__6_i_15/O[2]
                         net (fo=1, unplaced)         0.452    61.679    u_shared_mul/u_primary_mul/falcon_sum_carry__6_i_15_n_5
                         LUT6 (Prop_lut6_I4_O)        0.301    61.980 r  u_shared_mul/u_primary_mul/falcon_sum_carry__6_i_22/O
                         net (fo=1, unplaced)         0.000    61.980    u_shared_mul/u_primary_mul/falcon_sum_carry__6_i_22_n_0
                         CARRY4 (Prop_carry4_S[1]_O[2])
                                                      0.578    62.558 r  u_shared_mul/u_primary_mul/falcon_sum_carry__6_i_8/O[2]
                         net (fo=3, unplaced)         0.470    63.028    u_shared_mul/u_primary_mul/falcon_sum_carry__6_i_8_n_5
                         LUT6 (Prop_lut6_I5_O)        0.301    63.329 r  u_shared_mul/u_primary_mul/result_hi_o[2]_INST_0_i_12/O
                         net (fo=1, unplaced)         0.000    63.329    u_shared_mul/u_primary_mul/result_hi_o[2]_INST_0_i_12_n_0
                         CARRY4 (Prop_carry4_S[0]_O[0])
                                                      0.252    63.581 r  u_shared_mul/u_primary_mul/result_hi_o[2]_INST_0_i_3/O[0]
                         net (fo=3, unplaced)         0.329    63.910    u_shared_mul/u_primary_mul/result_hi_o[2]_INST_0_i_3_n_7
                         LUT5 (Prop_lut5_I0_O)        0.295    64.205 r  u_shared_mul/u_primary_mul/stage_a_result_i_25/O
                         net (fo=7, unplaced)         0.484    64.689    u_shared_mul/u_primary_mul/full_prod[31]
                         LUT3 (Prop_lut3_I0_O)        0.124    64.813 r  u_shared_mul/u_primary_mul/stage_a_result_i_7/O
                         net (fo=1, unplaced)         0.800    65.613    u_shared_mul/stage_a_op1[31]
                         DSP48E1 (Prop_dsp48e1_A[14]_P[0])
                                                      3.841    69.454 r  u_shared_mul/stage_a_result/P[0]
                         net (fo=1, unplaced)         0.800    70.253    u_shared_mul/stage_a_result_n_105
                         LUT2 (Prop_lut2_I1_O)        0.124    70.377 r  u_shared_mul/stage_a_result_carry_i_3/O
                         net (fo=1, unplaced)         0.000    70.377    u_shared_mul/stage_a_result_carry_i_3_n_0
                         CARRY4 (Prop_carry4_S[1]_CO[3])
                                                      0.533    70.910 r  u_shared_mul/stage_a_result_carry/CO[3]
                         net (fo=1, unplaced)         0.009    70.919    u_shared_mul/stage_a_result_carry_n_0
                         CARRY4 (Prop_carry4_CI_CO[3])
                                                      0.117    71.036 r  u_shared_mul/stage_a_result_carry__0/CO[3]
                         net (fo=1, unplaced)         0.000    71.036    u_shared_mul/stage_a_result_carry__0_n_0
                         CARRY4 (Prop_carry4_CI_CO[3])
                                                      0.117    71.153 r  u_shared_mul/stage_a_result_carry__1/CO[3]
                         net (fo=1, unplaced)         0.000    71.153    u_shared_mul/stage_a_result_carry__1_n_0
                         CARRY4 (Prop_carry4_CI_O[3])
                                                      0.331    71.484 r  u_shared_mul/stage_a_result_carry__2/O[3]
                         net (fo=2, unplaced)         0.629    72.113    u_shared_mul/stage_a_result__2__0[31]
                         LUT5 (Prop_lut5_I2_O)        0.307    72.420 r  u_shared_mul/modp_tp_i_1/O
                         net (fo=2, unplaced)         0.800    73.220    u_shared_mul/p_1_in[31]
                         DSP48E1 (Prop_dsp48e1_B[14]_PCOUT[47])
                                                      3.851    77.071 r  u_shared_mul/modp_tp/PCOUT[47]
                         net (fo=1, unplaced)         0.055    77.126    u_shared_mul/modp_tp_n_106
                         DSP48E1 (Prop_dsp48e1_PCIN[47]_P[3])
                                                      1.518    78.644 r  u_shared_mul/modp_tp__0/P[3]
                         net (fo=1, unplaced)         0.800    79.444    u_shared_mul/modp_tp__0_n_102
                         LUT2 (Prop_lut2_I1_O)        0.124    79.568 r  u_shared_mul/modp_tp_carry__4_i_3/O
                         net (fo=1, unplaced)         0.000    79.568    u_shared_mul/modp_tp_carry__4_i_3_n_0
                         CARRY4 (Prop_carry4_S[1]_CO[3])
                                                      0.533    80.101 r  u_shared_mul/modp_tp_carry__4/CO[3]
                         net (fo=1, unplaced)         0.000    80.101    u_shared_mul/modp_tp_carry__4_n_0
                         CARRY4 (Prop_carry4_CI_CO[3])
                                                      0.117    80.218 r  u_shared_mul/modp_tp_carry__5/CO[3]
                         net (fo=1, unplaced)         0.000    80.218    u_shared_mul/modp_tp_carry__5_n_0
                         CARRY4 (Prop_carry4_CI_CO[3])
                                                      0.117    80.335 r  u_shared_mul/modp_tp_carry__6/CO[3]
                         net (fo=1, unplaced)         0.000    80.335    u_shared_mul/modp_tp_carry__6_n_0
                         CARRY4 (Prop_carry4_CI_O[1])
                                                      0.337    80.672 r  u_shared_mul/modp_tp_carry__7/O[1]
                         net (fo=1, unplaced)         0.611    81.283    u_shared_mul/modp_tp__3__0[49]
                         LUT2 (Prop_lut2_I1_O)        0.306    81.589 r  u_shared_mul/modp_sub_carry__3_i_12/O
                         net (fo=1, unplaced)         0.000    81.589    u_shared_mul/u_primary_mul/modp_sub_carry__3[1]
                         CARRY4 (Prop_carry4_S[1]_CO[3])
                                                      0.533    82.122 r  u_shared_mul/u_primary_mul/modp_sub_carry__3_i_1/CO[3]
                         net (fo=1, unplaced)         0.000    82.122    u_shared_mul/u_primary_mul/modp_sub_carry__3_i_1_n_0
                         CARRY4 (Prop_carry4_CI_O[3])
                                                      0.331    82.453 r  u_shared_mul/u_primary_mul/modp_sub_carry__4_i_1/O[3]
                         net (fo=2, unplaced)         0.629    83.082    u_shared_mul/u_primary_mul/modp_tp__2[24]
                         LUT2 (Prop_lut2_I0_O)        0.307    83.389 r  u_shared_mul/u_primary_mul/modp_sub_carry__5_i_5/O
                         net (fo=1, unplaced)         0.000    83.389    u_shared_mul/u_primary_mul_n_502
                         CARRY4 (Prop_carry4_S[0]_CO[3])
                                                      0.513    83.902 r  u_shared_mul/modp_sub_carry__5/CO[3]
                         net (fo=1, unplaced)         0.000    83.902    u_shared_mul/modp_sub_carry__5_n_0
                         CARRY4 (Prop_carry4_CI_O[3])
                                                      0.331    84.233 r  u_shared_mul/modp_sub_carry__6/O[3]
                         net (fo=32, unplaced)        0.689    84.922    u_shared_mul/u_primary_mul/modp_final_carry__6[3]
                         LUT3 (Prop_lut3_I2_O)        0.307    85.229 r  u_shared_mul/u_primary_mul/modp_final_carry_i_3/O
                         net (fo=1, unplaced)         0.000    85.229    u_shared_mul/u_primary_mul_n_405
                         CARRY4 (Prop_carry4_S[1]_CO[3])
                                                      0.533    85.762 r  u_shared_mul/modp_final_carry/CO[3]
                         net (fo=1, unplaced)         0.009    85.771    u_shared_mul/modp_final_carry_n_0
                         CARRY4 (Prop_carry4_CI_O[3])
                                                      0.331    86.102 f  u_shared_mul/modp_final_carry__0/O[3]
                         net (fo=1, unplaced)         0.618    86.720    u_shared_mul/u_primary_mul/data4[7]
                         LUT6 (Prop_lut6_I5_O)        0.307    87.027 r  u_shared_mul/u_primary_mul/result_o[7]_INST_0_i_24/O
                         net (fo=1, unplaced)         0.449    87.476    u_shared_mul/u_primary_mul/result_o[7]_INST_0_i_24_n_0
                         LUT6 (Prop_lut6_I5_O)        0.124    87.600 r  u_shared_mul/u_primary_mul/result_o[7]_INST_0_i_9/O
                         net (fo=17, unplaced)        0.505    88.105    u_shared_mul/u_primary_mul/aD2M4dsP[7]
                         LUT2 (Prop_lut2_I1_O)        0.124    88.229 r  u_shared_mul/u_primary_mul/result_o[27]_INST_0_i_81/O
                         net (fo=1, unplaced)         0.000    88.229    u_shared_mul/u_primary_mul/result_o[27]_INST_0_i_81_n_0
                         CARRY4 (Prop_carry4_S[3]_CO[3])
                                                      0.376    88.605 r  u_shared_mul/u_primary_mul/result_o[27]_INST_0_i_35/CO[3]
                         net (fo=1, unplaced)         0.000    88.605    u_shared_mul/u_primary_mul/result_o[27]_INST_0_i_35_n_0
                         CARRY4 (Prop_carry4_CI_CO[3])
                                                      0.117    88.722 r  u_shared_mul/u_primary_mul/result_o[27]_INST_0_i_15/CO[3]
                         net (fo=1, unplaced)         0.000    88.722    u_shared_mul/u_primary_mul/result_o[27]_INST_0_i_15_n_0
                         CARRY4 (Prop_carry4_CI_CO[3])
                                                      0.117    88.839 r  u_shared_mul/u_primary_mul/result_o[31]_INST_0_i_46/CO[3]
                         net (fo=1, unplaced)         0.000    88.839    u_shared_mul/u_primary_mul/result_o[31]_INST_0_i_46_n_0
                         CARRY4 (Prop_carry4_CI_CO[0])
                                                      0.281    89.120 r  u_shared_mul/u_primary_mul/result_o[31]_INST_0_i_47/CO[0]
                         net (fo=6, unplaced)         0.343    89.463    u_shared_mul/u_primary_mul/result_o[31]_INST_0_i_47_n_3
                         LUT2 (Prop_lut2_I1_O)        0.367    89.830 r  u_shared_mul/u_primary_mul/result_o[19]_INST_0_i_26/O
                         net (fo=1, unplaced)         0.000    89.830    u_shared_mul/u_primary_mul/result_o[19]_INST_0_i_26_n_0
                         CARRY4 (Prop_carry4_S[0]_CO[3])
                                                      0.513    90.343 r  u_shared_mul/u_primary_mul/result_o[19]_INST_0_i_11/CO[3]
                         net (fo=1, unplaced)         0.009    90.352    u_shared_mul/u_primary_mul/result_o[19]_INST_0_i_11_n_0
                         CARRY4 (Prop_carry4_CI_CO[3])
                                                      0.117    90.469 r  u_shared_mul/u_primary_mul/result_o[27]_INST_0_i_14/CO[3]
                         net (fo=1, unplaced)         0.000    90.469    u_shared_mul/u_primary_mul/result_o[27]_INST_0_i_14_n_0
                         CARRY4 (Prop_carry4_CI_CO[3])
                                                      0.117    90.586 r  u_shared_mul/u_primary_mul/result_o[27]_INST_0_i_5/CO[3]
                         net (fo=1, unplaced)         0.000    90.586    u_shared_mul/u_primary_mul/result_o[27]_INST_0_i_5_n_0
                         CARRY4 (Prop_carry4_CI_O[1])
                                                      0.337    90.923 r  u_shared_mul/u_primary_mul/result_o[31]_INST_0_i_36/O[1]
                         net (fo=1, unplaced)         0.312    91.235    u_shared_mul/u_primary_mul/result_o0[13]
                         LUT6 (Prop_lut6_I4_O)        0.306    91.541 r  u_shared_mul/u_primary_mul/result_o[29]_INST_0_i_6/O
                         net (fo=1, unplaced)         0.449    91.990    u_shared_mul/u_primary_mul/result_o[29]_INST_0_i_6_n_0
                         LUT6 (Prop_lut6_I5_O)        0.124    92.114 r  u_shared_mul/u_primary_mul/result_o[29]_INST_0_i_1/O
                         net (fo=1, unplaced)         0.449    92.563    u_shared_mul/u_primary_mul/result_o[29]_INST_0_i_1_n_0
                         LUT6 (Prop_lut6_I0_O)        0.124    92.687 r  u_shared_mul/u_primary_mul/result_o[29]_INST_0/O
                         net (fo=0)                   0.973    93.660    result_o[29]
                                                                      r  result_o[29] (OUT)
  -------------------------------------------------------------------    -------------------

                         max delay                   20.000    20.000    
                         clock pessimism              0.000    20.000    
                         output delay                -0.000    20.000    
  -------------------------------------------------------------------
                         required time                         20.000    
                         arrival time                         -93.660    
  -------------------------------------------------------------------
                         slack                                -73.660    

Slack (VIOLATED) :        -73.597ns  (required time - arrival time)
  Source:                 multiplier_tree1_i[0]
                            (input port)
  Destination:            result_o[26]
  Path Group:             **default**
  Path Type:              Max at Slow Process Corner
  Requirement:            20.000ns  (MaxDelay Path 20.000ns)
  Data Path Delay:        93.597ns  (logic 47.360ns (50.600%)  route 46.237ns (49.400%))
  Logic Levels:           108  (CARRY4=55 DSP48E1=3 LUT2=7 LUT3=4 LUT4=1 LUT5=17 LUT6=21)
  Output Delay:           0.000ns
  Timing Exception:       MaxDelay Path 20.000ns

    Location             Delay type                Incr(ns)  Path(ns)    Netlist Resource(s)
  -------------------------------------------------------------------    -------------------
                                                      0.000     0.000 r  multiplier_tree1_i[0] (IN)
                         net (fo=40, unset)           0.973     0.973    u_shared_mul/u_primary_mul/multiplier_tree1_i[0]
                         LUT4 (Prop_lut4_I2_O)        0.150     1.123 r  u_shared_mul/u_primary_mul/result_o[12]_INST_0_i_118/O
                         net (fo=1, unplaced)         0.000     1.123    u_shared_mul/u_primary_mul/result_o[12]_INST_0_i_118_n_0
                         CARRY4 (Prop_carry4_DI[0]_CO[3])
                                                      0.576     1.699 r  u_shared_mul/u_primary_mul/result_o[12]_INST_0_i_90/CO[3]
                         net (fo=1, unplaced)         0.009     1.708    u_shared_mul/u_primary_mul/result_o[12]_INST_0_i_90_n_0
                         CARRY4 (Prop_carry4_CI_CO[3])
                                                      0.117     1.825 r  u_shared_mul/u_primary_mul/result_o[12]_INST_0_i_79/CO[3]
                         net (fo=9, unplaced)         0.959     2.784    u_shared_mul/u_primary_mul/mul_op_b2
                         LUT3 (Prop_lut3_I0_O)        0.124     2.908 r  u_shared_mul/u_primary_mul/result_o[1]_INST_0_i_46/O
                         net (fo=1, unplaced)         0.000     2.908    u_shared_mul/u_primary_mul/result_o[1]_INST_0_i_46_n_0
                         CARRY4 (Prop_carry4_S[0]_O[1])
                                                      0.427     3.335 r  u_shared_mul/u_primary_mul/result_o[1]_INST_0_i_24/O[1]
                         net (fo=1, unplaced)         0.312     3.647    u_shared_mul/u_primary_mul/data2[1]
                         LUT3 (Prop_lut3_I2_O)        0.298     3.945 f  u_shared_mul/u_primary_mul/falcon_sum_carry_i_36/O
                         net (fo=1, unplaced)         0.449     4.394    u_shared_mul/u_primary_mul/falcon_sum_carry_i_36_n_0
                         LUT6 (Prop_lut6_I2_O)        0.124     4.518 r  u_shared_mul/u_primary_mul/falcon_sum_carry_i_15/O
                         net (fo=98, unplaced)        0.548     5.066    u_shared_mul/u_primary_mul/insn_i[6]_13
                         LUT2 (Prop_lut2_I0_O)        0.117     5.183 r  u_shared_mul/u_primary_mul/difference_carry_i_17/O
                         net (fo=1, unplaced)         0.000     5.183    u_shared_mul/u_primary_mul/partial_products85_in[1]
                         CARRY4 (Prop_carry4_DI[1]_O[2])
                                                      0.593     5.776 r  u_shared_mul/u_primary_mul/difference_carry_i_12/O[2]
                         net (fo=1, unplaced)         0.452     6.228    u_shared_mul/u_primary_mul/difference_carry_i_12_n_5
                         LUT6 (Prop_lut6_I0_O)        0.301     6.529 r  u_shared_mul/u_primary_mul/falcon_sum_carry_i_13/O
                         net (fo=4, unplaced)         0.663     7.192    u_shared_mul/u_primary_mul/accumulator82_in[2]
                         CARRY4 (Prop_carry4_DI[1]_O[2])
                                                      0.566     7.758 r  u_shared_mul/u_primary_mul/falcon_sum_carry_i_14/O[2]
                         net (fo=1, unplaced)         0.452     8.210    u_shared_mul/u_primary_mul/falcon_sum_carry_i_14_n_5
                         LUT5 (Prop_lut5_I0_O)        0.301     8.511 r  u_shared_mul/u_primary_mul/falcon_sum_carry_i_11/O
                         net (fo=4, unplaced)         0.663     9.174    u_shared_mul/u_primary_mul/accumulator79_in[3]
                         CARRY4 (Prop_carry4_DI[1]_O[2])
                                                      0.566     9.740 r  u_shared_mul/u_primary_mul/falcon_sum_carry_i_12/O[2]
                         net (fo=1, unplaced)         0.452    10.192    u_shared_mul/u_primary_mul/falcon_sum_carry_i_12_n_5
                         LUT5 (Prop_lut5_I0_O)        0.301    10.493 r  u_shared_mul/u_primary_mul/falcon_sum_carry__0_i_18/O
                         net (fo=4, unplaced)         0.663    11.156    u_shared_mul/u_primary_mul/accumulator76_in[4]
                         CARRY4 (Prop_carry4_DI[1]_O[2])
                                                      0.566    11.722 r  u_shared_mul/u_primary_mul/falcon_sum_carry_i_9/O[2]
                         net (fo=1, unplaced)         0.452    12.174    u_shared_mul/u_primary_mul/falcon_sum_carry_i_9_n_5
                         LUT5 (Prop_lut5_I0_O)        0.301    12.475 r  u_shared_mul/u_primary_mul/falcon_sum_carry__0_i_15/O
                         net (fo=4, unplaced)         0.663    13.138    u_shared_mul/u_primary_mul/accumulator73_in[5]
                         CARRY4 (Prop_carry4_DI[1]_O[2])
                                                      0.566    13.704 r  u_shared_mul/u_primary_mul/falcon_sum_carry__0_i_16/O[2]
                         net (fo=1, unplaced)         0.452    14.156    u_shared_mul/u_primary_mul/falcon_sum_carry__0_i_16_n_5
                         LUT5 (Prop_lut5_I0_O)        0.301    14.457 r  u_shared_mul/u_primary_mul/falcon_sum_carry__0_i_13/O
                         net (fo=4, unplaced)         0.663    15.120    u_shared_mul/u_primary_mul/accumulator70_in[6]
                         CARRY4 (Prop_carry4_DI[1]_O[2])
                                                      0.566    15.686 r  u_shared_mul/u_primary_mul/falcon_sum_carry__0_i_14/O[2]
                         net (fo=1, unplaced)         0.452    16.138    u_shared_mul/u_primary_mul/falcon_sum_carry__0_i_14_n_5
                         LUT5 (Prop_lut5_I0_O)        0.301    16.439 r  u_shared_mul/u_primary_mul/falcon_sum_carry__0_i_10/O
                         net (fo=4, unplaced)         0.663    17.102    u_shared_mul/u_primary_mul/accumulator67_in[7]
                         CARRY4 (Prop_carry4_DI[1]_O[2])
                                                      0.566    17.668 r  u_shared_mul/u_primary_mul/falcon_sum_carry__0_i_11/O[2]
                         net (fo=1, unplaced)         0.452    18.120    u_shared_mul/u_primary_mul/falcon_sum_carry__0_i_11_n_5
                         LUT5 (Prop_lut5_I0_O)        0.301    18.421 r  u_shared_mul/u_primary_mul/falcon_sum_carry__1_i_19/O
                         net (fo=4, unplaced)         0.663    19.084    u_shared_mul/u_primary_mul/accumulator64_in[8]
                         CARRY4 (Prop_carry4_DI[1]_O[2])
                                                      0.566    19.650 r  u_shared_mul/u_primary_mul/falcon_sum_carry__0_i_9/O[2]
                         net (fo=1, unplaced)         0.452    20.102    u_shared_mul/u_primary_mul/falcon_sum_carry__0_i_9_n_5
                         LUT5 (Prop_lut5_I0_O)        0.301    20.403 r  u_shared_mul/u_primary_mul/falcon_sum_carry__1_i_16/O
                         net (fo=4, unplaced)         0.663    21.066    u_shared_mul/u_primary_mul/accumulator61_in[9]
                         CARRY4 (Prop_carry4_DI[1]_O[2])
                                                      0.566    21.632 r  u_shared_mul/u_primary_mul/falcon_sum_carry__1_i_17/O[2]
                         net (fo=1, unplaced)         0.452    22.084    u_shared_mul/u_primary_mul/falcon_sum_carry__1_i_17_n_5
                         LUT5 (Prop_lut5_I0_O)        0.301    22.385 r  u_shared_mul/u_primary_mul/falcon_sum_carry__1_i_38/O
                         net (fo=3, unplaced)         0.657    23.042    u_shared_mul/u_primary_mul/accumulator58_in[10]
                         CARRY4 (Prop_carry4_DI[1]_O[2])
                                                      0.566    23.608 r  u_shared_mul/u_primary_mul/falcon_sum_carry__1_i_15/O[2]
                         net (fo=1, unplaced)         0.452    24.060    u_shared_mul/u_primary_mul/falcon_sum_carry__1_i_15_n_5
                         LUT5 (Prop_lut5_I0_O)        0.301    24.361 r  u_shared_mul/u_primary_mul/falcon_sum_carry__1_i_30/O
                         net (fo=3, unplaced)         0.657    25.018    u_shared_mul/u_primary_mul/accumulator55_in[11]
                         CARRY4 (Prop_carry4_DI[1]_O[2])
                                                      0.566    25.584 r  u_shared_mul/u_primary_mul/falcon_sum_carry__1_i_12/O[2]
                         net (fo=1, unplaced)         0.452    26.036    u_shared_mul/u_primary_mul/falcon_sum_carry__1_i_12_n_5
                         LUT5 (Prop_lut5_I0_O)        0.301    26.337 r  u_shared_mul/u_primary_mul/falcon_sum_carry__1_i_22/O
                         net (fo=3, unplaced)         0.657    26.994    u_shared_mul/u_primary_mul/accumulator52_in[12]
                         CARRY4 (Prop_carry4_DI[1]_O[2])
                                                      0.566    27.560 r  u_shared_mul/u_primary_mul/falcon_sum_carry__1_i_9/O[2]
                         net (fo=2, unplaced)         0.463    28.023    u_shared_mul/u_primary_mul/falcon_sum_carry__1_i_9_n_5
                         LUT6 (Prop_lut6_I0_O)        0.301    28.324 r  u_shared_mul/u_primary_mul/falcon_sum_carry__2_i_16/O
                         net (fo=4, unplaced)         0.663    28.987    u_shared_mul/u_primary_mul/accumulator49_in[13]
                         CARRY4 (Prop_carry4_DI[1]_O[2])
                                                      0.566    29.553 r  u_shared_mul/u_primary_mul/falcon_sum_carry__2_i_17/O[2]
                         net (fo=1, unplaced)         0.452    30.005    u_shared_mul/u_primary_mul/falcon_sum_carry__2_i_17_n_5
                         LUT6 (Prop_lut6_I0_O)        0.301    30.306 r  u_shared_mul/u_primary_mul/falcon_sum_carry__2_i_13/O
                         net (fo=4, unplaced)         0.663    30.969    u_shared_mul/u_primary_mul/accumulator46_in[14]
                         CARRY4 (Prop_carry4_DI[1]_O[2])
                                                      0.566    31.535 r  u_shared_mul/u_primary_mul/falcon_sum_carry__2_i_14/O[2]
                         net (fo=1, unplaced)         0.452    31.987    u_shared_mul/u_primary_mul/falcon_sum_carry__2_i_14_n_5
                         LUT6 (Prop_lut6_I0_O)        0.301    32.288 r  u_shared_mul/u_primary_mul/falcon_sum_carry__2_i_31/O
                         net (fo=3, unplaced)         0.657    32.945    u_shared_mul/u_primary_mul/accumulator43_in[15]
                         CARRY4 (Prop_carry4_DI[1]_O[2])
                                                      0.566    33.511 r  u_shared_mul/u_primary_mul/falcon_sum_carry__2_i_12/O[2]
                         net (fo=1, unplaced)         0.452    33.963    u_shared_mul/u_primary_mul/falcon_sum_carry__2_i_12_n_5
                         LUT6 (Prop_lut6_I0_O)        0.301    34.264 r  u_shared_mul/u_primary_mul/falcon_sum_carry__3_i_17/O
                         net (fo=6, unplaced)         0.671    34.935    u_shared_mul/u_primary_mul/accumulator40_in[16]
                         CARRY4 (Prop_carry4_DI[1]_O[2])
                                                      0.566    35.501 r  u_shared_mul/u_primary_mul/falcon_sum_carry__2_i_9/O[2]
                         net (fo=1, unplaced)         0.452    35.953    u_shared_mul/u_primary_mul/falcon_sum_carry__2_i_9_n_5
                         LUT5 (Prop_lut5_I0_O)        0.301    36.254 r  u_shared_mul/u_primary_mul/falcon_sum_carry__3_i_50/O
                         net (fo=3, unplaced)         0.657    36.911    u_shared_mul/u_primary_mul/accumulator37_in[17]
                         CARRY4 (Prop_carry4_DI[1]_O[2])
                                                      0.566    37.477 r  u_shared_mul/u_primary_mul/falcon_sum_carry__3_i_16/O[2]
                         net (fo=1, unplaced)         0.452    37.929    u_shared_mul/u_primary_mul/falcon_sum_carry__3_i_16_n_5
                         LUT6 (Prop_lut6_I2_O)        0.301    38.230 r  u_shared_mul/u_primary_mul/falcon_sum_carry__3_i_12/O
                         net (fo=4, unplaced)         0.663    38.893    u_shared_mul/u_primary_mul/accumulator34_in[18]
                         CARRY4 (Prop_carry4_DI[1]_O[2])
                                                      0.566    39.459 r  u_shared_mul/u_primary_mul/falcon_sum_carry__3_i_13/O[2]
                         net (fo=1, unplaced)         0.452    39.911    u_shared_mul/u_primary_mul/falcon_sum_carry__3_i_13_n_5
                         LUT6 (Prop_lut6_I0_O)        0.301    40.212 r  u_shared_mul/u_primary_mul/falcon_sum_carry__3_i_10/O
                         net (fo=4, unplaced)         0.663    40.875    u_shared_mul/u_primary_mul/accumulator31_in[19]
                         CARRY4 (Prop_carry4_DI[1]_O[2])
                                                      0.566    41.441 r  u_shared_mul/u_primary_mul/falcon_sum_carry__3_i_11/O[2]
                         net (fo=1, unplaced)         0.452    41.893    u_shared_mul/u_primary_mul/falcon_sum_carry__3_i_11_n_5
                         LUT5 (Prop_lut5_I0_O)        0.301    42.194 r  u_shared_mul/u_primary_mul/falcon_sum_carry__3_i_20/O
                         net (fo=3, unplaced)         0.657    42.851    u_shared_mul/u_primary_mul/accumulator28_in[20]
                         CARRY4 (Prop_carry4_DI[1]_O[2])
                                                      0.566    43.417 r  u_shared_mul/u_primary_mul/falcon_sum_carry__3_i_9/O[2]
                         net (fo=1, unplaced)         0.452    43.869    u_shared_mul/u_primary_mul/falcon_sum_carry__3_i_9_n_5
                         LUT6 (Prop_lut6_I0_O)        0.301    44.170 r  u_shared_mul/u_primary_mul/falcon_sum_carry__4_i_16/O
                         net (fo=4, unplaced)         0.663    44.833    u_shared_mul/u_primary_mul/accumulator25_in[21]
                         CARRY4 (Prop_carry4_DI[1]_O[2])
                                                      0.566    45.399 r  u_shared_mul/u_primary_mul/falcon_sum_carry__4_i_17/O[2]
                         net (fo=1, unplaced)         0.452    45.851    u_shared_mul/u_primary_mul/falcon_sum_carry__4_i_17_n_5
                         LUT5 (Prop_lut5_I0_O)        0.301    46.152 r  u_shared_mul/u_primary_mul/falcon_sum_carry__4_i_42/O
                         net (fo=3, unplaced)         0.657    46.809    u_shared_mul/u_primary_mul/accumulator22_in[22]
                         CARRY4 (Prop_carry4_DI[1]_O[2])
                                                      0.566    47.375 r  u_shared_mul/u_primary_mul/falcon_sum_carry__4_i_15/O[2]
                         net (fo=1, unplaced)         0.452    47.827    u_shared_mul/u_primary_mul/falcon_sum_carry__4_i_15_n_5
                         LUT6 (Prop_lut6_I0_O)        0.301    48.128 r  u_shared_mul/u_primary_mul/falcon_sum_carry__4_i_30/O
                         net (fo=3, unplaced)         0.657    48.785    u_shared_mul/u_primary_mul/accumulator19_in[23]
                         CARRY4 (Prop_carry4_DI[1]_O[2])
                                                      0.566    49.351 r  u_shared_mul/u_primary_mul/falcon_sum_carry__4_i_12/O[2]
                         net (fo=1, unplaced)         0.452    49.803    u_shared_mul/u_primary_mul/falcon_sum_carry__4_i_12_n_5
                         LUT6 (Prop_lut6_I0_O)        0.301    50.104 r  u_shared_mul/u_primary_mul/falcon_sum_carry__5_i_18/O
                         net (fo=4, unplaced)         0.663    50.767    u_shared_mul/u_primary_mul/accumulator16_in[24]
                         CARRY4 (Prop_carry4_DI[1]_O[2])
                                                      0.566    51.333 r  u_shared_mul/u_primary_mul/falcon_sum_carry__4_i_9/O[2]
                         net (fo=1, unplaced)         0.452    51.785    u_shared_mul/u_primary_mul/falcon_sum_carry__4_i_9_n_5
                         LUT6 (Prop_lut6_I0_O)        0.301    52.086 r  u_shared_mul/u_primary_mul/falcon_sum_carry__5_i_45/O
                         net (fo=3, unplaced)         0.657    52.743    u_shared_mul/u_primary_mul/accumulator13_in[25]
                         CARRY4 (Prop_carry4_DI[1]_O[2])
                                                      0.566    53.309 r  u_shared_mul/u_primary_mul/falcon_sum_carry__5_i_17/O[2]
                         net (fo=1, unplaced)         0.452    53.761    u_shared_mul/u_primary_mul/falcon_sum_carry__5_i_17_n_5
                         LUT6 (Prop_lut6_I0_O)        0.301    54.062 r  u_shared_mul/u_primary_mul/falcon_sum_carry__5_i_13/O
                         net (fo=6, unplaced)         0.671    54.733    u_shared_mul/u_primary_mul/accumulator10_in[26]
                         CARRY4 (Prop_carry4_DI[1]_O[2])
                                                      0.566    55.299 r  u_shared_mul/u_primary_mul/falcon_sum_carry__5_i_14/O[2]
                         net (fo=1, unplaced)         0.452    55.751    u_shared_mul/u_primary_mul/falcon_sum_carry__5_i_14_n_5
                         LUT5 (Prop_lut5_I0_O)        0.301    56.052 r  u_shared_mul/u_primary_mul/falcon_sum_carry__5_i_28/O
                         net (fo=3, unplaced)         0.657    56.709    u_shared_mul/u_primary_mul/accumulator7_in[27]
                         CARRY4 (Prop_carry4_DI[1]_O[2])
                                                      0.566    57.275 r  u_shared_mul/u_primary_mul/falcon_sum_carry__5_i_12/O[2]
                         net (fo=1, unplaced)         0.452    57.727    u_shared_mul/u_primary_mul/falcon_sum_carry__5_i_12_n_5
                         LUT5 (Prop_lut5_I0_O)        0.301    58.028 r  u_shared_mul/u_primary_mul/falcon_sum_carry__5_i_19/O
                         net (fo=3, unplaced)         0.657    58.685    u_shared_mul/u_primary_mul/accumulator4_in[28]
                         CARRY4 (Prop_carry4_DI[1]_O[2])
                                                      0.566    59.251 r  u_shared_mul/u_primary_mul/falcon_sum_carry__5_i_9/O[2]
                         net (fo=1, unplaced)         0.452    59.703    u_shared_mul/u_primary_mul/falcon_sum_carry__5_i_9_n_5
                         LUT6 (Prop_lut6_I0_O)        0.301    60.004 r  u_shared_mul/u_primary_mul/falcon_sum_carry__6_i_30/O
                         net (fo=3, unplaced)         0.657    60.661    u_shared_mul/u_primary_mul/accumulator1_in[29]
                         CARRY4 (Prop_carry4_DI[1]_O[2])
                                                      0.566    61.227 r  u_shared_mul/u_primary_mul/falcon_sum_carry__6_i_15/O[2]
                         net (fo=1, unplaced)         0.452    61.679    u_shared_mul/u_primary_mul/falcon_sum_carry__6_i_15_n_5
                         LUT6 (Prop_lut6_I4_O)        0.301    61.980 r  u_shared_mul/u_primary_mul/falcon_sum_carry__6_i_22/O
                         net (fo=1, unplaced)         0.000    61.980    u_shared_mul/u_primary_mul/falcon_sum_carry__6_i_22_n_0
                         CARRY4 (Prop_carry4_S[1]_O[2])
                                                      0.578    62.558 r  u_shared_mul/u_primary_mul/falcon_sum_carry__6_i_8/O[2]
                         net (fo=3, unplaced)         0.470    63.028    u_shared_mul/u_primary_mul/falcon_sum_carry__6_i_8_n_5
                         LUT6 (Prop_lut6_I5_O)        0.301    63.329 r  u_shared_mul/u_primary_mul/result_hi_o[2]_INST_0_i_12/O
                         net (fo=1, unplaced)         0.000    63.329    u_shared_mul/u_primary_mul/result_hi_o[2]_INST_0_i_12_n_0
                         CARRY4 (Prop_carry4_S[0]_O[0])
                                                      0.252    63.581 r  u_shared_mul/u_primary_mul/result_hi_o[2]_INST_0_i_3/O[0]
                         net (fo=3, unplaced)         0.329    63.910    u_shared_mul/u_primary_mul/result_hi_o[2]_INST_0_i_3_n_7
                         LUT5 (Prop_lut5_I0_O)        0.295    64.205 r  u_shared_mul/u_primary_mul/stage_a_result_i_25/O
                         net (fo=7, unplaced)         0.484    64.689    u_shared_mul/u_primary_mul/full_prod[31]
                         LUT3 (Prop_lut3_I0_O)        0.124    64.813 r  u_shared_mul/u_primary_mul/stage_a_result_i_7/O
                         net (fo=1, unplaced)         0.800    65.613    u_shared_mul/stage_a_op1[31]
                         DSP48E1 (Prop_dsp48e1_A[14]_P[0])
                                                      3.841    69.454 r  u_shared_mul/stage_a_result/P[0]
                         net (fo=1, unplaced)         0.800    70.253    u_shared_mul/stage_a_result_n_105
                         LUT2 (Prop_lut2_I1_O)        0.124    70.377 r  u_shared_mul/stage_a_result_carry_i_3/O
                         net (fo=1, unplaced)         0.000    70.377    u_shared_mul/stage_a_result_carry_i_3_n_0
                         CARRY4 (Prop_carry4_S[1]_CO[3])
                                                      0.533    70.910 r  u_shared_mul/stage_a_result_carry/CO[3]
                         net (fo=1, unplaced)         0.009    70.919    u_shared_mul/stage_a_result_carry_n_0
                         CARRY4 (Prop_carry4_CI_CO[3])
                                                      0.117    71.036 r  u_shared_mul/stage_a_result_carry__0/CO[3]
                         net (fo=1, unplaced)         0.000    71.036    u_shared_mul/stage_a_result_carry__0_n_0
                         CARRY4 (Prop_carry4_CI_CO[3])
                                                      0.117    71.153 r  u_shared_mul/stage_a_result_carry__1/CO[3]
                         net (fo=1, unplaced)         0.000    71.153    u_shared_mul/stage_a_result_carry__1_n_0
                         CARRY4 (Prop_carry4_CI_O[3])
                                                      0.331    71.484 r  u_shared_mul/stage_a_result_carry__2/O[3]
                         net (fo=2, unplaced)         0.629    72.113    u_shared_mul/stage_a_result__2__0[31]
                         LUT5 (Prop_lut5_I2_O)        0.307    72.420 r  u_shared_mul/modp_tp_i_1/O
                         net (fo=2, unplaced)         0.800    73.220    u_shared_mul/p_1_in[31]
                         DSP48E1 (Prop_dsp48e1_B[14]_PCOUT[47])
                                                      3.851    77.071 r  u_shared_mul/modp_tp/PCOUT[47]
                         net (fo=1, unplaced)         0.055    77.126    u_shared_mul/modp_tp_n_106
                         DSP48E1 (Prop_dsp48e1_PCIN[47]_P[3])
                                                      1.518    78.644 r  u_shared_mul/modp_tp__0/P[3]
                         net (fo=1, unplaced)         0.800    79.444    u_shared_mul/modp_tp__0_n_102
                         LUT2 (Prop_lut2_I1_O)        0.124    79.568 r  u_shared_mul/modp_tp_carry__4_i_3/O
                         net (fo=1, unplaced)         0.000    79.568    u_shared_mul/modp_tp_carry__4_i_3_n_0
                         CARRY4 (Prop_carry4_S[1]_CO[3])
                                                      0.533    80.101 r  u_shared_mul/modp_tp_carry__4/CO[3]
                         net (fo=1, unplaced)         0.000    80.101    u_shared_mul/modp_tp_carry__4_n_0
                         CARRY4 (Prop_carry4_CI_CO[3])
                                                      0.117    80.218 r  u_shared_mul/modp_tp_carry__5/CO[3]
                         net (fo=1, unplaced)         0.000    80.218    u_shared_mul/modp_tp_carry__5_n_0
                         CARRY4 (Prop_carry4_CI_CO[3])
                                                      0.117    80.335 r  u_shared_mul/modp_tp_carry__6/CO[3]
                         net (fo=1, unplaced)         0.000    80.335    u_shared_mul/modp_tp_carry__6_n_0
                         CARRY4 (Prop_carry4_CI_O[1])
                                                      0.337    80.672 r  u_shared_mul/modp_tp_carry__7/O[1]
                         net (fo=1, unplaced)         0.611    81.283    u_shared_mul/modp_tp__3__0[49]
                         LUT2 (Prop_lut2_I1_O)        0.306    81.589 r  u_shared_mul/modp_sub_carry__3_i_12/O
                         net (fo=1, unplaced)         0.000    81.589    u_shared_mul/u_primary_mul/modp_sub_carry__3[1]
                         CARRY4 (Prop_carry4_S[1]_CO[3])
                                                      0.533    82.122 r  u_shared_mul/u_primary_mul/modp_sub_carry__3_i_1/CO[3]
                         net (fo=1, unplaced)         0.000    82.122    u_shared_mul/u_primary_mul/modp_sub_carry__3_i_1_n_0
                         CARRY4 (Prop_carry4_CI_O[3])
                                                      0.331    82.453 r  u_shared_mul/u_primary_mul/modp_sub_carry__4_i_1/O[3]
                         net (fo=2, unplaced)         0.629    83.082    u_shared_mul/u_primary_mul/modp_tp__2[24]
                         LUT2 (Prop_lut2_I0_O)        0.307    83.389 r  u_shared_mul/u_primary_mul/modp_sub_carry__5_i_5/O
                         net (fo=1, unplaced)         0.000    83.389    u_shared_mul/u_primary_mul_n_502
                         CARRY4 (Prop_carry4_S[0]_CO[3])
                                                      0.513    83.902 r  u_shared_mul/modp_sub_carry__5/CO[3]
                         net (fo=1, unplaced)         0.000    83.902    u_shared_mul/modp_sub_carry__5_n_0
                         CARRY4 (Prop_carry4_CI_O[3])
                                                      0.331    84.233 r  u_shared_mul/modp_sub_carry__6/O[3]
                         net (fo=32, unplaced)        0.689    84.922    u_shared_mul/u_primary_mul/modp_final_carry__6[3]
                         LUT3 (Prop_lut3_I2_O)        0.307    85.229 r  u_shared_mul/u_primary_mul/modp_final_carry_i_3/O
                         net (fo=1, unplaced)         0.000    85.229    u_shared_mul/u_primary_mul_n_405
                         CARRY4 (Prop_carry4_S[1]_CO[3])
                                                      0.533    85.762 r  u_shared_mul/modp_final_carry/CO[3]
                         net (fo=1, unplaced)         0.009    85.771    u_shared_mul/modp_final_carry_n_0
                         CARRY4 (Prop_carry4_CI_O[3])
                                                      0.331    86.102 f  u_shared_mul/modp_final_carry__0/O[3]
                         net (fo=1, unplaced)         0.618    86.720    u_shared_mul/u_primary_mul/data4[7]
                         LUT6 (Prop_lut6_I5_O)        0.307    87.027 r  u_shared_mul/u_primary_mul/result_o[7]_INST_0_i_24/O
                         net (fo=1, unplaced)         0.449    87.476    u_shared_mul/u_primary_mul/result_o[7]_INST_0_i_24_n_0
                         LUT6 (Prop_lut6_I5_O)        0.124    87.600 r  u_shared_mul/u_primary_mul/result_o[7]_INST_0_i_9/O
                         net (fo=17, unplaced)        0.505    88.105    u_shared_mul/u_primary_mul/aD2M4dsP[7]
                         LUT2 (Prop_lut2_I1_O)        0.124    88.229 r  u_shared_mul/u_primary_mul/result_o[27]_INST_0_i_81/O
                         net (fo=1, unplaced)         0.000    88.229    u_shared_mul/u_primary_mul/result_o[27]_INST_0_i_81_n_0
                         CARRY4 (Prop_carry4_S[3]_CO[3])
                                                      0.376    88.605 r  u_shared_mul/u_primary_mul/result_o[27]_INST_0_i_35/CO[3]
                         net (fo=1, unplaced)         0.000    88.605    u_shared_mul/u_primary_mul/result_o[27]_INST_0_i_35_n_0
                         CARRY4 (Prop_carry4_CI_CO[3])
                                                      0.117    88.722 r  u_shared_mul/u_primary_mul/result_o[27]_INST_0_i_15/CO[3]
                         net (fo=1, unplaced)         0.000    88.722    u_shared_mul/u_primary_mul/result_o[27]_INST_0_i_15_n_0
                         CARRY4 (Prop_carry4_CI_CO[3])
                                                      0.117    88.839 r  u_shared_mul/u_primary_mul/result_o[31]_INST_0_i_46/CO[3]
                         net (fo=1, unplaced)         0.000    88.839    u_shared_mul/u_primary_mul/result_o[31]_INST_0_i_46_n_0
                         CARRY4 (Prop_carry4_CI_CO[0])
                                                      0.281    89.120 r  u_shared_mul/u_primary_mul/result_o[31]_INST_0_i_47/CO[0]
                         net (fo=6, unplaced)         0.343    89.463    u_shared_mul/u_primary_mul/result_o[31]_INST_0_i_47_n_3
                         LUT2 (Prop_lut2_I1_O)        0.367    89.830 r  u_shared_mul/u_primary_mul/result_o[19]_INST_0_i_26/O
                         net (fo=1, unplaced)         0.000    89.830    u_shared_mul/u_primary_mul/result_o[19]_INST_0_i_26_n_0
                         CARRY4 (Prop_carry4_S[0]_CO[3])
                                                      0.513    90.343 r  u_shared_mul/u_primary_mul/result_o[19]_INST_0_i_11/CO[3]
                         net (fo=1, unplaced)         0.009    90.352    u_shared_mul/u_primary_mul/result_o[19]_INST_0_i_11_n_0
                         CARRY4 (Prop_carry4_CI_CO[3])
                                                      0.117    90.469 r  u_shared_mul/u_primary_mul/result_o[27]_INST_0_i_14/CO[3]
                         net (fo=1, unplaced)         0.000    90.469    u_shared_mul/u_primary_mul/result_o[27]_INST_0_i_14_n_0
                         CARRY4 (Prop_carry4_CI_O[2])
                                                      0.256    90.725 r  u_shared_mul/u_primary_mul/result_o[27]_INST_0_i_5/O[2]
                         net (fo=1, unplaced)         0.452    91.177    u_shared_mul/u_primary_mul/result_o0[10]
                         LUT6 (Prop_lut6_I4_O)        0.301    91.478 r  u_shared_mul/u_primary_mul/result_o[26]_INST_0_i_8/O
                         net (fo=1, unplaced)         0.449    91.927    u_shared_mul/u_primary_mul/result_o[26]_INST_0_i_8_n_0
                         LUT6 (Prop_lut6_I5_O)        0.124    92.051 r  u_shared_mul/u_primary_mul/result_o[26]_INST_0_i_1/O
                         net (fo=1, unplaced)         0.449    92.500    u_shared_mul/u_primary_mul/result_o[26]_INST_0_i_1_n_0
                         LUT6 (Prop_lut6_I0_O)        0.124    92.624 r  u_shared_mul/u_primary_mul/result_o[26]_INST_0/O
                         net (fo=0)                   0.973    93.597    result_o[26]
                                                                      r  result_o[26] (OUT)
  -------------------------------------------------------------------    -------------------

                         max delay                   20.000    20.000    
                         clock pessimism              0.000    20.000    
                         output delay                -0.000    20.000    
  -------------------------------------------------------------------
                         required time                         20.000    
                         arrival time                         -93.597    
  -------------------------------------------------------------------
                         slack                                -73.597    

Slack (VIOLATED) :        -73.554ns  (required time - arrival time)
  Source:                 multiplier_tree1_i[0]
                            (input port)
  Destination:            result_o[10]
  Path Group:             **default**
  Path Type:              Max at Slow Process Corner
  Requirement:            20.000ns  (MaxDelay Path 20.000ns)
  Data Path Delay:        93.554ns  (logic 47.314ns (50.574%)  route 46.240ns (49.426%))
  Logic Levels:           107  (CARRY4=54 DSP48E1=3 LUT2=7 LUT3=5 LUT4=1 LUT5=17 LUT6=20)
  Output Delay:           0.000ns
  Timing Exception:       MaxDelay Path 20.000ns

    Location             Delay type                Incr(ns)  Path(ns)    Netlist Resource(s)
  -------------------------------------------------------------------    -------------------
                                                      0.000     0.000 r  multiplier_tree1_i[0] (IN)
                         net (fo=40, unset)           0.973     0.973    u_shared_mul/u_primary_mul/multiplier_tree1_i[0]
                         LUT4 (Prop_lut4_I2_O)        0.150     1.123 r  u_shared_mul/u_primary_mul/result_o[12]_INST_0_i_118/O
                         net (fo=1, unplaced)         0.000     1.123    u_shared_mul/u_primary_mul/result_o[12]_INST_0_i_118_n_0
                         CARRY4 (Prop_carry4_DI[0]_CO[3])
                                                      0.576     1.699 r  u_shared_mul/u_primary_mul/result_o[12]_INST_0_i_90/CO[3]
                         net (fo=1, unplaced)         0.009     1.708    u_shared_mul/u_primary_mul/result_o[12]_INST_0_i_90_n_0
                         CARRY4 (Prop_carry4_CI_CO[3])
                                                      0.117     1.825 r  u_shared_mul/u_primary_mul/result_o[12]_INST_0_i_79/CO[3]
                         net (fo=9, unplaced)         0.959     2.784    u_shared_mul/u_primary_mul/mul_op_b2
                         LUT3 (Prop_lut3_I0_O)        0.124     2.908 r  u_shared_mul/u_primary_mul/result_o[1]_INST_0_i_46/O
                         net (fo=1, unplaced)         0.000     2.908    u_shared_mul/u_primary_mul/result_o[1]_INST_0_i_46_n_0
                         CARRY4 (Prop_carry4_S[0]_O[1])
                                                      0.427     3.335 r  u_shared_mul/u_primary_mul/result_o[1]_INST_0_i_24/O[1]
                         net (fo=1, unplaced)         0.312     3.647    u_shared_mul/u_primary_mul/data2[1]
                         LUT3 (Prop_lut3_I2_O)        0.298     3.945 f  u_shared_mul/u_primary_mul/falcon_sum_carry_i_36/O
                         net (fo=1, unplaced)         0.449     4.394    u_shared_mul/u_primary_mul/falcon_sum_carry_i_36_n_0
                         LUT6 (Prop_lut6_I2_O)        0.124     4.518 r  u_shared_mul/u_primary_mul/falcon_sum_carry_i_15/O
                         net (fo=98, unplaced)        0.548     5.066    u_shared_mul/u_primary_mul/insn_i[6]_13
                         LUT2 (Prop_lut2_I0_O)        0.117     5.183 r  u_shared_mul/u_primary_mul/difference_carry_i_17/O
                         net (fo=1, unplaced)         0.000     5.183    u_shared_mul/u_primary_mul/partial_products85_in[1]
                         CARRY4 (Prop_carry4_DI[1]_O[2])
                                                      0.593     5.776 r  u_shared_mul/u_primary_mul/difference_carry_i_12/O[2]
                         net (fo=1, unplaced)         0.452     6.228    u_shared_mul/u_primary_mul/difference_carry_i_12_n_5
                         LUT6 (Prop_lut6_I0_O)        0.301     6.529 r  u_shared_mul/u_primary_mul/falcon_sum_carry_i_13/O
                         net (fo=4, unplaced)         0.663     7.192    u_shared_mul/u_primary_mul/accumulator82_in[2]
                         CARRY4 (Prop_carry4_DI[1]_O[2])
                                                      0.566     7.758 r  u_shared_mul/u_primary_mul/falcon_sum_carry_i_14/O[2]
                         net (fo=1, unplaced)         0.452     8.210    u_shared_mul/u_primary_mul/falcon_sum_carry_i_14_n_5
                         LUT5 (Prop_lut5_I0_O)        0.301     8.511 r  u_shared_mul/u_primary_mul/falcon_sum_carry_i_11/O
                         net (fo=4, unplaced)         0.663     9.174    u_shared_mul/u_primary_mul/accumulator79_in[3]
                         CARRY4 (Prop_carry4_DI[1]_O[2])
                                                      0.566     9.740 r  u_shared_mul/u_primary_mul/falcon_sum_carry_i_12/O[2]
                         net (fo=1, unplaced)         0.452    10.192    u_shared_mul/u_primary_mul/falcon_sum_carry_i_12_n_5
                         LUT5 (Prop_lut5_I0_O)        0.301    10.493 r  u_shared_mul/u_primary_mul/falcon_sum_carry__0_i_18/O
                         net (fo=4, unplaced)         0.663    11.156    u_shared_mul/u_primary_mul/accumulator76_in[4]
                         CARRY4 (Prop_carry4_DI[1]_O[2])
                                                      0.566    11.722 r  u_shared_mul/u_primary_mul/falcon_sum_carry_i_9/O[2]
                         net (fo=1, unplaced)         0.452    12.174    u_shared_mul/u_primary_mul/falcon_sum_carry_i_9_n_5
                         LUT5 (Prop_lut5_I0_O)        0.301    12.475 r  u_shared_mul/u_primary_mul/falcon_sum_carry__0_i_15/O
                         net (fo=4, unplaced)         0.663    13.138    u_shared_mul/u_primary_mul/accumulator73_in[5]
                         CARRY4 (Prop_carry4_DI[1]_O[2])
                                                      0.566    13.704 r  u_shared_mul/u_primary_mul/falcon_sum_carry__0_i_16/O[2]
                         net (fo=1, unplaced)         0.452    14.156    u_shared_mul/u_primary_mul/falcon_sum_carry__0_i_16_n_5
                         LUT5 (Prop_lut5_I0_O)        0.301    14.457 r  u_shared_mul/u_primary_mul/falcon_sum_carry__0_i_13/O
                         net (fo=4, unplaced)         0.663    15.120    u_shared_mul/u_primary_mul/accumulator70_in[6]
                         CARRY4 (Prop_carry4_DI[1]_O[2])
                                                      0.566    15.686 r  u_shared_mul/u_primary_mul/falcon_sum_carry__0_i_14/O[2]
                         net (fo=1, unplaced)         0.452    16.138    u_shared_mul/u_primary_mul/falcon_sum_carry__0_i_14_n_5
                         LUT5 (Prop_lut5_I0_O)        0.301    16.439 r  u_shared_mul/u_primary_mul/falcon_sum_carry__0_i_10/O
                         net (fo=4, unplaced)         0.663    17.102    u_shared_mul/u_primary_mul/accumulator67_in[7]
                         CARRY4 (Prop_carry4_DI[1]_O[2])
                                                      0.566    17.668 r  u_shared_mul/u_primary_mul/falcon_sum_carry__0_i_11/O[2]
                         net (fo=1, unplaced)         0.452    18.120    u_shared_mul/u_primary_mul/falcon_sum_carry__0_i_11_n_5
                         LUT5 (Prop_lut5_I0_O)        0.301    18.421 r  u_shared_mul/u_primary_mul/falcon_sum_carry__1_i_19/O
                         net (fo=4, unplaced)         0.663    19.084    u_shared_mul/u_primary_mul/accumulator64_in[8]
                         CARRY4 (Prop_carry4_DI[1]_O[2])
                                                      0.566    19.650 r  u_shared_mul/u_primary_mul/falcon_sum_carry__0_i_9/O[2]
                         net (fo=1, unplaced)         0.452    20.102    u_shared_mul/u_primary_mul/falcon_sum_carry__0_i_9_n_5
                         LUT5 (Prop_lut5_I0_O)        0.301    20.403 r  u_shared_mul/u_primary_mul/falcon_sum_carry__1_i_16/O
                         net (fo=4, unplaced)         0.663    21.066    u_shared_mul/u_primary_mul/accumulator61_in[9]
                         CARRY4 (Prop_carry4_DI[1]_O[2])
                                                      0.566    21.632 r  u_shared_mul/u_primary_mul/falcon_sum_carry__1_i_17/O[2]
                         net (fo=1, unplaced)         0.452    22.084    u_shared_mul/u_primary_mul/falcon_sum_carry__1_i_17_n_5
                         LUT5 (Prop_lut5_I0_O)        0.301    22.385 r  u_shared_mul/u_primary_mul/falcon_sum_carry__1_i_38/O
                         net (fo=3, unplaced)         0.657    23.042    u_shared_mul/u_primary_mul/accumulator58_in[10]
                         CARRY4 (Prop_carry4_DI[1]_O[2])
                                                      0.566    23.608 r  u_shared_mul/u_primary_mul/falcon_sum_carry__1_i_15/O[2]
                         net (fo=1, unplaced)         0.452    24.060    u_shared_mul/u_primary_mul/falcon_sum_carry__1_i_15_n_5
                         LUT5 (Prop_lut5_I0_O)        0.301    24.361 r  u_shared_mul/u_primary_mul/falcon_sum_carry__1_i_30/O
                         net (fo=3, unplaced)         0.657    25.018    u_shared_mul/u_primary_mul/accumulator55_in[11]
                         CARRY4 (Prop_carry4_DI[1]_O[2])
                                                      0.566    25.584 r  u_shared_mul/u_primary_mul/falcon_sum_carry__1_i_12/O[2]
                         net (fo=1, unplaced)         0.452    26.036    u_shared_mul/u_primary_mul/falcon_sum_carry__1_i_12_n_5
                         LUT5 (Prop_lut5_I0_O)        0.301    26.337 r  u_shared_mul/u_primary_mul/falcon_sum_carry__1_i_22/O
                         net (fo=3, unplaced)         0.657    26.994    u_shared_mul/u_primary_mul/accumulator52_in[12]
                         CARRY4 (Prop_carry4_DI[1]_O[2])
                                                      0.566    27.560 r  u_shared_mul/u_primary_mul/falcon_sum_carry__1_i_9/O[2]
                         net (fo=2, unplaced)         0.463    28.023    u_shared_mul/u_primary_mul/falcon_sum_carry__1_i_9_n_5
                         LUT6 (Prop_lut6_I0_O)        0.301    28.324 r  u_shared_mul/u_primary_mul/falcon_sum_carry__2_i_16/O
                         net (fo=4, unplaced)         0.663    28.987    u_shared_mul/u_primary_mul/accumulator49_in[13]
                         CARRY4 (Prop_carry4_DI[1]_O[2])
                                                      0.566    29.553 r  u_shared_mul/u_primary_mul/falcon_sum_carry__2_i_17/O[2]
                         net (fo=1, unplaced)         0.452    30.005    u_shared_mul/u_primary_mul/falcon_sum_carry__2_i_17_n_5
                         LUT6 (Prop_lut6_I0_O)        0.301    30.306 r  u_shared_mul/u_primary_mul/falcon_sum_carry__2_i_13/O
                         net (fo=4, unplaced)         0.663    30.969    u_shared_mul/u_primary_mul/accumulator46_in[14]
                         CARRY4 (Prop_carry4_DI[1]_O[2])
                                                      0.566    31.535 r  u_shared_mul/u_primary_mul/falcon_sum_carry__2_i_14/O[2]
                         net (fo=1, unplaced)         0.452    31.987    u_shared_mul/u_primary_mul/falcon_sum_carry__2_i_14_n_5
                         LUT6 (Prop_lut6_I0_O)        0.301    32.288 r  u_shared_mul/u_primary_mul/falcon_sum_carry__2_i_31/O
                         net (fo=3, unplaced)         0.657    32.945    u_shared_mul/u_primary_mul/accumulator43_in[15]
                         CARRY4 (Prop_carry4_DI[1]_O[2])
                                                      0.566    33.511 r  u_shared_mul/u_primary_mul/falcon_sum_carry__2_i_12/O[2]
                         net (fo=1, unplaced)         0.452    33.963    u_shared_mul/u_primary_mul/falcon_sum_carry__2_i_12_n_5
                         LUT6 (Prop_lut6_I0_O)        0.301    34.264 r  u_shared_mul/u_primary_mul/falcon_sum_carry__3_i_17/O
                         net (fo=6, unplaced)         0.671    34.935    u_shared_mul/u_primary_mul/accumulator40_in[16]
                         CARRY4 (Prop_carry4_DI[1]_O[2])
                                                      0.566    35.501 r  u_shared_mul/u_primary_mul/falcon_sum_carry__2_i_9/O[2]
                         net (fo=1, unplaced)         0.452    35.953    u_shared_mul/u_primary_mul/falcon_sum_carry__2_i_9_n_5
                         LUT5 (Prop_lut5_I0_O)        0.301    36.254 r  u_shared_mul/u_primary_mul/falcon_sum_carry__3_i_50/O
                         net (fo=3, unplaced)         0.657    36.911    u_shared_mul/u_primary_mul/accumulator37_in[17]
                         CARRY4 (Prop_carry4_DI[1]_O[2])
                                                      0.566    37.477 r  u_shared_mul/u_primary_mul/falcon_sum_carry__3_i_16/O[2]
                         net (fo=1, unplaced)         0.452    37.929    u_shared_mul/u_primary_mul/falcon_sum_carry__3_i_16_n_5
                         LUT6 (Prop_lut6_I2_O)        0.301    38.230 r  u_shared_mul/u_primary_mul/falcon_sum_carry__3_i_12/O
                         net (fo=4, unplaced)         0.663    38.893    u_shared_mul/u_primary_mul/accumulator34_in[18]
                         CARRY4 (Prop_carry4_DI[1]_O[2])
                                                      0.566    39.459 r  u_shared_mul/u_primary_mul/falcon_sum_carry__3_i_13/O[2]
                         net (fo=1, unplaced)         0.452    39.911    u_shared_mul/u_primary_mul/falcon_sum_carry__3_i_13_n_5
                         LUT6 (Prop_lut6_I0_O)        0.301    40.212 r  u_shared_mul/u_primary_mul/falcon_sum_carry__3_i_10/O
                         net (fo=4, unplaced)         0.663    40.875    u_shared_mul/u_primary_mul/accumulator31_in[19]
                         CARRY4 (Prop_carry4_DI[1]_O[2])
                                                      0.566    41.441 r  u_shared_mul/u_primary_mul/falcon_sum_carry__3_i_11/O[2]
                         net (fo=1, unplaced)         0.452    41.893    u_shared_mul/u_primary_mul/falcon_sum_carry__3_i_11_n_5
                         LUT5 (Prop_lut5_I0_O)        0.301    42.194 r  u_shared_mul/u_primary_mul/falcon_sum_carry__3_i_20/O
                         net (fo=3, unplaced)         0.657    42.851    u_shared_mul/u_primary_mul/accumulator28_in[20]
                         CARRY4 (Prop_carry4_DI[1]_O[2])
                                                      0.566    43.417 r  u_shared_mul/u_primary_mul/falcon_sum_carry__3_i_9/O[2]
                         net (fo=1, unplaced)         0.452    43.869    u_shared_mul/u_primary_mul/falcon_sum_carry__3_i_9_n_5
                         LUT6 (Prop_lut6_I0_O)        0.301    44.170 r  u_shared_mul/u_primary_mul/falcon_sum_carry__4_i_16/O
                         net (fo=4, unplaced)         0.663    44.833    u_shared_mul/u_primary_mul/accumulator25_in[21]
                         CARRY4 (Prop_carry4_DI[1]_O[2])
                                                      0.566    45.399 r  u_shared_mul/u_primary_mul/falcon_sum_carry__4_i_17/O[2]
                         net (fo=1, unplaced)         0.452    45.851    u_shared_mul/u_primary_mul/falcon_sum_carry__4_i_17_n_5
                         LUT5 (Prop_lut5_I0_O)        0.301    46.152 r  u_shared_mul/u_primary_mul/falcon_sum_carry__4_i_42/O
                         net (fo=3, unplaced)         0.657    46.809    u_shared_mul/u_primary_mul/accumulator22_in[22]
                         CARRY4 (Prop_carry4_DI[1]_O[2])
                                                      0.566    47.375 r  u_shared_mul/u_primary_mul/falcon_sum_carry__4_i_15/O[2]
                         net (fo=1, unplaced)         0.452    47.827    u_shared_mul/u_primary_mul/falcon_sum_carry__4_i_15_n_5
                         LUT6 (Prop_lut6_I0_O)        0.301    48.128 r  u_shared_mul/u_primary_mul/falcon_sum_carry__4_i_30/O
                         net (fo=3, unplaced)         0.657    48.785    u_shared_mul/u_primary_mul/accumulator19_in[23]
                         CARRY4 (Prop_carry4_DI[1]_O[2])
                                                      0.566    49.351 r  u_shared_mul/u_primary_mul/falcon_sum_carry__4_i_12/O[2]
                         net (fo=1, unplaced)         0.452    49.803    u_shared_mul/u_primary_mul/falcon_sum_carry__4_i_12_n_5
                         LUT6 (Prop_lut6_I0_O)        0.301    50.104 r  u_shared_mul/u_primary_mul/falcon_sum_carry__5_i_18/O
                         net (fo=4, unplaced)         0.663    50.767    u_shared_mul/u_primary_mul/accumulator16_in[24]
                         CARRY4 (Prop_carry4_DI[1]_O[2])
                                                      0.566    51.333 r  u_shared_mul/u_primary_mul/falcon_sum_carry__4_i_9/O[2]
                         net (fo=1, unplaced)         0.452    51.785    u_shared_mul/u_primary_mul/falcon_sum_carry__4_i_9_n_5
                         LUT6 (Prop_lut6_I0_O)        0.301    52.086 r  u_shared_mul/u_primary_mul/falcon_sum_carry__5_i_45/O
                         net (fo=3, unplaced)         0.657    52.743    u_shared_mul/u_primary_mul/accumulator13_in[25]
                         CARRY4 (Prop_carry4_DI[1]_O[2])
                                                      0.566    53.309 r  u_shared_mul/u_primary_mul/falcon_sum_carry__5_i_17/O[2]
                         net (fo=1, unplaced)         0.452    53.761    u_shared_mul/u_primary_mul/falcon_sum_carry__5_i_17_n_5
                         LUT6 (Prop_lut6_I0_O)        0.301    54.062 r  u_shared_mul/u_primary_mul/falcon_sum_carry__5_i_13/O
                         net (fo=6, unplaced)         0.671    54.733    u_shared_mul/u_primary_mul/accumulator10_in[26]
                         CARRY4 (Prop_carry4_DI[1]_O[2])
                                                      0.566    55.299 r  u_shared_mul/u_primary_mul/falcon_sum_carry__5_i_14/O[2]
                         net (fo=1, unplaced)         0.452    55.751    u_shared_mul/u_primary_mul/falcon_sum_carry__5_i_14_n_5
                         LUT5 (Prop_lut5_I0_O)        0.301    56.052 r  u_shared_mul/u_primary_mul/falcon_sum_carry__5_i_28/O
                         net (fo=3, unplaced)         0.657    56.709    u_shared_mul/u_primary_mul/accumulator7_in[27]
                         CARRY4 (Prop_carry4_DI[1]_O[2])
                                                      0.566    57.275 r  u_shared_mul/u_primary_mul/falcon_sum_carry__5_i_12/O[2]
                         net (fo=1, unplaced)         0.452    57.727    u_shared_mul/u_primary_mul/falcon_sum_carry__5_i_12_n_5
                         LUT5 (Prop_lut5_I0_O)        0.301    58.028 r  u_shared_mul/u_primary_mul/falcon_sum_carry__5_i_19/O
                         net (fo=3, unplaced)         0.657    58.685    u_shared_mul/u_primary_mul/accumulator4_in[28]
                         CARRY4 (Prop_carry4_DI[1]_O[2])
                                                      0.566    59.251 r  u_shared_mul/u_primary_mul/falcon_sum_carry__5_i_9/O[2]
                         net (fo=1, unplaced)         0.452    59.703    u_shared_mul/u_primary_mul/falcon_sum_carry__5_i_9_n_5
                         LUT6 (Prop_lut6_I0_O)        0.301    60.004 r  u_shared_mul/u_primary_mul/falcon_sum_carry__6_i_30/O
                         net (fo=3, unplaced)         0.657    60.661    u_shared_mul/u_primary_mul/accumulator1_in[29]
                         CARRY4 (Prop_carry4_DI[1]_O[2])
                                                      0.566    61.227 r  u_shared_mul/u_primary_mul/falcon_sum_carry__6_i_15/O[2]
                         net (fo=1, unplaced)         0.452    61.679    u_shared_mul/u_primary_mul/falcon_sum_carry__6_i_15_n_5
                         LUT6 (Prop_lut6_I4_O)        0.301    61.980 r  u_shared_mul/u_primary_mul/falcon_sum_carry__6_i_22/O
                         net (fo=1, unplaced)         0.000    61.980    u_shared_mul/u_primary_mul/falcon_sum_carry__6_i_22_n_0
                         CARRY4 (Prop_carry4_S[1]_O[2])
                                                      0.578    62.558 r  u_shared_mul/u_primary_mul/falcon_sum_carry__6_i_8/O[2]
                         net (fo=3, unplaced)         0.470    63.028    u_shared_mul/u_primary_mul/falcon_sum_carry__6_i_8_n_5
                         LUT6 (Prop_lut6_I5_O)        0.301    63.329 r  u_shared_mul/u_primary_mul/result_hi_o[2]_INST_0_i_12/O
                         net (fo=1, unplaced)         0.000    63.329    u_shared_mul/u_primary_mul/result_hi_o[2]_INST_0_i_12_n_0
                         CARRY4 (Prop_carry4_S[0]_O[0])
                                                      0.252    63.581 r  u_shared_mul/u_primary_mul/result_hi_o[2]_INST_0_i_3/O[0]
                         net (fo=3, unplaced)         0.329    63.910    u_shared_mul/u_primary_mul/result_hi_o[2]_INST_0_i_3_n_7
                         LUT5 (Prop_lut5_I0_O)        0.295    64.205 r  u_shared_mul/u_primary_mul/stage_a_result_i_25/O
                         net (fo=7, unplaced)         0.484    64.689    u_shared_mul/u_primary_mul/full_prod[31]
                         LUT3 (Prop_lut3_I0_O)        0.124    64.813 r  u_shared_mul/u_primary_mul/stage_a_result_i_7/O
                         net (fo=1, unplaced)         0.800    65.613    u_shared_mul/stage_a_op1[31]
                         DSP48E1 (Prop_dsp48e1_A[14]_P[0])
                                                      3.841    69.454 r  u_shared_mul/stage_a_result/P[0]
                         net (fo=1, unplaced)         0.800    70.253    u_shared_mul/stage_a_result_n_105
                         LUT2 (Prop_lut2_I1_O)        0.124    70.377 r  u_shared_mul/stage_a_result_carry_i_3/O
                         net (fo=1, unplaced)         0.000    70.377    u_shared_mul/stage_a_result_carry_i_3_n_0
                         CARRY4 (Prop_carry4_S[1]_CO[3])
                                                      0.533    70.910 r  u_shared_mul/stage_a_result_carry/CO[3]
                         net (fo=1, unplaced)         0.009    70.919    u_shared_mul/stage_a_result_carry_n_0
                         CARRY4 (Prop_carry4_CI_CO[3])
                                                      0.117    71.036 r  u_shared_mul/stage_a_result_carry__0/CO[3]
                         net (fo=1, unplaced)         0.000    71.036    u_shared_mul/stage_a_result_carry__0_n_0
                         CARRY4 (Prop_carry4_CI_CO[3])
                                                      0.117    71.153 r  u_shared_mul/stage_a_result_carry__1/CO[3]
                         net (fo=1, unplaced)         0.000    71.153    u_shared_mul/stage_a_result_carry__1_n_0
                         CARRY4 (Prop_carry4_CI_O[3])
                                                      0.331    71.484 r  u_shared_mul/stage_a_result_carry__2/O[3]
                         net (fo=2, unplaced)         0.629    72.113    u_shared_mul/stage_a_result__2__0[31]
                         LUT5 (Prop_lut5_I2_O)        0.307    72.420 r  u_shared_mul/modp_tp_i_1/O
                         net (fo=2, unplaced)         0.800    73.220    u_shared_mul/p_1_in[31]
                         DSP48E1 (Prop_dsp48e1_B[14]_PCOUT[47])
                                                      3.851    77.071 r  u_shared_mul/modp_tp/PCOUT[47]
                         net (fo=1, unplaced)         0.055    77.126    u_shared_mul/modp_tp_n_106
                         DSP48E1 (Prop_dsp48e1_PCIN[47]_P[3])
                                                      1.518    78.644 r  u_shared_mul/modp_tp__0/P[3]
                         net (fo=1, unplaced)         0.800    79.444    u_shared_mul/modp_tp__0_n_102
                         LUT2 (Prop_lut2_I1_O)        0.124    79.568 r  u_shared_mul/modp_tp_carry__4_i_3/O
                         net (fo=1, unplaced)         0.000    79.568    u_shared_mul/modp_tp_carry__4_i_3_n_0
                         CARRY4 (Prop_carry4_S[1]_CO[3])
                                                      0.533    80.101 r  u_shared_mul/modp_tp_carry__4/CO[3]
                         net (fo=1, unplaced)         0.000    80.101    u_shared_mul/modp_tp_carry__4_n_0
                         CARRY4 (Prop_carry4_CI_CO[3])
                                                      0.117    80.218 r  u_shared_mul/modp_tp_carry__5/CO[3]
                         net (fo=1, unplaced)         0.000    80.218    u_shared_mul/modp_tp_carry__5_n_0
                         CARRY4 (Prop_carry4_CI_CO[3])
                                                      0.117    80.335 r  u_shared_mul/modp_tp_carry__6/CO[3]
                         net (fo=1, unplaced)         0.000    80.335    u_shared_mul/modp_tp_carry__6_n_0
                         CARRY4 (Prop_carry4_CI_O[1])
                                                      0.337    80.672 r  u_shared_mul/modp_tp_carry__7/O[1]
                         net (fo=1, unplaced)         0.611    81.283    u_shared_mul/modp_tp__3__0[49]
                         LUT2 (Prop_lut2_I1_O)        0.306    81.589 r  u_shared_mul/modp_sub_carry__3_i_12/O
                         net (fo=1, unplaced)         0.000    81.589    u_shared_mul/u_primary_mul/modp_sub_carry__3[1]
                         CARRY4 (Prop_carry4_S[1]_CO[3])
                                                      0.533    82.122 r  u_shared_mul/u_primary_mul/modp_sub_carry__3_i_1/CO[3]
                         net (fo=1, unplaced)         0.000    82.122    u_shared_mul/u_primary_mul/modp_sub_carry__3_i_1_n_0
                         CARRY4 (Prop_carry4_CI_O[3])
                                                      0.331    82.453 r  u_shared_mul/u_primary_mul/modp_sub_carry__4_i_1/O[3]
                         net (fo=2, unplaced)         0.629    83.082    u_shared_mul/u_primary_mul/modp_tp__2[24]
                         LUT2 (Prop_lut2_I0_O)        0.307    83.389 r  u_shared_mul/u_primary_mul/modp_sub_carry__5_i_5/O
                         net (fo=1, unplaced)         0.000    83.389    u_shared_mul/u_primary_mul_n_502
                         CARRY4 (Prop_carry4_S[0]_CO[3])
                                                      0.513    83.902 r  u_shared_mul/modp_sub_carry__5/CO[3]
                         net (fo=1, unplaced)         0.000    83.902    u_shared_mul/modp_sub_carry__5_n_0
                         CARRY4 (Prop_carry4_CI_O[3])
                                                      0.331    84.233 r  u_shared_mul/modp_sub_carry__6/O[3]
                         net (fo=32, unplaced)        0.689    84.922    u_shared_mul/u_primary_mul/modp_final_carry__6[3]
                         LUT3 (Prop_lut3_I2_O)        0.307    85.229 r  u_shared_mul/u_primary_mul/modp_final_carry_i_3/O
                         net (fo=1, unplaced)         0.000    85.229    u_shared_mul/u_primary_mul_n_405
                         CARRY4 (Prop_carry4_S[1]_CO[3])
                                                      0.533    85.762 r  u_shared_mul/modp_final_carry/CO[3]
                         net (fo=1, unplaced)         0.009    85.771    u_shared_mul/modp_final_carry_n_0
                         CARRY4 (Prop_carry4_CI_O[3])
                                                      0.331    86.102 r  u_shared_mul/modp_final_carry__0/O[3]
                         net (fo=1, unplaced)         0.618    86.720    u_shared_mul/u_primary_mul/data4[7]
                         LUT6 (Prop_lut6_I5_O)        0.307    87.027 f  u_shared_mul/u_primary_mul/result_o[7]_INST_0_i_24/O
                         net (fo=1, unplaced)         0.449    87.476    u_shared_mul/u_primary_mul/result_o[7]_INST_0_i_24_n_0
                         LUT6 (Prop_lut6_I5_O)        0.124    87.600 f  u_shared_mul/u_primary_mul/result_o[7]_INST_0_i_9/O
                         net (fo=17, unplaced)        0.505    88.105    u_shared_mul/u_primary_mul/aD2M4dsP[7]
                         LUT2 (Prop_lut2_I1_O)        0.116    88.221 r  u_shared_mul/u_primary_mul/result_o[15]_INST_0_i_150/O
                         net (fo=1, unplaced)         0.000    88.221    u_shared_mul/u_primary_mul/result_o[15]_INST_0_i_150_n_0
                         CARRY4 (Prop_carry4_DI[0]_CO[3])
                                                      0.576    88.797 r  u_shared_mul/u_primary_mul/result_o[15]_INST_0_i_74/CO[3]
                         net (fo=1, unplaced)         0.000    88.797    u_shared_mul/u_primary_mul/result_o[15]_INST_0_i_74_n_0
                         CARRY4 (Prop_carry4_CI_CO[3])
                                                      0.117    88.914 r  u_shared_mul/u_primary_mul/result_o[15]_INST_0_i_23/CO[3]
                         net (fo=1, unplaced)         0.000    88.914    u_shared_mul/u_primary_mul/result_o[15]_INST_0_i_23_n_0
                         CARRY4 (Prop_carry4_CI_O[0])
                                                      0.232    89.146 r  u_shared_mul/u_primary_mul/result_o[15]_INST_0_i_25/O[0]
                         net (fo=7, unplaced)         0.346    89.492    u_shared_mul/u_primary_mul/p_0_in0
                         LUT2 (Prop_lut2_I1_O)        0.295    89.787 r  u_shared_mul/u_primary_mul/result_o[0]_INST_0_i_35/O
                         net (fo=1, unplaced)         0.000    89.787    u_shared_mul/u_primary_mul/result_o[0]_INST_0_i_35_n_0
                         CARRY4 (Prop_carry4_S[0]_CO[3])
                                                      0.513    90.300 r  u_shared_mul/u_primary_mul/result_o[0]_INST_0_i_11/CO[3]
                         net (fo=1, unplaced)         0.009    90.309    u_shared_mul/u_primary_mul/result_o[0]_INST_0_i_11_n_0
                         CARRY4 (Prop_carry4_CI_CO[3])
                                                      0.117    90.426 r  u_shared_mul/u_primary_mul/result_o[7]_INST_0_i_8/CO[3]
                         net (fo=1, unplaced)         0.000    90.426    u_shared_mul/u_primary_mul/result_o[7]_INST_0_i_8_n_0
                         CARRY4 (Prop_carry4_CI_O[2])
                                                      0.256    90.682 r  u_shared_mul/u_primary_mul/result_o[15]_INST_0_i_22/O[2]
                         net (fo=1, unplaced)         0.452    91.134    u_shared_mul/u_primary_mul/result_o[15]_INST_0_i_22_n_5
                         LUT6 (Prop_lut6_I5_O)        0.301    91.435 r  u_shared_mul/u_primary_mul/result_o[10]_INST_0_i_7/O
                         net (fo=1, unplaced)         0.449    91.884    u_shared_mul/u_primary_mul/result_o[10]_INST_0_i_7_n_0
                         LUT3 (Prop_lut3_I1_O)        0.124    92.008 f  u_shared_mul/u_primary_mul/result_o[10]_INST_0_i_4/O
                         net (fo=1, unplaced)         0.449    92.457    u_shared_mul/u_primary_mul/result_o[10]_INST_0_i_4_n_0
                         LUT6 (Prop_lut6_I5_O)        0.124    92.581 r  u_shared_mul/u_primary_mul/result_o[10]_INST_0/O
                         net (fo=0)                   0.973    93.554    result_o[10]
                                                                      r  result_o[10] (OUT)
  -------------------------------------------------------------------    -------------------

                         max delay                   20.000    20.000    
                         clock pessimism              0.000    20.000    
                         output delay                -0.000    20.000    
  -------------------------------------------------------------------
                         required time                         20.000    
                         arrival time                         -93.554    
  -------------------------------------------------------------------
                         slack                                -73.554    

Slack (VIOLATED) :        -73.543ns  (required time - arrival time)
  Source:                 multiplier_tree1_i[0]
                            (input port)
  Destination:            result_o[28]
  Path Group:             **default**
  Path Type:              Max at Slow Process Corner
  Requirement:            20.000ns  (MaxDelay Path 20.000ns)
  Data Path Delay:        93.543ns  (logic 47.447ns (50.722%)  route 46.096ns (49.278%))
  Logic Levels:           109  (CARRY4=56 DSP48E1=3 LUT2=7 LUT3=5 LUT4=1 LUT5=17 LUT6=20)
  Output Delay:           0.000ns
  Timing Exception:       MaxDelay Path 20.000ns

    Location             Delay type                Incr(ns)  Path(ns)    Netlist Resource(s)
  -------------------------------------------------------------------    -------------------
                                                      0.000     0.000 r  multiplier_tree1_i[0] (IN)
                         net (fo=40, unset)           0.973     0.973    u_shared_mul/u_primary_mul/multiplier_tree1_i[0]
                         LUT4 (Prop_lut4_I2_O)        0.150     1.123 r  u_shared_mul/u_primary_mul/result_o[12]_INST_0_i_118/O
                         net (fo=1, unplaced)         0.000     1.123    u_shared_mul/u_primary_mul/result_o[12]_INST_0_i_118_n_0
                         CARRY4 (Prop_carry4_DI[0]_CO[3])
                                                      0.576     1.699 r  u_shared_mul/u_primary_mul/result_o[12]_INST_0_i_90/CO[3]
                         net (fo=1, unplaced)         0.009     1.708    u_shared_mul/u_primary_mul/result_o[12]_INST_0_i_90_n_0
                         CARRY4 (Prop_carry4_CI_CO[3])
                                                      0.117     1.825 r  u_shared_mul/u_primary_mul/result_o[12]_INST_0_i_79/CO[3]
                         net (fo=9, unplaced)         0.959     2.784    u_shared_mul/u_primary_mul/mul_op_b2
                         LUT3 (Prop_lut3_I0_O)        0.124     2.908 r  u_shared_mul/u_primary_mul/result_o[1]_INST_0_i_46/O
                         net (fo=1, unplaced)         0.000     2.908    u_shared_mul/u_primary_mul/result_o[1]_INST_0_i_46_n_0
                         CARRY4 (Prop_carry4_S[0]_O[1])
                                                      0.427     3.335 r  u_shared_mul/u_primary_mul/result_o[1]_INST_0_i_24/O[1]
                         net (fo=1, unplaced)         0.312     3.647    u_shared_mul/u_primary_mul/data2[1]
                         LUT3 (Prop_lut3_I2_O)        0.298     3.945 f  u_shared_mul/u_primary_mul/falcon_sum_carry_i_36/O
                         net (fo=1, unplaced)         0.449     4.394    u_shared_mul/u_primary_mul/falcon_sum_carry_i_36_n_0
                         LUT6 (Prop_lut6_I2_O)        0.124     4.518 r  u_shared_mul/u_primary_mul/falcon_sum_carry_i_15/O
                         net (fo=98, unplaced)        0.548     5.066    u_shared_mul/u_primary_mul/insn_i[6]_13
                         LUT2 (Prop_lut2_I0_O)        0.117     5.183 r  u_shared_mul/u_primary_mul/difference_carry_i_17/O
                         net (fo=1, unplaced)         0.000     5.183    u_shared_mul/u_primary_mul/partial_products85_in[1]
                         CARRY4 (Prop_carry4_DI[1]_O[2])
                                                      0.593     5.776 r  u_shared_mul/u_primary_mul/difference_carry_i_12/O[2]
                         net (fo=1, unplaced)         0.452     6.228    u_shared_mul/u_primary_mul/difference_carry_i_12_n_5
                         LUT6 (Prop_lut6_I0_O)        0.301     6.529 r  u_shared_mul/u_primary_mul/falcon_sum_carry_i_13/O
                         net (fo=4, unplaced)         0.663     7.192    u_shared_mul/u_primary_mul/accumulator82_in[2]
                         CARRY4 (Prop_carry4_DI[1]_O[2])
                                                      0.566     7.758 r  u_shared_mul/u_primary_mul/falcon_sum_carry_i_14/O[2]
                         net (fo=1, unplaced)         0.452     8.210    u_shared_mul/u_primary_mul/falcon_sum_carry_i_14_n_5
                         LUT5 (Prop_lut5_I0_O)        0.301     8.511 r  u_shared_mul/u_primary_mul/falcon_sum_carry_i_11/O
                         net (fo=4, unplaced)         0.663     9.174    u_shared_mul/u_primary_mul/accumulator79_in[3]
                         CARRY4 (Prop_carry4_DI[1]_O[2])
                                                      0.566     9.740 r  u_shared_mul/u_primary_mul/falcon_sum_carry_i_12/O[2]
                         net (fo=1, unplaced)         0.452    10.192    u_shared_mul/u_primary_mul/falcon_sum_carry_i_12_n_5
                         LUT5 (Prop_lut5_I0_O)        0.301    10.493 r  u_shared_mul/u_primary_mul/falcon_sum_carry__0_i_18/O
                         net (fo=4, unplaced)         0.663    11.156    u_shared_mul/u_primary_mul/accumulator76_in[4]
                         CARRY4 (Prop_carry4_DI[1]_O[2])
                                                      0.566    11.722 r  u_shared_mul/u_primary_mul/falcon_sum_carry_i_9/O[2]
                         net (fo=1, unplaced)         0.452    12.174    u_shared_mul/u_primary_mul/falcon_sum_carry_i_9_n_5
                         LUT5 (Prop_lut5_I0_O)        0.301    12.475 r  u_shared_mul/u_primary_mul/falcon_sum_carry__0_i_15/O
                         net (fo=4, unplaced)         0.663    13.138    u_shared_mul/u_primary_mul/accumulator73_in[5]
                         CARRY4 (Prop_carry4_DI[1]_O[2])
                                                      0.566    13.704 r  u_shared_mul/u_primary_mul/falcon_sum_carry__0_i_16/O[2]
                         net (fo=1, unplaced)         0.452    14.156    u_shared_mul/u_primary_mul/falcon_sum_carry__0_i_16_n_5
                         LUT5 (Prop_lut5_I0_O)        0.301    14.457 r  u_shared_mul/u_primary_mul/falcon_sum_carry__0_i_13/O
                         net (fo=4, unplaced)         0.663    15.120    u_shared_mul/u_primary_mul/accumulator70_in[6]
                         CARRY4 (Prop_carry4_DI[1]_O[2])
                                                      0.566    15.686 r  u_shared_mul/u_primary_mul/falcon_sum_carry__0_i_14/O[2]
                         net (fo=1, unplaced)         0.452    16.138    u_shared_mul/u_primary_mul/falcon_sum_carry__0_i_14_n_5
                         LUT5 (Prop_lut5_I0_O)        0.301    16.439 r  u_shared_mul/u_primary_mul/falcon_sum_carry__0_i_10/O
                         net (fo=4, unplaced)         0.663    17.102    u_shared_mul/u_primary_mul/accumulator67_in[7]
                         CARRY4 (Prop_carry4_DI[1]_O[2])
                                                      0.566    17.668 r  u_shared_mul/u_primary_mul/falcon_sum_carry__0_i_11/O[2]
                         net (fo=1, unplaced)         0.452    18.120    u_shared_mul/u_primary_mul/falcon_sum_carry__0_i_11_n_5
                         LUT5 (Prop_lut5_I0_O)        0.301    18.421 r  u_shared_mul/u_primary_mul/falcon_sum_carry__1_i_19/O
                         net (fo=4, unplaced)         0.663    19.084    u_shared_mul/u_primary_mul/accumulator64_in[8]
                         CARRY4 (Prop_carry4_DI[1]_O[2])
                                                      0.566    19.650 r  u_shared_mul/u_primary_mul/falcon_sum_carry__0_i_9/O[2]
                         net (fo=1, unplaced)         0.452    20.102    u_shared_mul/u_primary_mul/falcon_sum_carry__0_i_9_n_5
                         LUT5 (Prop_lut5_I0_O)        0.301    20.403 r  u_shared_mul/u_primary_mul/falcon_sum_carry__1_i_16/O
                         net (fo=4, unplaced)         0.663    21.066    u_shared_mul/u_primary_mul/accumulator61_in[9]
                         CARRY4 (Prop_carry4_DI[1]_O[2])
                                                      0.566    21.632 r  u_shared_mul/u_primary_mul/falcon_sum_carry__1_i_17/O[2]
                         net (fo=1, unplaced)         0.452    22.084    u_shared_mul/u_primary_mul/falcon_sum_carry__1_i_17_n_5
                         LUT5 (Prop_lut5_I0_O)        0.301    22.385 r  u_shared_mul/u_primary_mul/falcon_sum_carry__1_i_38/O
                         net (fo=3, unplaced)         0.657    23.042    u_shared_mul/u_primary_mul/accumulator58_in[10]
                         CARRY4 (Prop_carry4_DI[1]_O[2])
                                                      0.566    23.608 r  u_shared_mul/u_primary_mul/falcon_sum_carry__1_i_15/O[2]
                         net (fo=1, unplaced)         0.452    24.060    u_shared_mul/u_primary_mul/falcon_sum_carry__1_i_15_n_5
                         LUT5 (Prop_lut5_I0_O)        0.301    24.361 r  u_shared_mul/u_primary_mul/falcon_sum_carry__1_i_30/O
                         net (fo=3, unplaced)         0.657    25.018    u_shared_mul/u_primary_mul/accumulator55_in[11]
                         CARRY4 (Prop_carry4_DI[1]_O[2])
                                                      0.566    25.584 r  u_shared_mul/u_primary_mul/falcon_sum_carry__1_i_12/O[2]
                         net (fo=1, unplaced)         0.452    26.036    u_shared_mul/u_primary_mul/falcon_sum_carry__1_i_12_n_5
                         LUT5 (Prop_lut5_I0_O)        0.301    26.337 r  u_shared_mul/u_primary_mul/falcon_sum_carry__1_i_22/O
                         net (fo=3, unplaced)         0.657    26.994    u_shared_mul/u_primary_mul/accumulator52_in[12]
                         CARRY4 (Prop_carry4_DI[1]_O[2])
                                                      0.566    27.560 r  u_shared_mul/u_primary_mul/falcon_sum_carry__1_i_9/O[2]
                         net (fo=2, unplaced)         0.463    28.023    u_shared_mul/u_primary_mul/falcon_sum_carry__1_i_9_n_5
                         LUT6 (Prop_lut6_I0_O)        0.301    28.324 r  u_shared_mul/u_primary_mul/falcon_sum_carry__2_i_16/O
                         net (fo=4, unplaced)         0.663    28.987    u_shared_mul/u_primary_mul/accumulator49_in[13]
                         CARRY4 (Prop_carry4_DI[1]_O[2])
                                                      0.566    29.553 r  u_shared_mul/u_primary_mul/falcon_sum_carry__2_i_17/O[2]
                         net (fo=1, unplaced)         0.452    30.005    u_shared_mul/u_primary_mul/falcon_sum_carry__2_i_17_n_5
                         LUT6 (Prop_lut6_I0_O)        0.301    30.306 r  u_shared_mul/u_primary_mul/falcon_sum_carry__2_i_13/O
                         net (fo=4, unplaced)         0.663    30.969    u_shared_mul/u_primary_mul/accumulator46_in[14]
                         CARRY4 (Prop_carry4_DI[1]_O[2])
                                                      0.566    31.535 r  u_shared_mul/u_primary_mul/falcon_sum_carry__2_i_14/O[2]
                         net (fo=1, unplaced)         0.452    31.987    u_shared_mul/u_primary_mul/falcon_sum_carry__2_i_14_n_5
                         LUT6 (Prop_lut6_I0_O)        0.301    32.288 r  u_shared_mul/u_primary_mul/falcon_sum_carry__2_i_31/O
                         net (fo=3, unplaced)         0.657    32.945    u_shared_mul/u_primary_mul/accumulator43_in[15]
                         CARRY4 (Prop_carry4_DI[1]_O[2])
                                                      0.566    33.511 r  u_shared_mul/u_primary_mul/falcon_sum_carry__2_i_12/O[2]
                         net (fo=1, unplaced)         0.452    33.963    u_shared_mul/u_primary_mul/falcon_sum_carry__2_i_12_n_5
                         LUT6 (Prop_lut6_I0_O)        0.301    34.264 r  u_shared_mul/u_primary_mul/falcon_sum_carry__3_i_17/O
                         net (fo=6, unplaced)         0.671    34.935    u_shared_mul/u_primary_mul/accumulator40_in[16]
                         CARRY4 (Prop_carry4_DI[1]_O[2])
                                                      0.566    35.501 r  u_shared_mul/u_primary_mul/falcon_sum_carry__2_i_9/O[2]
                         net (fo=1, unplaced)         0.452    35.953    u_shared_mul/u_primary_mul/falcon_sum_carry__2_i_9_n_5
                         LUT5 (Prop_lut5_I0_O)        0.301    36.254 r  u_shared_mul/u_primary_mul/falcon_sum_carry__3_i_50/O
                         net (fo=3, unplaced)         0.657    36.911    u_shared_mul/u_primary_mul/accumulator37_in[17]
                         CARRY4 (Prop_carry4_DI[1]_O[2])
                                                      0.566    37.477 r  u_shared_mul/u_primary_mul/falcon_sum_carry__3_i_16/O[2]
                         net (fo=1, unplaced)         0.452    37.929    u_shared_mul/u_primary_mul/falcon_sum_carry__3_i_16_n_5
                         LUT6 (Prop_lut6_I2_O)        0.301    38.230 r  u_shared_mul/u_primary_mul/falcon_sum_carry__3_i_12/O
                         net (fo=4, unplaced)         0.663    38.893    u_shared_mul/u_primary_mul/accumulator34_in[18]
                         CARRY4 (Prop_carry4_DI[1]_O[2])
                                                      0.566    39.459 r  u_shared_mul/u_primary_mul/falcon_sum_carry__3_i_13/O[2]
                         net (fo=1, unplaced)         0.452    39.911    u_shared_mul/u_primary_mul/falcon_sum_carry__3_i_13_n_5
                         LUT6 (Prop_lut6_I0_O)        0.301    40.212 r  u_shared_mul/u_primary_mul/falcon_sum_carry__3_i_10/O
                         net (fo=4, unplaced)         0.663    40.875    u_shared_mul/u_primary_mul/accumulator31_in[19]
                         CARRY4 (Prop_carry4_DI[1]_O[2])
                                                      0.566    41.441 r  u_shared_mul/u_primary_mul/falcon_sum_carry__3_i_11/O[2]
                         net (fo=1, unplaced)         0.452    41.893    u_shared_mul/u_primary_mul/falcon_sum_carry__3_i_11_n_5
                         LUT5 (Prop_lut5_I0_O)        0.301    42.194 r  u_shared_mul/u_primary_mul/falcon_sum_carry__3_i_20/O
                         net (fo=3, unplaced)         0.657    42.851    u_shared_mul/u_primary_mul/accumulator28_in[20]
                         CARRY4 (Prop_carry4_DI[1]_O[2])
                                                      0.566    43.417 r  u_shared_mul/u_primary_mul/falcon_sum_carry__3_i_9/O[2]
                         net (fo=1, unplaced)         0.452    43.869    u_shared_mul/u_primary_mul/falcon_sum_carry__3_i_9_n_5
                         LUT6 (Prop_lut6_I0_O)        0.301    44.170 r  u_shared_mul/u_primary_mul/falcon_sum_carry__4_i_16/O
                         net (fo=4, unplaced)         0.663    44.833    u_shared_mul/u_primary_mul/accumulator25_in[21]
                         CARRY4 (Prop_carry4_DI[1]_O[2])
                                                      0.566    45.399 r  u_shared_mul/u_primary_mul/falcon_sum_carry__4_i_17/O[2]
                         net (fo=1, unplaced)         0.452    45.851    u_shared_mul/u_primary_mul/falcon_sum_carry__4_i_17_n_5
                         LUT5 (Prop_lut5_I0_O)        0.301    46.152 r  u_shared_mul/u_primary_mul/falcon_sum_carry__4_i_42/O
                         net (fo=3, unplaced)         0.657    46.809    u_shared_mul/u_primary_mul/accumulator22_in[22]
                         CARRY4 (Prop_carry4_DI[1]_O[2])
                                                      0.566    47.375 r  u_shared_mul/u_primary_mul/falcon_sum_carry__4_i_15/O[2]
                         net (fo=1, unplaced)         0.452    47.827    u_shared_mul/u_primary_mul/falcon_sum_carry__4_i_15_n_5
                         LUT6 (Prop_lut6_I0_O)        0.301    48.128 r  u_shared_mul/u_primary_mul/falcon_sum_carry__4_i_30/O
                         net (fo=3, unplaced)         0.657    48.785    u_shared_mul/u_primary_mul/accumulator19_in[23]
                         CARRY4 (Prop_carry4_DI[1]_O[2])
                                                      0.566    49.351 r  u_shared_mul/u_primary_mul/falcon_sum_carry__4_i_12/O[2]
                         net (fo=1, unplaced)         0.452    49.803    u_shared_mul/u_primary_mul/falcon_sum_carry__4_i_12_n_5
                         LUT6 (Prop_lut6_I0_O)        0.301    50.104 r  u_shared_mul/u_primary_mul/falcon_sum_carry__5_i_18/O
                         net (fo=4, unplaced)         0.663    50.767    u_shared_mul/u_primary_mul/accumulator16_in[24]
                         CARRY4 (Prop_carry4_DI[1]_O[2])
                                                      0.566    51.333 r  u_shared_mul/u_primary_mul/falcon_sum_carry__4_i_9/O[2]
                         net (fo=1, unplaced)         0.452    51.785    u_shared_mul/u_primary_mul/falcon_sum_carry__4_i_9_n_5
                         LUT6 (Prop_lut6_I0_O)        0.301    52.086 r  u_shared_mul/u_primary_mul/falcon_sum_carry__5_i_45/O
                         net (fo=3, unplaced)         0.657    52.743    u_shared_mul/u_primary_mul/accumulator13_in[25]
                         CARRY4 (Prop_carry4_DI[1]_O[2])
                                                      0.566    53.309 r  u_shared_mul/u_primary_mul/falcon_sum_carry__5_i_17/O[2]
                         net (fo=1, unplaced)         0.452    53.761    u_shared_mul/u_primary_mul/falcon_sum_carry__5_i_17_n_5
                         LUT6 (Prop_lut6_I0_O)        0.301    54.062 r  u_shared_mul/u_primary_mul/falcon_sum_carry__5_i_13/O
                         net (fo=6, unplaced)         0.671    54.733    u_shared_mul/u_primary_mul/accumulator10_in[26]
                         CARRY4 (Prop_carry4_DI[1]_O[2])
                                                      0.566    55.299 r  u_shared_mul/u_primary_mul/falcon_sum_carry__5_i_14/O[2]
                         net (fo=1, unplaced)         0.452    55.751    u_shared_mul/u_primary_mul/falcon_sum_carry__5_i_14_n_5
                         LUT5 (Prop_lut5_I0_O)        0.301    56.052 r  u_shared_mul/u_primary_mul/falcon_sum_carry__5_i_28/O
                         net (fo=3, unplaced)         0.657    56.709    u_shared_mul/u_primary_mul/accumulator7_in[27]
                         CARRY4 (Prop_carry4_DI[1]_O[2])
                                                      0.566    57.275 r  u_shared_mul/u_primary_mul/falcon_sum_carry__5_i_12/O[2]
                         net (fo=1, unplaced)         0.452    57.727    u_shared_mul/u_primary_mul/falcon_sum_carry__5_i_12_n_5
                         LUT5 (Prop_lut5_I0_O)        0.301    58.028 r  u_shared_mul/u_primary_mul/falcon_sum_carry__5_i_19/O
                         net (fo=3, unplaced)         0.657    58.685    u_shared_mul/u_primary_mul/accumulator4_in[28]
                         CARRY4 (Prop_carry4_DI[1]_O[2])
                                                      0.566    59.251 r  u_shared_mul/u_primary_mul/falcon_sum_carry__5_i_9/O[2]
                         net (fo=1, unplaced)         0.452    59.703    u_shared_mul/u_primary_mul/falcon_sum_carry__5_i_9_n_5
                         LUT6 (Prop_lut6_I0_O)        0.301    60.004 r  u_shared_mul/u_primary_mul/falcon_sum_carry__6_i_30/O
                         net (fo=3, unplaced)         0.657    60.661    u_shared_mul/u_primary_mul/accumulator1_in[29]
                         CARRY4 (Prop_carry4_DI[1]_O[2])
                                                      0.566    61.227 r  u_shared_mul/u_primary_mul/falcon_sum_carry__6_i_15/O[2]
                         net (fo=1, unplaced)         0.452    61.679    u_shared_mul/u_primary_mul/falcon_sum_carry__6_i_15_n_5
                         LUT6 (Prop_lut6_I4_O)        0.301    61.980 r  u_shared_mul/u_primary_mul/falcon_sum_carry__6_i_22/O
                         net (fo=1, unplaced)         0.000    61.980    u_shared_mul/u_primary_mul/falcon_sum_carry__6_i_22_n_0
                         CARRY4 (Prop_carry4_S[1]_O[2])
                                                      0.578    62.558 r  u_shared_mul/u_primary_mul/falcon_sum_carry__6_i_8/O[2]
                         net (fo=3, unplaced)         0.470    63.028    u_shared_mul/u_primary_mul/falcon_sum_carry__6_i_8_n_5
                         LUT6 (Prop_lut6_I5_O)        0.301    63.329 r  u_shared_mul/u_primary_mul/result_hi_o[2]_INST_0_i_12/O
                         net (fo=1, unplaced)         0.000    63.329    u_shared_mul/u_primary_mul/result_hi_o[2]_INST_0_i_12_n_0
                         CARRY4 (Prop_carry4_S[0]_O[0])
                                                      0.252    63.581 r  u_shared_mul/u_primary_mul/result_hi_o[2]_INST_0_i_3/O[0]
                         net (fo=3, unplaced)         0.329    63.910    u_shared_mul/u_primary_mul/result_hi_o[2]_INST_0_i_3_n_7
                         LUT5 (Prop_lut5_I0_O)        0.295    64.205 r  u_shared_mul/u_primary_mul/stage_a_result_i_25/O
                         net (fo=7, unplaced)         0.484    64.689    u_shared_mul/u_primary_mul/full_prod[31]
                         LUT3 (Prop_lut3_I0_O)        0.124    64.813 r  u_shared_mul/u_primary_mul/stage_a_result_i_7/O
                         net (fo=1, unplaced)         0.800    65.613    u_shared_mul/stage_a_op1[31]
                         DSP48E1 (Prop_dsp48e1_A[14]_P[0])
                                                      3.841    69.454 r  u_shared_mul/stage_a_result/P[0]
                         net (fo=1, unplaced)         0.800    70.253    u_shared_mul/stage_a_result_n_105
                         LUT2 (Prop_lut2_I1_O)        0.124    70.377 r  u_shared_mul/stage_a_result_carry_i_3/O
                         net (fo=1, unplaced)         0.000    70.377    u_shared_mul/stage_a_result_carry_i_3_n_0
                         CARRY4 (Prop_carry4_S[1]_CO[3])
                                                      0.533    70.910 r  u_shared_mul/stage_a_result_carry/CO[3]
                         net (fo=1, unplaced)         0.009    70.919    u_shared_mul/stage_a_result_carry_n_0
                         CARRY4 (Prop_carry4_CI_CO[3])
                                                      0.117    71.036 r  u_shared_mul/stage_a_result_carry__0/CO[3]
                         net (fo=1, unplaced)         0.000    71.036    u_shared_mul/stage_a_result_carry__0_n_0
                         CARRY4 (Prop_carry4_CI_CO[3])
                                                      0.117    71.153 r  u_shared_mul/stage_a_result_carry__1/CO[3]
                         net (fo=1, unplaced)         0.000    71.153    u_shared_mul/stage_a_result_carry__1_n_0
                         CARRY4 (Prop_carry4_CI_O[3])
                                                      0.331    71.484 r  u_shared_mul/stage_a_result_carry__2/O[3]
                         net (fo=2, unplaced)         0.629    72.113    u_shared_mul/stage_a_result__2__0[31]
                         LUT5 (Prop_lut5_I2_O)        0.307    72.420 r  u_shared_mul/modp_tp_i_1/O
                         net (fo=2, unplaced)         0.800    73.220    u_shared_mul/p_1_in[31]
                         DSP48E1 (Prop_dsp48e1_B[14]_PCOUT[47])
                                                      3.851    77.071 r  u_shared_mul/modp_tp/PCOUT[47]
                         net (fo=1, unplaced)         0.055    77.126    u_shared_mul/modp_tp_n_106
                         DSP48E1 (Prop_dsp48e1_PCIN[47]_P[3])
                                                      1.518    78.644 r  u_shared_mul/modp_tp__0/P[3]
                         net (fo=1, unplaced)         0.800    79.444    u_shared_mul/modp_tp__0_n_102
                         LUT2 (Prop_lut2_I1_O)        0.124    79.568 r  u_shared_mul/modp_tp_carry__4_i_3/O
                         net (fo=1, unplaced)         0.000    79.568    u_shared_mul/modp_tp_carry__4_i_3_n_0
                         CARRY4 (Prop_carry4_S[1]_CO[3])
                                                      0.533    80.101 r  u_shared_mul/modp_tp_carry__4/CO[3]
                         net (fo=1, unplaced)         0.000    80.101    u_shared_mul/modp_tp_carry__4_n_0
                         CARRY4 (Prop_carry4_CI_CO[3])
                                                      0.117    80.218 r  u_shared_mul/modp_tp_carry__5/CO[3]
                         net (fo=1, unplaced)         0.000    80.218    u_shared_mul/modp_tp_carry__5_n_0
                         CARRY4 (Prop_carry4_CI_CO[3])
                                                      0.117    80.335 r  u_shared_mul/modp_tp_carry__6/CO[3]
                         net (fo=1, unplaced)         0.000    80.335    u_shared_mul/modp_tp_carry__6_n_0
                         CARRY4 (Prop_carry4_CI_O[1])
                                                      0.337    80.672 r  u_shared_mul/modp_tp_carry__7/O[1]
                         net (fo=1, unplaced)         0.611    81.283    u_shared_mul/modp_tp__3__0[49]
                         LUT2 (Prop_lut2_I1_O)        0.306    81.589 r  u_shared_mul/modp_sub_carry__3_i_12/O
                         net (fo=1, unplaced)         0.000    81.589    u_shared_mul/u_primary_mul/modp_sub_carry__3[1]
                         CARRY4 (Prop_carry4_S[1]_CO[3])
                                                      0.533    82.122 r  u_shared_mul/u_primary_mul/modp_sub_carry__3_i_1/CO[3]
                         net (fo=1, unplaced)         0.000    82.122    u_shared_mul/u_primary_mul/modp_sub_carry__3_i_1_n_0
                         CARRY4 (Prop_carry4_CI_O[3])
                                                      0.331    82.453 r  u_shared_mul/u_primary_mul/modp_sub_carry__4_i_1/O[3]
                         net (fo=2, unplaced)         0.629    83.082    u_shared_mul/u_primary_mul/modp_tp__2[24]
                         LUT2 (Prop_lut2_I0_O)        0.307    83.389 r  u_shared_mul/u_primary_mul/modp_sub_carry__5_i_5/O
                         net (fo=1, unplaced)         0.000    83.389    u_shared_mul/u_primary_mul_n_502
                         CARRY4 (Prop_carry4_S[0]_CO[3])
                                                      0.513    83.902 r  u_shared_mul/modp_sub_carry__5/CO[3]
                         net (fo=1, unplaced)         0.000    83.902    u_shared_mul/modp_sub_carry__5_n_0
                         CARRY4 (Prop_carry4_CI_O[3])
                                                      0.331    84.233 r  u_shared_mul/modp_sub_carry__6/O[3]
                         net (fo=32, unplaced)        0.689    84.922    u_shared_mul/u_primary_mul/modp_final_carry__6[3]
                         LUT3 (Prop_lut3_I2_O)        0.307    85.229 r  u_shared_mul/u_primary_mul/modp_final_carry_i_3/O
                         net (fo=1, unplaced)         0.000    85.229    u_shared_mul/u_primary_mul_n_405
                         CARRY4 (Prop_carry4_S[1]_CO[3])
                                                      0.533    85.762 r  u_shared_mul/modp_final_carry/CO[3]
                         net (fo=1, unplaced)         0.009    85.771    u_shared_mul/modp_final_carry_n_0
                         CARRY4 (Prop_carry4_CI_O[3])
                                                      0.331    86.102 f  u_shared_mul/modp_final_carry__0/O[3]
                         net (fo=1, unplaced)         0.618    86.720    u_shared_mul/u_primary_mul/data4[7]
                         LUT6 (Prop_lut6_I5_O)        0.307    87.027 r  u_shared_mul/u_primary_mul/result_o[7]_INST_0_i_24/O
                         net (fo=1, unplaced)         0.449    87.476    u_shared_mul/u_primary_mul/result_o[7]_INST_0_i_24_n_0
                         LUT6 (Prop_lut6_I5_O)        0.124    87.600 r  u_shared_mul/u_primary_mul/result_o[7]_INST_0_i_9/O
                         net (fo=17, unplaced)        0.505    88.105    u_shared_mul/u_primary_mul/aD2M4dsP[7]
                         LUT2 (Prop_lut2_I1_O)        0.124    88.229 r  u_shared_mul/u_primary_mul/result_o[27]_INST_0_i_81/O
                         net (fo=1, unplaced)         0.000    88.229    u_shared_mul/u_primary_mul/result_o[27]_INST_0_i_81_n_0
                         CARRY4 (Prop_carry4_S[3]_CO[3])
                                                      0.376    88.605 r  u_shared_mul/u_primary_mul/result_o[27]_INST_0_i_35/CO[3]
                         net (fo=1, unplaced)         0.000    88.605    u_shared_mul/u_primary_mul/result_o[27]_INST_0_i_35_n_0
                         CARRY4 (Prop_carry4_CI_CO[3])
                                                      0.117    88.722 r  u_shared_mul/u_primary_mul/result_o[27]_INST_0_i_15/CO[3]
                         net (fo=1, unplaced)         0.000    88.722    u_shared_mul/u_primary_mul/result_o[27]_INST_0_i_15_n_0
                         CARRY4 (Prop_carry4_CI_CO[3])
                                                      0.117    88.839 r  u_shared_mul/u_primary_mul/result_o[31]_INST_0_i_46/CO[3]
                         net (fo=1, unplaced)         0.000    88.839    u_shared_mul/u_primary_mul/result_o[31]_INST_0_i_46_n_0
                         CARRY4 (Prop_carry4_CI_CO[0])
                                                      0.281    89.120 r  u_shared_mul/u_primary_mul/result_o[31]_INST_0_i_47/CO[0]
                         net (fo=6, unplaced)         0.343    89.463    u_shared_mul/u_primary_mul/result_o[31]_INST_0_i_47_n_3
                         LUT2 (Prop_lut2_I1_O)        0.367    89.830 r  u_shared_mul/u_primary_mul/result_o[19]_INST_0_i_26/O
                         net (fo=1, unplaced)         0.000    89.830    u_shared_mul/u_primary_mul/result_o[19]_INST_0_i_26_n_0
                         CARRY4 (Prop_carry4_S[0]_CO[3])
                                                      0.513    90.343 r  u_shared_mul/u_primary_mul/result_o[19]_INST_0_i_11/CO[3]
                         net (fo=1, unplaced)         0.009    90.352    u_shared_mul/u_primary_mul/result_o[19]_INST_0_i_11_n_0
                         CARRY4 (Prop_carry4_CI_CO[3])
                                                      0.117    90.469 r  u_shared_mul/u_primary_mul/result_o[27]_INST_0_i_14/CO[3]
                         net (fo=1, unplaced)         0.000    90.469    u_shared_mul/u_primary_mul/result_o[27]_INST_0_i_14_n_0
                         CARRY4 (Prop_carry4_CI_CO[3])
                                                      0.117    90.586 r  u_shared_mul/u_primary_mul/result_o[27]_INST_0_i_5/CO[3]
                         net (fo=1, unplaced)         0.000    90.586    u_shared_mul/u_primary_mul/result_o[27]_INST_0_i_5_n_0
                         CARRY4 (Prop_carry4_CI_O[0])
                                                      0.232    90.818 r  u_shared_mul/u_primary_mul/result_o[31]_INST_0_i_36/O[0]
                         net (fo=1, unplaced)         0.311    91.129    u_shared_mul/u_primary_mul/result_o0[12]
                         LUT6 (Prop_lut6_I0_O)        0.295    91.424 r  u_shared_mul/u_primary_mul/result_o[28]_INST_0_i_5/O
                         net (fo=1, unplaced)         0.449    91.873    u_shared_mul/u_primary_mul/result_o[28]_INST_0_i_5_n_0
                         LUT3 (Prop_lut3_I1_O)        0.124    91.997 r  u_shared_mul/u_primary_mul/result_o[28]_INST_0_i_1/O
                         net (fo=1, unplaced)         0.449    92.446    u_shared_mul/u_primary_mul/result_o[28]_INST_0_i_1_n_0
                         LUT6 (Prop_lut6_I0_O)        0.124    92.570 r  u_shared_mul/u_primary_mul/result_o[28]_INST_0/O
                         net (fo=0)                   0.973    93.543    result_o[28]
                                                                      r  result_o[28] (OUT)
  -------------------------------------------------------------------    -------------------

                         max delay                   20.000    20.000    
                         clock pessimism              0.000    20.000    
                         output delay                -0.000    20.000    
  -------------------------------------------------------------------
                         required time                         20.000    
                         arrival time                         -93.543    
  -------------------------------------------------------------------
                         slack                                -73.543    

Slack (VIOLATED) :        -73.535ns  (required time - arrival time)
  Source:                 multiplier_tree1_i[0]
                            (input port)
  Destination:            result_o[25]
  Path Group:             **default**
  Path Type:              Max at Slow Process Corner
  Requirement:            20.000ns  (MaxDelay Path 20.000ns)
  Data Path Delay:        93.535ns  (logic 47.438ns (50.717%)  route 46.097ns (49.283%))
  Logic Levels:           108  (CARRY4=55 DSP48E1=3 LUT2=7 LUT3=5 LUT4=1 LUT5=17 LUT6=20)
  Output Delay:           0.000ns
  Timing Exception:       MaxDelay Path 20.000ns

    Location             Delay type                Incr(ns)  Path(ns)    Netlist Resource(s)
  -------------------------------------------------------------------    -------------------
                                                      0.000     0.000 r  multiplier_tree1_i[0] (IN)
                         net (fo=40, unset)           0.973     0.973    u_shared_mul/u_primary_mul/multiplier_tree1_i[0]
                         LUT4 (Prop_lut4_I2_O)        0.150     1.123 r  u_shared_mul/u_primary_mul/result_o[12]_INST_0_i_118/O
                         net (fo=1, unplaced)         0.000     1.123    u_shared_mul/u_primary_mul/result_o[12]_INST_0_i_118_n_0
                         CARRY4 (Prop_carry4_DI[0]_CO[3])
                                                      0.576     1.699 r  u_shared_mul/u_primary_mul/result_o[12]_INST_0_i_90/CO[3]
                         net (fo=1, unplaced)         0.009     1.708    u_shared_mul/u_primary_mul/result_o[12]_INST_0_i_90_n_0
                         CARRY4 (Prop_carry4_CI_CO[3])
                                                      0.117     1.825 r  u_shared_mul/u_primary_mul/result_o[12]_INST_0_i_79/CO[3]
                         net (fo=9, unplaced)         0.959     2.784    u_shared_mul/u_primary_mul/mul_op_b2
                         LUT3 (Prop_lut3_I0_O)        0.124     2.908 r  u_shared_mul/u_primary_mul/result_o[1]_INST_0_i_46/O
                         net (fo=1, unplaced)         0.000     2.908    u_shared_mul/u_primary_mul/result_o[1]_INST_0_i_46_n_0
                         CARRY4 (Prop_carry4_S[0]_O[1])
                                                      0.427     3.335 r  u_shared_mul/u_primary_mul/result_o[1]_INST_0_i_24/O[1]
                         net (fo=1, unplaced)         0.312     3.647    u_shared_mul/u_primary_mul/data2[1]
                         LUT3 (Prop_lut3_I2_O)        0.298     3.945 f  u_shared_mul/u_primary_mul/falcon_sum_carry_i_36/O
                         net (fo=1, unplaced)         0.449     4.394    u_shared_mul/u_primary_mul/falcon_sum_carry_i_36_n_0
                         LUT6 (Prop_lut6_I2_O)        0.124     4.518 r  u_shared_mul/u_primary_mul/falcon_sum_carry_i_15/O
                         net (fo=98, unplaced)        0.548     5.066    u_shared_mul/u_primary_mul/insn_i[6]_13
                         LUT2 (Prop_lut2_I0_O)        0.117     5.183 r  u_shared_mul/u_primary_mul/difference_carry_i_17/O
                         net (fo=1, unplaced)         0.000     5.183    u_shared_mul/u_primary_mul/partial_products85_in[1]
                         CARRY4 (Prop_carry4_DI[1]_O[2])
                                                      0.593     5.776 r  u_shared_mul/u_primary_mul/difference_carry_i_12/O[2]
                         net (fo=1, unplaced)         0.452     6.228    u_shared_mul/u_primary_mul/difference_carry_i_12_n_5
                         LUT6 (Prop_lut6_I0_O)        0.301     6.529 r  u_shared_mul/u_primary_mul/falcon_sum_carry_i_13/O
                         net (fo=4, unplaced)         0.663     7.192    u_shared_mul/u_primary_mul/accumulator82_in[2]
                         CARRY4 (Prop_carry4_DI[1]_O[2])
                                                      0.566     7.758 r  u_shared_mul/u_primary_mul/falcon_sum_carry_i_14/O[2]
                         net (fo=1, unplaced)         0.452     8.210    u_shared_mul/u_primary_mul/falcon_sum_carry_i_14_n_5
                         LUT5 (Prop_lut5_I0_O)        0.301     8.511 r  u_shared_mul/u_primary_mul/falcon_sum_carry_i_11/O
                         net (fo=4, unplaced)         0.663     9.174    u_shared_mul/u_primary_mul/accumulator79_in[3]
                         CARRY4 (Prop_carry4_DI[1]_O[2])
                                                      0.566     9.740 r  u_shared_mul/u_primary_mul/falcon_sum_carry_i_12/O[2]
                         net (fo=1, unplaced)         0.452    10.192    u_shared_mul/u_primary_mul/falcon_sum_carry_i_12_n_5
                         LUT5 (Prop_lut5_I0_O)        0.301    10.493 r  u_shared_mul/u_primary_mul/falcon_sum_carry__0_i_18/O
                         net (fo=4, unplaced)         0.663    11.156    u_shared_mul/u_primary_mul/accumulator76_in[4]
                         CARRY4 (Prop_carry4_DI[1]_O[2])
                                                      0.566    11.722 r  u_shared_mul/u_primary_mul/falcon_sum_carry_i_9/O[2]
                         net (fo=1, unplaced)         0.452    12.174    u_shared_mul/u_primary_mul/falcon_sum_carry_i_9_n_5
                         LUT5 (Prop_lut5_I0_O)        0.301    12.475 r  u_shared_mul/u_primary_mul/falcon_sum_carry__0_i_15/O
                         net (fo=4, unplaced)         0.663    13.138    u_shared_mul/u_primary_mul/accumulator73_in[5]
                         CARRY4 (Prop_carry4_DI[1]_O[2])
                                                      0.566    13.704 r  u_shared_mul/u_primary_mul/falcon_sum_carry__0_i_16/O[2]
                         net (fo=1, unplaced)         0.452    14.156    u_shared_mul/u_primary_mul/falcon_sum_carry__0_i_16_n_5
                         LUT5 (Prop_lut5_I0_O)        0.301    14.457 r  u_shared_mul/u_primary_mul/falcon_sum_carry__0_i_13/O
                         net (fo=4, unplaced)         0.663    15.120    u_shared_mul/u_primary_mul/accumulator70_in[6]
                         CARRY4 (Prop_carry4_DI[1]_O[2])
                                                      0.566    15.686 r  u_shared_mul/u_primary_mul/falcon_sum_carry__0_i_14/O[2]
                         net (fo=1, unplaced)         0.452    16.138    u_shared_mul/u_primary_mul/falcon_sum_carry__0_i_14_n_5
                         LUT5 (Prop_lut5_I0_O)        0.301    16.439 r  u_shared_mul/u_primary_mul/falcon_sum_carry__0_i_10/O
                         net (fo=4, unplaced)         0.663    17.102    u_shared_mul/u_primary_mul/accumulator67_in[7]
                         CARRY4 (Prop_carry4_DI[1]_O[2])
                                                      0.566    17.668 r  u_shared_mul/u_primary_mul/falcon_sum_carry__0_i_11/O[2]
                         net (fo=1, unplaced)         0.452    18.120    u_shared_mul/u_primary_mul/falcon_sum_carry__0_i_11_n_5
                         LUT5 (Prop_lut5_I0_O)        0.301    18.421 r  u_shared_mul/u_primary_mul/falcon_sum_carry__1_i_19/O
                         net (fo=4, unplaced)         0.663    19.084    u_shared_mul/u_primary_mul/accumulator64_in[8]
                         CARRY4 (Prop_carry4_DI[1]_O[2])
                                                      0.566    19.650 r  u_shared_mul/u_primary_mul/falcon_sum_carry__0_i_9/O[2]
                         net (fo=1, unplaced)         0.452    20.102    u_shared_mul/u_primary_mul/falcon_sum_carry__0_i_9_n_5
                         LUT5 (Prop_lut5_I0_O)        0.301    20.403 r  u_shared_mul/u_primary_mul/falcon_sum_carry__1_i_16/O
                         net (fo=4, unplaced)         0.663    21.066    u_shared_mul/u_primary_mul/accumulator61_in[9]
                         CARRY4 (Prop_carry4_DI[1]_O[2])
                                                      0.566    21.632 r  u_shared_mul/u_primary_mul/falcon_sum_carry__1_i_17/O[2]
                         net (fo=1, unplaced)         0.452    22.084    u_shared_mul/u_primary_mul/falcon_sum_carry__1_i_17_n_5
                         LUT5 (Prop_lut5_I0_O)        0.301    22.385 r  u_shared_mul/u_primary_mul/falcon_sum_carry__1_i_38/O
                         net (fo=3, unplaced)         0.657    23.042    u_shared_mul/u_primary_mul/accumulator58_in[10]
                         CARRY4 (Prop_carry4_DI[1]_O[2])
                                                      0.566    23.608 r  u_shared_mul/u_primary_mul/falcon_sum_carry__1_i_15/O[2]
                         net (fo=1, unplaced)         0.452    24.060    u_shared_mul/u_primary_mul/falcon_sum_carry__1_i_15_n_5
                         LUT5 (Prop_lut5_I0_O)        0.301    24.361 r  u_shared_mul/u_primary_mul/falcon_sum_carry__1_i_30/O
                         net (fo=3, unplaced)         0.657    25.018    u_shared_mul/u_primary_mul/accumulator55_in[11]
                         CARRY4 (Prop_carry4_DI[1]_O[2])
                                                      0.566    25.584 r  u_shared_mul/u_primary_mul/falcon_sum_carry__1_i_12/O[2]
                         net (fo=1, unplaced)         0.452    26.036    u_shared_mul/u_primary_mul/falcon_sum_carry__1_i_12_n_5
                         LUT5 (Prop_lut5_I0_O)        0.301    26.337 r  u_shared_mul/u_primary_mul/falcon_sum_carry__1_i_22/O
                         net (fo=3, unplaced)         0.657    26.994    u_shared_mul/u_primary_mul/accumulator52_in[12]
                         CARRY4 (Prop_carry4_DI[1]_O[2])
                                                      0.566    27.560 r  u_shared_mul/u_primary_mul/falcon_sum_carry__1_i_9/O[2]
                         net (fo=2, unplaced)         0.463    28.023    u_shared_mul/u_primary_mul/falcon_sum_carry__1_i_9_n_5
                         LUT6 (Prop_lut6_I0_O)        0.301    28.324 r  u_shared_mul/u_primary_mul/falcon_sum_carry__2_i_16/O
                         net (fo=4, unplaced)         0.663    28.987    u_shared_mul/u_primary_mul/accumulator49_in[13]
                         CARRY4 (Prop_carry4_DI[1]_O[2])
                                                      0.566    29.553 r  u_shared_mul/u_primary_mul/falcon_sum_carry__2_i_17/O[2]
                         net (fo=1, unplaced)         0.452    30.005    u_shared_mul/u_primary_mul/falcon_sum_carry__2_i_17_n_5
                         LUT6 (Prop_lut6_I0_O)        0.301    30.306 r  u_shared_mul/u_primary_mul/falcon_sum_carry__2_i_13/O
                         net (fo=4, unplaced)         0.663    30.969    u_shared_mul/u_primary_mul/accumulator46_in[14]
                         CARRY4 (Prop_carry4_DI[1]_O[2])
                                                      0.566    31.535 r  u_shared_mul/u_primary_mul/falcon_sum_carry__2_i_14/O[2]
                         net (fo=1, unplaced)         0.452    31.987    u_shared_mul/u_primary_mul/falcon_sum_carry__2_i_14_n_5
                         LUT6 (Prop_lut6_I0_O)        0.301    32.288 r  u_shared_mul/u_primary_mul/falcon_sum_carry__2_i_31/O
                         net (fo=3, unplaced)         0.657    32.945    u_shared_mul/u_primary_mul/accumulator43_in[15]
                         CARRY4 (Prop_carry4_DI[1]_O[2])
                                                      0.566    33.511 r  u_shared_mul/u_primary_mul/falcon_sum_carry__2_i_12/O[2]
                         net (fo=1, unplaced)         0.452    33.963    u_shared_mul/u_primary_mul/falcon_sum_carry__2_i_12_n_5
                         LUT6 (Prop_lut6_I0_O)        0.301    34.264 r  u_shared_mul/u_primary_mul/falcon_sum_carry__3_i_17/O
                         net (fo=6, unplaced)         0.671    34.935    u_shared_mul/u_primary_mul/accumulator40_in[16]
                         CARRY4 (Prop_carry4_DI[1]_O[2])
                                                      0.566    35.501 r  u_shared_mul/u_primary_mul/falcon_sum_carry__2_i_9/O[2]
                         net (fo=1, unplaced)         0.452    35.953    u_shared_mul/u_primary_mul/falcon_sum_carry__2_i_9_n_5
                         LUT5 (Prop_lut5_I0_O)        0.301    36.254 r  u_shared_mul/u_primary_mul/falcon_sum_carry__3_i_50/O
                         net (fo=3, unplaced)         0.657    36.911    u_shared_mul/u_primary_mul/accumulator37_in[17]
                         CARRY4 (Prop_carry4_DI[1]_O[2])
                                                      0.566    37.477 r  u_shared_mul/u_primary_mul/falcon_sum_carry__3_i_16/O[2]
                         net (fo=1, unplaced)         0.452    37.929    u_shared_mul/u_primary_mul/falcon_sum_carry__3_i_16_n_5
                         LUT6 (Prop_lut6_I2_O)        0.301    38.230 r  u_shared_mul/u_primary_mul/falcon_sum_carry__3_i_12/O
                         net (fo=4, unplaced)         0.663    38.893    u_shared_mul/u_primary_mul/accumulator34_in[18]
                         CARRY4 (Prop_carry4_DI[1]_O[2])
                                                      0.566    39.459 r  u_shared_mul/u_primary_mul/falcon_sum_carry__3_i_13/O[2]
                         net (fo=1, unplaced)         0.452    39.911    u_shared_mul/u_primary_mul/falcon_sum_carry__3_i_13_n_5
                         LUT6 (Prop_lut6_I0_O)        0.301    40.212 r  u_shared_mul/u_primary_mul/falcon_sum_carry__3_i_10/O
                         net (fo=4, unplaced)         0.663    40.875    u_shared_mul/u_primary_mul/accumulator31_in[19]
                         CARRY4 (Prop_carry4_DI[1]_O[2])
                                                      0.566    41.441 r  u_shared_mul/u_primary_mul/falcon_sum_carry__3_i_11/O[2]
                         net (fo=1, unplaced)         0.452    41.893    u_shared_mul/u_primary_mul/falcon_sum_carry__3_i_11_n_5
                         LUT5 (Prop_lut5_I0_O)        0.301    42.194 r  u_shared_mul/u_primary_mul/falcon_sum_carry__3_i_20/O
                         net (fo=3, unplaced)         0.657    42.851    u_shared_mul/u_primary_mul/accumulator28_in[20]
                         CARRY4 (Prop_carry4_DI[1]_O[2])
                                                      0.566    43.417 r  u_shared_mul/u_primary_mul/falcon_sum_carry__3_i_9/O[2]
                         net (fo=1, unplaced)         0.452    43.869    u_shared_mul/u_primary_mul/falcon_sum_carry__3_i_9_n_5
                         LUT6 (Prop_lut6_I0_O)        0.301    44.170 r  u_shared_mul/u_primary_mul/falcon_sum_carry__4_i_16/O
                         net (fo=4, unplaced)         0.663    44.833    u_shared_mul/u_primary_mul/accumulator25_in[21]
                         CARRY4 (Prop_carry4_DI[1]_O[2])
                                                      0.566    45.399 r  u_shared_mul/u_primary_mul/falcon_sum_carry__4_i_17/O[2]
                         net (fo=1, unplaced)         0.452    45.851    u_shared_mul/u_primary_mul/falcon_sum_carry__4_i_17_n_5
                         LUT5 (Prop_lut5_I0_O)        0.301    46.152 r  u_shared_mul/u_primary_mul/falcon_sum_carry__4_i_42/O
                         net (fo=3, unplaced)         0.657    46.809    u_shared_mul/u_primary_mul/accumulator22_in[22]
                         CARRY4 (Prop_carry4_DI[1]_O[2])
                                                      0.566    47.375 r  u_shared_mul/u_primary_mul/falcon_sum_carry__4_i_15/O[2]
                         net (fo=1, unplaced)         0.452    47.827    u_shared_mul/u_primary_mul/falcon_sum_carry__4_i_15_n_5
                         LUT6 (Prop_lut6_I0_O)        0.301    48.128 r  u_shared_mul/u_primary_mul/falcon_sum_carry__4_i_30/O
                         net (fo=3, unplaced)         0.657    48.785    u_shared_mul/u_primary_mul/accumulator19_in[23]
                         CARRY4 (Prop_carry4_DI[1]_O[2])
                                                      0.566    49.351 r  u_shared_mul/u_primary_mul/falcon_sum_carry__4_i_12/O[2]
                         net (fo=1, unplaced)         0.452    49.803    u_shared_mul/u_primary_mul/falcon_sum_carry__4_i_12_n_5
                         LUT6 (Prop_lut6_I0_O)        0.301    50.104 r  u_shared_mul/u_primary_mul/falcon_sum_carry__5_i_18/O
                         net (fo=4, unplaced)         0.663    50.767    u_shared_mul/u_primary_mul/accumulator16_in[24]
                         CARRY4 (Prop_carry4_DI[1]_O[2])
                                                      0.566    51.333 r  u_shared_mul/u_primary_mul/falcon_sum_carry__4_i_9/O[2]
                         net (fo=1, unplaced)         0.452    51.785    u_shared_mul/u_primary_mul/falcon_sum_carry__4_i_9_n_5
                         LUT6 (Prop_lut6_I0_O)        0.301    52.086 r  u_shared_mul/u_primary_mul/falcon_sum_carry__5_i_45/O
                         net (fo=3, unplaced)         0.657    52.743    u_shared_mul/u_primary_mul/accumulator13_in[25]
                         CARRY4 (Prop_carry4_DI[1]_O[2])
                                                      0.566    53.309 r  u_shared_mul/u_primary_mul/falcon_sum_carry__5_i_17/O[2]
                         net (fo=1, unplaced)         0.452    53.761    u_shared_mul/u_primary_mul/falcon_sum_carry__5_i_17_n_5
                         LUT6 (Prop_lut6_I0_O)        0.301    54.062 r  u_shared_mul/u_primary_mul/falcon_sum_carry__5_i_13/O
                         net (fo=6, unplaced)         0.671    54.733    u_shared_mul/u_primary_mul/accumulator10_in[26]
                         CARRY4 (Prop_carry4_DI[1]_O[2])
                                                      0.566    55.299 r  u_shared_mul/u_primary_mul/falcon_sum_carry__5_i_14/O[2]
                         net (fo=1, unplaced)         0.452    55.751    u_shared_mul/u_primary_mul/falcon_sum_carry__5_i_14_n_5
                         LUT5 (Prop_lut5_I0_O)        0.301    56.052 r  u_shared_mul/u_primary_mul/falcon_sum_carry__5_i_28/O
                         net (fo=3, unplaced)         0.657    56.709    u_shared_mul/u_primary_mul/accumulator7_in[27]
                         CARRY4 (Prop_carry4_DI[1]_O[2])
                                                      0.566    57.275 r  u_shared_mul/u_primary_mul/falcon_sum_carry__5_i_12/O[2]
                         net (fo=1, unplaced)         0.452    57.727    u_shared_mul/u_primary_mul/falcon_sum_carry__5_i_12_n_5
                         LUT5 (Prop_lut5_I0_O)        0.301    58.028 r  u_shared_mul/u_primary_mul/falcon_sum_carry__5_i_19/O
                         net (fo=3, unplaced)         0.657    58.685    u_shared_mul/u_primary_mul/accumulator4_in[28]
                         CARRY4 (Prop_carry4_DI[1]_O[2])
                                                      0.566    59.251 r  u_shared_mul/u_primary_mul/falcon_sum_carry__5_i_9/O[2]
                         net (fo=1, unplaced)         0.452    59.703    u_shared_mul/u_primary_mul/falcon_sum_carry__5_i_9_n_5
                         LUT6 (Prop_lut6_I0_O)        0.301    60.004 r  u_shared_mul/u_primary_mul/falcon_sum_carry__6_i_30/O
                         net (fo=3, unplaced)         0.657    60.661    u_shared_mul/u_primary_mul/accumulator1_in[29]
                         CARRY4 (Prop_carry4_DI[1]_O[2])
                                                      0.566    61.227 r  u_shared_mul/u_primary_mul/falcon_sum_carry__6_i_15/O[2]
                         net (fo=1, unplaced)         0.452    61.679    u_shared_mul/u_primary_mul/falcon_sum_carry__6_i_15_n_5
                         LUT6 (Prop_lut6_I4_O)        0.301    61.980 r  u_shared_mul/u_primary_mul/falcon_sum_carry__6_i_22/O
                         net (fo=1, unplaced)         0.000    61.980    u_shared_mul/u_primary_mul/falcon_sum_carry__6_i_22_n_0
                         CARRY4 (Prop_carry4_S[1]_O[2])
                                                      0.578    62.558 r  u_shared_mul/u_primary_mul/falcon_sum_carry__6_i_8/O[2]
                         net (fo=3, unplaced)         0.470    63.028    u_shared_mul/u_primary_mul/falcon_sum_carry__6_i_8_n_5
                         LUT6 (Prop_lut6_I5_O)        0.301    63.329 r  u_shared_mul/u_primary_mul/result_hi_o[2]_INST_0_i_12/O
                         net (fo=1, unplaced)         0.000    63.329    u_shared_mul/u_primary_mul/result_hi_o[2]_INST_0_i_12_n_0
                         CARRY4 (Prop_carry4_S[0]_O[0])
                                                      0.252    63.581 r  u_shared_mul/u_primary_mul/result_hi_o[2]_INST_0_i_3/O[0]
                         net (fo=3, unplaced)         0.329    63.910    u_shared_mul/u_primary_mul/result_hi_o[2]_INST_0_i_3_n_7
                         LUT5 (Prop_lut5_I0_O)        0.295    64.205 r  u_shared_mul/u_primary_mul/stage_a_result_i_25/O
                         net (fo=7, unplaced)         0.484    64.689    u_shared_mul/u_primary_mul/full_prod[31]
                         LUT3 (Prop_lut3_I0_O)        0.124    64.813 r  u_shared_mul/u_primary_mul/stage_a_result_i_7/O
                         net (fo=1, unplaced)         0.800    65.613    u_shared_mul/stage_a_op1[31]
                         DSP48E1 (Prop_dsp48e1_A[14]_P[0])
                                                      3.841    69.454 r  u_shared_mul/stage_a_result/P[0]
                         net (fo=1, unplaced)         0.800    70.253    u_shared_mul/stage_a_result_n_105
                         LUT2 (Prop_lut2_I1_O)        0.124    70.377 r  u_shared_mul/stage_a_result_carry_i_3/O
                         net (fo=1, unplaced)         0.000    70.377    u_shared_mul/stage_a_result_carry_i_3_n_0
                         CARRY4 (Prop_carry4_S[1]_CO[3])
                                                      0.533    70.910 r  u_shared_mul/stage_a_result_carry/CO[3]
                         net (fo=1, unplaced)         0.009    70.919    u_shared_mul/stage_a_result_carry_n_0
                         CARRY4 (Prop_carry4_CI_CO[3])
                                                      0.117    71.036 r  u_shared_mul/stage_a_result_carry__0/CO[3]
                         net (fo=1, unplaced)         0.000    71.036    u_shared_mul/stage_a_result_carry__0_n_0
                         CARRY4 (Prop_carry4_CI_CO[3])
                                                      0.117    71.153 r  u_shared_mul/stage_a_result_carry__1/CO[3]
                         net (fo=1, unplaced)         0.000    71.153    u_shared_mul/stage_a_result_carry__1_n_0
                         CARRY4 (Prop_carry4_CI_O[3])
                                                      0.331    71.484 r  u_shared_mul/stage_a_result_carry__2/O[3]
                         net (fo=2, unplaced)         0.629    72.113    u_shared_mul/stage_a_result__2__0[31]
                         LUT5 (Prop_lut5_I2_O)        0.307    72.420 r  u_shared_mul/modp_tp_i_1/O
                         net (fo=2, unplaced)         0.800    73.220    u_shared_mul/p_1_in[31]
                         DSP48E1 (Prop_dsp48e1_B[14]_PCOUT[47])
                                                      3.851    77.071 r  u_shared_mul/modp_tp/PCOUT[47]
                         net (fo=1, unplaced)         0.055    77.126    u_shared_mul/modp_tp_n_106
                         DSP48E1 (Prop_dsp48e1_PCIN[47]_P[3])
                                                      1.518    78.644 r  u_shared_mul/modp_tp__0/P[3]
                         net (fo=1, unplaced)         0.800    79.444    u_shared_mul/modp_tp__0_n_102
                         LUT2 (Prop_lut2_I1_O)        0.124    79.568 r  u_shared_mul/modp_tp_carry__4_i_3/O
                         net (fo=1, unplaced)         0.000    79.568    u_shared_mul/modp_tp_carry__4_i_3_n_0
                         CARRY4 (Prop_carry4_S[1]_CO[3])
                                                      0.533    80.101 r  u_shared_mul/modp_tp_carry__4/CO[3]
                         net (fo=1, unplaced)         0.000    80.101    u_shared_mul/modp_tp_carry__4_n_0
                         CARRY4 (Prop_carry4_CI_CO[3])
                                                      0.117    80.218 r  u_shared_mul/modp_tp_carry__5/CO[3]
                         net (fo=1, unplaced)         0.000    80.218    u_shared_mul/modp_tp_carry__5_n_0
                         CARRY4 (Prop_carry4_CI_CO[3])
                                                      0.117    80.335 r  u_shared_mul/modp_tp_carry__6/CO[3]
                         net (fo=1, unplaced)         0.000    80.335    u_shared_mul/modp_tp_carry__6_n_0
                         CARRY4 (Prop_carry4_CI_O[1])
                                                      0.337    80.672 r  u_shared_mul/modp_tp_carry__7/O[1]
                         net (fo=1, unplaced)         0.611    81.283    u_shared_mul/modp_tp__3__0[49]
                         LUT2 (Prop_lut2_I1_O)        0.306    81.589 r  u_shared_mul/modp_sub_carry__3_i_12/O
                         net (fo=1, unplaced)         0.000    81.589    u_shared_mul/u_primary_mul/modp_sub_carry__3[1]
                         CARRY4 (Prop_carry4_S[1]_CO[3])
                                                      0.533    82.122 r  u_shared_mul/u_primary_mul/modp_sub_carry__3_i_1/CO[3]
                         net (fo=1, unplaced)         0.000    82.122    u_shared_mul/u_primary_mul/modp_sub_carry__3_i_1_n_0
                         CARRY4 (Prop_carry4_CI_O[3])
                                                      0.331    82.453 r  u_shared_mul/u_primary_mul/modp_sub_carry__4_i_1/O[3]
                         net (fo=2, unplaced)         0.629    83.082    u_shared_mul/u_primary_mul/modp_tp__2[24]
                         LUT2 (Prop_lut2_I0_O)        0.307    83.389 r  u_shared_mul/u_primary_mul/modp_sub_carry__5_i_5/O
                         net (fo=1, unplaced)         0.000    83.389    u_shared_mul/u_primary_mul_n_502
                         CARRY4 (Prop_carry4_S[0]_CO[3])
                                                      0.513    83.902 r  u_shared_mul/modp_sub_carry__5/CO[3]
                         net (fo=1, unplaced)         0.000    83.902    u_shared_mul/modp_sub_carry__5_n_0
                         CARRY4 (Prop_carry4_CI_O[3])
                                                      0.331    84.233 r  u_shared_mul/modp_sub_carry__6/O[3]
                         net (fo=32, unplaced)        0.689    84.922    u_shared_mul/u_primary_mul/modp_final_carry__6[3]
                         LUT3 (Prop_lut3_I2_O)        0.307    85.229 r  u_shared_mul/u_primary_mul/modp_final_carry_i_3/O
                         net (fo=1, unplaced)         0.000    85.229    u_shared_mul/u_primary_mul_n_405
                         CARRY4 (Prop_carry4_S[1]_CO[3])
                                                      0.533    85.762 r  u_shared_mul/modp_final_carry/CO[3]
                         net (fo=1, unplaced)         0.009    85.771    u_shared_mul/modp_final_carry_n_0
                         CARRY4 (Prop_carry4_CI_O[3])
                                                      0.331    86.102 f  u_shared_mul/modp_final_carry__0/O[3]
                         net (fo=1, unplaced)         0.618    86.720    u_shared_mul/u_primary_mul/data4[7]
                         LUT6 (Prop_lut6_I5_O)        0.307    87.027 r  u_shared_mul/u_primary_mul/result_o[7]_INST_0_i_24/O
                         net (fo=1, unplaced)         0.449    87.476    u_shared_mul/u_primary_mul/result_o[7]_INST_0_i_24_n_0
                         LUT6 (Prop_lut6_I5_O)        0.124    87.600 r  u_shared_mul/u_primary_mul/result_o[7]_INST_0_i_9/O
                         net (fo=17, unplaced)        0.505    88.105    u_shared_mul/u_primary_mul/aD2M4dsP[7]
                         LUT2 (Prop_lut2_I1_O)        0.124    88.229 r  u_shared_mul/u_primary_mul/result_o[27]_INST_0_i_81/O
                         net (fo=1, unplaced)         0.000    88.229    u_shared_mul/u_primary_mul/result_o[27]_INST_0_i_81_n_0
                         CARRY4 (Prop_carry4_S[3]_CO[3])
                                                      0.376    88.605 r  u_shared_mul/u_primary_mul/result_o[27]_INST_0_i_35/CO[3]
                         net (fo=1, unplaced)         0.000    88.605    u_shared_mul/u_primary_mul/result_o[27]_INST_0_i_35_n_0
                         CARRY4 (Prop_carry4_CI_CO[3])
                                                      0.117    88.722 r  u_shared_mul/u_primary_mul/result_o[27]_INST_0_i_15/CO[3]
                         net (fo=1, unplaced)         0.000    88.722    u_shared_mul/u_primary_mul/result_o[27]_INST_0_i_15_n_0
                         CARRY4 (Prop_carry4_CI_CO[3])
                                                      0.117    88.839 r  u_shared_mul/u_primary_mul/result_o[31]_INST_0_i_46/CO[3]
                         net (fo=1, unplaced)         0.000    88.839    u_shared_mul/u_primary_mul/result_o[31]_INST_0_i_46_n_0
                         CARRY4 (Prop_carry4_CI_CO[0])
                                                      0.281    89.120 r  u_shared_mul/u_primary_mul/result_o[31]_INST_0_i_47/CO[0]
                         net (fo=6, unplaced)         0.343    89.463    u_shared_mul/u_primary_mul/result_o[31]_INST_0_i_47_n_3
                         LUT2 (Prop_lut2_I1_O)        0.367    89.830 r  u_shared_mul/u_primary_mul/result_o[19]_INST_0_i_26/O
                         net (fo=1, unplaced)         0.000    89.830    u_shared_mul/u_primary_mul/result_o[19]_INST_0_i_26_n_0
                         CARRY4 (Prop_carry4_S[0]_CO[3])
                                                      0.513    90.343 r  u_shared_mul/u_primary_mul/result_o[19]_INST_0_i_11/CO[3]
                         net (fo=1, unplaced)         0.009    90.352    u_shared_mul/u_primary_mul/result_o[19]_INST_0_i_11_n_0
                         CARRY4 (Prop_carry4_CI_CO[3])
                                                      0.117    90.469 r  u_shared_mul/u_primary_mul/result_o[27]_INST_0_i_14/CO[3]
                         net (fo=1, unplaced)         0.000    90.469    u_shared_mul/u_primary_mul/result_o[27]_INST_0_i_14_n_0
                         CARRY4 (Prop_carry4_CI_O[1])
                                                      0.337    90.806 r  u_shared_mul/u_primary_mul/result_o[27]_INST_0_i_5/O[1]
                         net (fo=1, unplaced)         0.312    91.118    u_shared_mul/u_primary_mul/result_o0[9]
                         LUT6 (Prop_lut6_I0_O)        0.306    91.424 r  u_shared_mul/u_primary_mul/result_o[25]_INST_0_i_5/O
                         net (fo=1, unplaced)         0.449    91.873    u_shared_mul/u_primary_mul/result_o[25]_INST_0_i_5_n_0
                         LUT3 (Prop_lut3_I1_O)        0.116    91.989 r  u_shared_mul/u_primary_mul/result_o[25]_INST_0_i_1/O
                         net (fo=1, unplaced)         0.449    92.438    u_shared_mul/u_primary_mul/result_o[25]_INST_0_i_1_n_0
                         LUT6 (Prop_lut6_I0_O)        0.124    92.562 r  u_shared_mul/u_primary_mul/result_o[25]_INST_0/O
                         net (fo=0)                   0.973    93.535    result_o[25]
                                                                      r  result_o[25] (OUT)
  -------------------------------------------------------------------    -------------------

                         max delay                   20.000    20.000    
                         clock pessimism              0.000    20.000    
                         output delay                -0.000    20.000    
  -------------------------------------------------------------------
                         required time                         20.000    
                         arrival time                         -93.535    
  -------------------------------------------------------------------
                         slack                                -73.535    

Slack (VIOLATED) :        -73.500ns  (required time - arrival time)
  Source:                 multiplier_tree1_i[0]
                            (input port)
  Destination:            result_o[12]
  Path Group:             **default**
  Path Type:              Max at Slow Process Corner
  Requirement:            20.000ns  (MaxDelay Path 20.000ns)
  Data Path Delay:        93.500ns  (logic 47.401ns (50.696%)  route 46.099ns (49.304%))
  Logic Levels:           108  (CARRY4=55 DSP48E1=3 LUT2=7 LUT3=5 LUT4=1 LUT5=17 LUT6=20)
  Output Delay:           0.000ns
  Timing Exception:       MaxDelay Path 20.000ns

    Location             Delay type                Incr(ns)  Path(ns)    Netlist Resource(s)
  -------------------------------------------------------------------    -------------------
                                                      0.000     0.000 r  multiplier_tree1_i[0] (IN)
                         net (fo=40, unset)           0.973     0.973    u_shared_mul/u_primary_mul/multiplier_tree1_i[0]
                         LUT4 (Prop_lut4_I2_O)        0.150     1.123 r  u_shared_mul/u_primary_mul/result_o[12]_INST_0_i_118/O
                         net (fo=1, unplaced)         0.000     1.123    u_shared_mul/u_primary_mul/result_o[12]_INST_0_i_118_n_0
                         CARRY4 (Prop_carry4_DI[0]_CO[3])
                                                      0.576     1.699 r  u_shared_mul/u_primary_mul/result_o[12]_INST_0_i_90/CO[3]
                         net (fo=1, unplaced)         0.009     1.708    u_shared_mul/u_primary_mul/result_o[12]_INST_0_i_90_n_0
                         CARRY4 (Prop_carry4_CI_CO[3])
                                                      0.117     1.825 r  u_shared_mul/u_primary_mul/result_o[12]_INST_0_i_79/CO[3]
                         net (fo=9, unplaced)         0.959     2.784    u_shared_mul/u_primary_mul/mul_op_b2
                         LUT3 (Prop_lut3_I0_O)        0.124     2.908 r  u_shared_mul/u_primary_mul/result_o[1]_INST_0_i_46/O
                         net (fo=1, unplaced)         0.000     2.908    u_shared_mul/u_primary_mul/result_o[1]_INST_0_i_46_n_0
                         CARRY4 (Prop_carry4_S[0]_O[1])
                                                      0.427     3.335 r  u_shared_mul/u_primary_mul/result_o[1]_INST_0_i_24/O[1]
                         net (fo=1, unplaced)         0.312     3.647    u_shared_mul/u_primary_mul/data2[1]
                         LUT3 (Prop_lut3_I2_O)        0.298     3.945 f  u_shared_mul/u_primary_mul/falcon_sum_carry_i_36/O
                         net (fo=1, unplaced)         0.449     4.394    u_shared_mul/u_primary_mul/falcon_sum_carry_i_36_n_0
                         LUT6 (Prop_lut6_I2_O)        0.124     4.518 r  u_shared_mul/u_primary_mul/falcon_sum_carry_i_15/O
                         net (fo=98, unplaced)        0.548     5.066    u_shared_mul/u_primary_mul/insn_i[6]_13
                         LUT2 (Prop_lut2_I0_O)        0.117     5.183 r  u_shared_mul/u_primary_mul/difference_carry_i_17/O
                         net (fo=1, unplaced)         0.000     5.183    u_shared_mul/u_primary_mul/partial_products85_in[1]
                         CARRY4 (Prop_carry4_DI[1]_O[2])
                                                      0.593     5.776 r  u_shared_mul/u_primary_mul/difference_carry_i_12/O[2]
                         net (fo=1, unplaced)         0.452     6.228    u_shared_mul/u_primary_mul/difference_carry_i_12_n_5
                         LUT6 (Prop_lut6_I0_O)        0.301     6.529 r  u_shared_mul/u_primary_mul/falcon_sum_carry_i_13/O
                         net (fo=4, unplaced)         0.663     7.192    u_shared_mul/u_primary_mul/accumulator82_in[2]
                         CARRY4 (Prop_carry4_DI[1]_O[2])
                                                      0.566     7.758 r  u_shared_mul/u_primary_mul/falcon_sum_carry_i_14/O[2]
                         net (fo=1, unplaced)         0.452     8.210    u_shared_mul/u_primary_mul/falcon_sum_carry_i_14_n_5
                         LUT5 (Prop_lut5_I0_O)        0.301     8.511 r  u_shared_mul/u_primary_mul/falcon_sum_carry_i_11/O
                         net (fo=4, unplaced)         0.663     9.174    u_shared_mul/u_primary_mul/accumulator79_in[3]
                         CARRY4 (Prop_carry4_DI[1]_O[2])
                                                      0.566     9.740 r  u_shared_mul/u_primary_mul/falcon_sum_carry_i_12/O[2]
                         net (fo=1, unplaced)         0.452    10.192    u_shared_mul/u_primary_mul/falcon_sum_carry_i_12_n_5
                         LUT5 (Prop_lut5_I0_O)        0.301    10.493 r  u_shared_mul/u_primary_mul/falcon_sum_carry__0_i_18/O
                         net (fo=4, unplaced)         0.663    11.156    u_shared_mul/u_primary_mul/accumulator76_in[4]
                         CARRY4 (Prop_carry4_DI[1]_O[2])
                                                      0.566    11.722 r  u_shared_mul/u_primary_mul/falcon_sum_carry_i_9/O[2]
                         net (fo=1, unplaced)         0.452    12.174    u_shared_mul/u_primary_mul/falcon_sum_carry_i_9_n_5
                         LUT5 (Prop_lut5_I0_O)        0.301    12.475 r  u_shared_mul/u_primary_mul/falcon_sum_carry__0_i_15/O
                         net (fo=4, unplaced)         0.663    13.138    u_shared_mul/u_primary_mul/accumulator73_in[5]
                         CARRY4 (Prop_carry4_DI[1]_O[2])
                                                      0.566    13.704 r  u_shared_mul/u_primary_mul/falcon_sum_carry__0_i_16/O[2]
                         net (fo=1, unplaced)         0.452    14.156    u_shared_mul/u_primary_mul/falcon_sum_carry__0_i_16_n_5
                         LUT5 (Prop_lut5_I0_O)        0.301    14.457 r  u_shared_mul/u_primary_mul/falcon_sum_carry__0_i_13/O
                         net (fo=4, unplaced)         0.663    15.120    u_shared_mul/u_primary_mul/accumulator70_in[6]
                         CARRY4 (Prop_carry4_DI[1]_O[2])
                                                      0.566    15.686 r  u_shared_mul/u_primary_mul/falcon_sum_carry__0_i_14/O[2]
                         net (fo=1, unplaced)         0.452    16.138    u_shared_mul/u_primary_mul/falcon_sum_carry__0_i_14_n_5
                         LUT5 (Prop_lut5_I0_O)        0.301    16.439 r  u_shared_mul/u_primary_mul/falcon_sum_carry__0_i_10/O
                         net (fo=4, unplaced)         0.663    17.102    u_shared_mul/u_primary_mul/accumulator67_in[7]
                         CARRY4 (Prop_carry4_DI[1]_O[2])
                                                      0.566    17.668 r  u_shared_mul/u_primary_mul/falcon_sum_carry__0_i_11/O[2]
                         net (fo=1, unplaced)         0.452    18.120    u_shared_mul/u_primary_mul/falcon_sum_carry__0_i_11_n_5
                         LUT5 (Prop_lut5_I0_O)        0.301    18.421 r  u_shared_mul/u_primary_mul/falcon_sum_carry__1_i_19/O
                         net (fo=4, unplaced)         0.663    19.084    u_shared_mul/u_primary_mul/accumulator64_in[8]
                         CARRY4 (Prop_carry4_DI[1]_O[2])
                                                      0.566    19.650 r  u_shared_mul/u_primary_mul/falcon_sum_carry__0_i_9/O[2]
                         net (fo=1, unplaced)         0.452    20.102    u_shared_mul/u_primary_mul/falcon_sum_carry__0_i_9_n_5
                         LUT5 (Prop_lut5_I0_O)        0.301    20.403 r  u_shared_mul/u_primary_mul/falcon_sum_carry__1_i_16/O
                         net (fo=4, unplaced)         0.663    21.066    u_shared_mul/u_primary_mul/accumulator61_in[9]
                         CARRY4 (Prop_carry4_DI[1]_O[2])
                                                      0.566    21.632 r  u_shared_mul/u_primary_mul/falcon_sum_carry__1_i_17/O[2]
                         net (fo=1, unplaced)         0.452    22.084    u_shared_mul/u_primary_mul/falcon_sum_carry__1_i_17_n_5
                         LUT5 (Prop_lut5_I0_O)        0.301    22.385 r  u_shared_mul/u_primary_mul/falcon_sum_carry__1_i_38/O
                         net (fo=3, unplaced)         0.657    23.042    u_shared_mul/u_primary_mul/accumulator58_in[10]
                         CARRY4 (Prop_carry4_DI[1]_O[2])
                                                      0.566    23.608 r  u_shared_mul/u_primary_mul/falcon_sum_carry__1_i_15/O[2]
                         net (fo=1, unplaced)         0.452    24.060    u_shared_mul/u_primary_mul/falcon_sum_carry__1_i_15_n_5
                         LUT5 (Prop_lut5_I0_O)        0.301    24.361 r  u_shared_mul/u_primary_mul/falcon_sum_carry__1_i_30/O
                         net (fo=3, unplaced)         0.657    25.018    u_shared_mul/u_primary_mul/accumulator55_in[11]
                         CARRY4 (Prop_carry4_DI[1]_O[2])
                                                      0.566    25.584 r  u_shared_mul/u_primary_mul/falcon_sum_carry__1_i_12/O[2]
                         net (fo=1, unplaced)         0.452    26.036    u_shared_mul/u_primary_mul/falcon_sum_carry__1_i_12_n_5
                         LUT5 (Prop_lut5_I0_O)        0.301    26.337 r  u_shared_mul/u_primary_mul/falcon_sum_carry__1_i_22/O
                         net (fo=3, unplaced)         0.657    26.994    u_shared_mul/u_primary_mul/accumulator52_in[12]
                         CARRY4 (Prop_carry4_DI[1]_O[2])
                                                      0.566    27.560 r  u_shared_mul/u_primary_mul/falcon_sum_carry__1_i_9/O[2]
                         net (fo=2, unplaced)         0.463    28.023    u_shared_mul/u_primary_mul/falcon_sum_carry__1_i_9_n_5
                         LUT6 (Prop_lut6_I0_O)        0.301    28.324 r  u_shared_mul/u_primary_mul/falcon_sum_carry__2_i_16/O
                         net (fo=4, unplaced)         0.663    28.987    u_shared_mul/u_primary_mul/accumulator49_in[13]
                         CARRY4 (Prop_carry4_DI[1]_O[2])
                                                      0.566    29.553 r  u_shared_mul/u_primary_mul/falcon_sum_carry__2_i_17/O[2]
                         net (fo=1, unplaced)         0.452    30.005    u_shared_mul/u_primary_mul/falcon_sum_carry__2_i_17_n_5
                         LUT6 (Prop_lut6_I0_O)        0.301    30.306 r  u_shared_mul/u_primary_mul/falcon_sum_carry__2_i_13/O
                         net (fo=4, unplaced)         0.663    30.969    u_shared_mul/u_primary_mul/accumulator46_in[14]
                         CARRY4 (Prop_carry4_DI[1]_O[2])
                                                      0.566    31.535 r  u_shared_mul/u_primary_mul/falcon_sum_carry__2_i_14/O[2]
                         net (fo=1, unplaced)         0.452    31.987    u_shared_mul/u_primary_mul/falcon_sum_carry__2_i_14_n_5
                         LUT6 (Prop_lut6_I0_O)        0.301    32.288 r  u_shared_mul/u_primary_mul/falcon_sum_carry__2_i_31/O
                         net (fo=3, unplaced)         0.657    32.945    u_shared_mul/u_primary_mul/accumulator43_in[15]
                         CARRY4 (Prop_carry4_DI[1]_O[2])
                                                      0.566    33.511 r  u_shared_mul/u_primary_mul/falcon_sum_carry__2_i_12/O[2]
                         net (fo=1, unplaced)         0.452    33.963    u_shared_mul/u_primary_mul/falcon_sum_carry__2_i_12_n_5
                         LUT6 (Prop_lut6_I0_O)        0.301    34.264 r  u_shared_mul/u_primary_mul/falcon_sum_carry__3_i_17/O
                         net (fo=6, unplaced)         0.671    34.935    u_shared_mul/u_primary_mul/accumulator40_in[16]
                         CARRY4 (Prop_carry4_DI[1]_O[2])
                                                      0.566    35.501 r  u_shared_mul/u_primary_mul/falcon_sum_carry__2_i_9/O[2]
                         net (fo=1, unplaced)         0.452    35.953    u_shared_mul/u_primary_mul/falcon_sum_carry__2_i_9_n_5
                         LUT5 (Prop_lut5_I0_O)        0.301    36.254 r  u_shared_mul/u_primary_mul/falcon_sum_carry__3_i_50/O
                         net (fo=3, unplaced)         0.657    36.911    u_shared_mul/u_primary_mul/accumulator37_in[17]
                         CARRY4 (Prop_carry4_DI[1]_O[2])
                                                      0.566    37.477 r  u_shared_mul/u_primary_mul/falcon_sum_carry__3_i_16/O[2]
                         net (fo=1, unplaced)         0.452    37.929    u_shared_mul/u_primary_mul/falcon_sum_carry__3_i_16_n_5
                         LUT6 (Prop_lut6_I2_O)        0.301    38.230 r  u_shared_mul/u_primary_mul/falcon_sum_carry__3_i_12/O
                         net (fo=4, unplaced)         0.663    38.893    u_shared_mul/u_primary_mul/accumulator34_in[18]
                         CARRY4 (Prop_carry4_DI[1]_O[2])
                                                      0.566    39.459 r  u_shared_mul/u_primary_mul/falcon_sum_carry__3_i_13/O[2]
                         net (fo=1, unplaced)         0.452    39.911    u_shared_mul/u_primary_mul/falcon_sum_carry__3_i_13_n_5
                         LUT6 (Prop_lut6_I0_O)        0.301    40.212 r  u_shared_mul/u_primary_mul/falcon_sum_carry__3_i_10/O
                         net (fo=4, unplaced)         0.663    40.875    u_shared_mul/u_primary_mul/accumulator31_in[19]
                         CARRY4 (Prop_carry4_DI[1]_O[2])
                                                      0.566    41.441 r  u_shared_mul/u_primary_mul/falcon_sum_carry__3_i_11/O[2]
                         net (fo=1, unplaced)         0.452    41.893    u_shared_mul/u_primary_mul/falcon_sum_carry__3_i_11_n_5
                         LUT5 (Prop_lut5_I0_O)        0.301    42.194 r  u_shared_mul/u_primary_mul/falcon_sum_carry__3_i_20/O
                         net (fo=3, unplaced)         0.657    42.851    u_shared_mul/u_primary_mul/accumulator28_in[20]
                         CARRY4 (Prop_carry4_DI[1]_O[2])
                                                      0.566    43.417 r  u_shared_mul/u_primary_mul/falcon_sum_carry__3_i_9/O[2]
                         net (fo=1, unplaced)         0.452    43.869    u_shared_mul/u_primary_mul/falcon_sum_carry__3_i_9_n_5
                         LUT6 (Prop_lut6_I0_O)        0.301    44.170 r  u_shared_mul/u_primary_mul/falcon_sum_carry__4_i_16/O
                         net (fo=4, unplaced)         0.663    44.833    u_shared_mul/u_primary_mul/accumulator25_in[21]
                         CARRY4 (Prop_carry4_DI[1]_O[2])
                                                      0.566    45.399 r  u_shared_mul/u_primary_mul/falcon_sum_carry__4_i_17/O[2]
                         net (fo=1, unplaced)         0.452    45.851    u_shared_mul/u_primary_mul/falcon_sum_carry__4_i_17_n_5
                         LUT5 (Prop_lut5_I0_O)        0.301    46.152 r  u_shared_mul/u_primary_mul/falcon_sum_carry__4_i_42/O
                         net (fo=3, unplaced)         0.657    46.809    u_shared_mul/u_primary_mul/accumulator22_in[22]
                         CARRY4 (Prop_carry4_DI[1]_O[2])
                                                      0.566    47.375 r  u_shared_mul/u_primary_mul/falcon_sum_carry__4_i_15/O[2]
                         net (fo=1, unplaced)         0.452    47.827    u_shared_mul/u_primary_mul/falcon_sum_carry__4_i_15_n_5
                         LUT6 (Prop_lut6_I0_O)        0.301    48.128 r  u_shared_mul/u_primary_mul/falcon_sum_carry__4_i_30/O
                         net (fo=3, unplaced)         0.657    48.785    u_shared_mul/u_primary_mul/accumulator19_in[23]
                         CARRY4 (Prop_carry4_DI[1]_O[2])
                                                      0.566    49.351 r  u_shared_mul/u_primary_mul/falcon_sum_carry__4_i_12/O[2]
                         net (fo=1, unplaced)         0.452    49.803    u_shared_mul/u_primary_mul/falcon_sum_carry__4_i_12_n_5
                         LUT6 (Prop_lut6_I0_O)        0.301    50.104 r  u_shared_mul/u_primary_mul/falcon_sum_carry__5_i_18/O
                         net (fo=4, unplaced)         0.663    50.767    u_shared_mul/u_primary_mul/accumulator16_in[24]
                         CARRY4 (Prop_carry4_DI[1]_O[2])
                                                      0.566    51.333 r  u_shared_mul/u_primary_mul/falcon_sum_carry__4_i_9/O[2]
                         net (fo=1, unplaced)         0.452    51.785    u_shared_mul/u_primary_mul/falcon_sum_carry__4_i_9_n_5
                         LUT6 (Prop_lut6_I0_O)        0.301    52.086 r  u_shared_mul/u_primary_mul/falcon_sum_carry__5_i_45/O
                         net (fo=3, unplaced)         0.657    52.743    u_shared_mul/u_primary_mul/accumulator13_in[25]
                         CARRY4 (Prop_carry4_DI[1]_O[2])
                                                      0.566    53.309 r  u_shared_mul/u_primary_mul/falcon_sum_carry__5_i_17/O[2]
                         net (fo=1, unplaced)         0.452    53.761    u_shared_mul/u_primary_mul/falcon_sum_carry__5_i_17_n_5
                         LUT6 (Prop_lut6_I0_O)        0.301    54.062 r  u_shared_mul/u_primary_mul/falcon_sum_carry__5_i_13/O
                         net (fo=6, unplaced)         0.671    54.733    u_shared_mul/u_primary_mul/accumulator10_in[26]
                         CARRY4 (Prop_carry4_DI[1]_O[2])
                                                      0.566    55.299 r  u_shared_mul/u_primary_mul/falcon_sum_carry__5_i_14/O[2]
                         net (fo=1, unplaced)         0.452    55.751    u_shared_mul/u_primary_mul/falcon_sum_carry__5_i_14_n_5
                         LUT5 (Prop_lut5_I0_O)        0.301    56.052 r  u_shared_mul/u_primary_mul/falcon_sum_carry__5_i_28/O
                         net (fo=3, unplaced)         0.657    56.709    u_shared_mul/u_primary_mul/accumulator7_in[27]
                         CARRY4 (Prop_carry4_DI[1]_O[2])
                                                      0.566    57.275 r  u_shared_mul/u_primary_mul/falcon_sum_carry__5_i_12/O[2]
                         net (fo=1, unplaced)         0.452    57.727    u_shared_mul/u_primary_mul/falcon_sum_carry__5_i_12_n_5
                         LUT5 (Prop_lut5_I0_O)        0.301    58.028 r  u_shared_mul/u_primary_mul/falcon_sum_carry__5_i_19/O
                         net (fo=3, unplaced)         0.657    58.685    u_shared_mul/u_primary_mul/accumulator4_in[28]
                         CARRY4 (Prop_carry4_DI[1]_O[2])
                                                      0.566    59.251 r  u_shared_mul/u_primary_mul/falcon_sum_carry__5_i_9/O[2]
                         net (fo=1, unplaced)         0.452    59.703    u_shared_mul/u_primary_mul/falcon_sum_carry__5_i_9_n_5
                         LUT6 (Prop_lut6_I0_O)        0.301    60.004 r  u_shared_mul/u_primary_mul/falcon_sum_carry__6_i_30/O
                         net (fo=3, unplaced)         0.657    60.661    u_shared_mul/u_primary_mul/accumulator1_in[29]
                         CARRY4 (Prop_carry4_DI[1]_O[2])
                                                      0.566    61.227 r  u_shared_mul/u_primary_mul/falcon_sum_carry__6_i_15/O[2]
                         net (fo=1, unplaced)         0.452    61.679    u_shared_mul/u_primary_mul/falcon_sum_carry__6_i_15_n_5
                         LUT6 (Prop_lut6_I4_O)        0.301    61.980 r  u_shared_mul/u_primary_mul/falcon_sum_carry__6_i_22/O
                         net (fo=1, unplaced)         0.000    61.980    u_shared_mul/u_primary_mul/falcon_sum_carry__6_i_22_n_0
                         CARRY4 (Prop_carry4_S[1]_O[2])
                                                      0.578    62.558 r  u_shared_mul/u_primary_mul/falcon_sum_carry__6_i_8/O[2]
                         net (fo=3, unplaced)         0.470    63.028    u_shared_mul/u_primary_mul/falcon_sum_carry__6_i_8_n_5
                         LUT6 (Prop_lut6_I5_O)        0.301    63.329 r  u_shared_mul/u_primary_mul/result_hi_o[2]_INST_0_i_12/O
                         net (fo=1, unplaced)         0.000    63.329    u_shared_mul/u_primary_mul/result_hi_o[2]_INST_0_i_12_n_0
                         CARRY4 (Prop_carry4_S[0]_O[0])
                                                      0.252    63.581 r  u_shared_mul/u_primary_mul/result_hi_o[2]_INST_0_i_3/O[0]
                         net (fo=3, unplaced)         0.329    63.910    u_shared_mul/u_primary_mul/result_hi_o[2]_INST_0_i_3_n_7
                         LUT5 (Prop_lut5_I0_O)        0.295    64.205 r  u_shared_mul/u_primary_mul/stage_a_result_i_25/O
                         net (fo=7, unplaced)         0.484    64.689    u_shared_mul/u_primary_mul/full_prod[31]
                         LUT3 (Prop_lut3_I0_O)        0.124    64.813 r  u_shared_mul/u_primary_mul/stage_a_result_i_7/O
                         net (fo=1, unplaced)         0.800    65.613    u_shared_mul/stage_a_op1[31]
                         DSP48E1 (Prop_dsp48e1_A[14]_P[0])
                                                      3.841    69.454 r  u_shared_mul/stage_a_result/P[0]
                         net (fo=1, unplaced)         0.800    70.253    u_shared_mul/stage_a_result_n_105
                         LUT2 (Prop_lut2_I1_O)        0.124    70.377 r  u_shared_mul/stage_a_result_carry_i_3/O
                         net (fo=1, unplaced)         0.000    70.377    u_shared_mul/stage_a_result_carry_i_3_n_0
                         CARRY4 (Prop_carry4_S[1]_CO[3])
                                                      0.533    70.910 r  u_shared_mul/stage_a_result_carry/CO[3]
                         net (fo=1, unplaced)         0.009    70.919    u_shared_mul/stage_a_result_carry_n_0
                         CARRY4 (Prop_carry4_CI_CO[3])
                                                      0.117    71.036 r  u_shared_mul/stage_a_result_carry__0/CO[3]
                         net (fo=1, unplaced)         0.000    71.036    u_shared_mul/stage_a_result_carry__0_n_0
                         CARRY4 (Prop_carry4_CI_CO[3])
                                                      0.117    71.153 r  u_shared_mul/stage_a_result_carry__1/CO[3]
                         net (fo=1, unplaced)         0.000    71.153    u_shared_mul/stage_a_result_carry__1_n_0
                         CARRY4 (Prop_carry4_CI_O[3])
                                                      0.331    71.484 r  u_shared_mul/stage_a_result_carry__2/O[3]
                         net (fo=2, unplaced)         0.629    72.113    u_shared_mul/stage_a_result__2__0[31]
                         LUT5 (Prop_lut5_I2_O)        0.307    72.420 r  u_shared_mul/modp_tp_i_1/O
                         net (fo=2, unplaced)         0.800    73.220    u_shared_mul/p_1_in[31]
                         DSP48E1 (Prop_dsp48e1_B[14]_PCOUT[47])
                                                      3.851    77.071 r  u_shared_mul/modp_tp/PCOUT[47]
                         net (fo=1, unplaced)         0.055    77.126    u_shared_mul/modp_tp_n_106
                         DSP48E1 (Prop_dsp48e1_PCIN[47]_P[3])
                                                      1.518    78.644 r  u_shared_mul/modp_tp__0/P[3]
                         net (fo=1, unplaced)         0.800    79.444    u_shared_mul/modp_tp__0_n_102
                         LUT2 (Prop_lut2_I1_O)        0.124    79.568 r  u_shared_mul/modp_tp_carry__4_i_3/O
                         net (fo=1, unplaced)         0.000    79.568    u_shared_mul/modp_tp_carry__4_i_3_n_0
                         CARRY4 (Prop_carry4_S[1]_CO[3])
                                                      0.533    80.101 r  u_shared_mul/modp_tp_carry__4/CO[3]
                         net (fo=1, unplaced)         0.000    80.101    u_shared_mul/modp_tp_carry__4_n_0
                         CARRY4 (Prop_carry4_CI_CO[3])
                                                      0.117    80.218 r  u_shared_mul/modp_tp_carry__5/CO[3]
                         net (fo=1, unplaced)         0.000    80.218    u_shared_mul/modp_tp_carry__5_n_0
                         CARRY4 (Prop_carry4_CI_CO[3])
                                                      0.117    80.335 r  u_shared_mul/modp_tp_carry__6/CO[3]
                         net (fo=1, unplaced)         0.000    80.335    u_shared_mul/modp_tp_carry__6_n_0
                         CARRY4 (Prop_carry4_CI_O[1])
                                                      0.337    80.672 r  u_shared_mul/modp_tp_carry__7/O[1]
                         net (fo=1, unplaced)         0.611    81.283    u_shared_mul/modp_tp__3__0[49]
                         LUT2 (Prop_lut2_I1_O)        0.306    81.589 r  u_shared_mul/modp_sub_carry__3_i_12/O
                         net (fo=1, unplaced)         0.000    81.589    u_shared_mul/u_primary_mul/modp_sub_carry__3[1]
                         CARRY4 (Prop_carry4_S[1]_CO[3])
                                                      0.533    82.122 r  u_shared_mul/u_primary_mul/modp_sub_carry__3_i_1/CO[3]
                         net (fo=1, unplaced)         0.000    82.122    u_shared_mul/u_primary_mul/modp_sub_carry__3_i_1_n_0
                         CARRY4 (Prop_carry4_CI_O[3])
                                                      0.331    82.453 r  u_shared_mul/u_primary_mul/modp_sub_carry__4_i_1/O[3]
                         net (fo=2, unplaced)         0.629    83.082    u_shared_mul/u_primary_mul/modp_tp__2[24]
                         LUT2 (Prop_lut2_I0_O)        0.307    83.389 r  u_shared_mul/u_primary_mul/modp_sub_carry__5_i_5/O
                         net (fo=1, unplaced)         0.000    83.389    u_shared_mul/u_primary_mul_n_502
                         CARRY4 (Prop_carry4_S[0]_CO[3])
                                                      0.513    83.902 r  u_shared_mul/modp_sub_carry__5/CO[3]
                         net (fo=1, unplaced)         0.000    83.902    u_shared_mul/modp_sub_carry__5_n_0
                         CARRY4 (Prop_carry4_CI_O[3])
                                                      0.331    84.233 r  u_shared_mul/modp_sub_carry__6/O[3]
                         net (fo=32, unplaced)        0.689    84.922    u_shared_mul/u_primary_mul/modp_final_carry__6[3]
                         LUT3 (Prop_lut3_I2_O)        0.307    85.229 r  u_shared_mul/u_primary_mul/modp_final_carry_i_3/O
                         net (fo=1, unplaced)         0.000    85.229    u_shared_mul/u_primary_mul_n_405
                         CARRY4 (Prop_carry4_S[1]_CO[3])
                                                      0.533    85.762 r  u_shared_mul/modp_final_carry/CO[3]
                         net (fo=1, unplaced)         0.009    85.771    u_shared_mul/modp_final_carry_n_0
                         CARRY4 (Prop_carry4_CI_O[3])
                                                      0.331    86.102 r  u_shared_mul/modp_final_carry__0/O[3]
                         net (fo=1, unplaced)         0.618    86.720    u_shared_mul/u_primary_mul/data4[7]
                         LUT6 (Prop_lut6_I5_O)        0.307    87.027 f  u_shared_mul/u_primary_mul/result_o[7]_INST_0_i_24/O
                         net (fo=1, unplaced)         0.449    87.476    u_shared_mul/u_primary_mul/result_o[7]_INST_0_i_24_n_0
                         LUT6 (Prop_lut6_I5_O)        0.124    87.600 f  u_shared_mul/u_primary_mul/result_o[7]_INST_0_i_9/O
                         net (fo=17, unplaced)        0.505    88.105    u_shared_mul/u_primary_mul/aD2M4dsP[7]
                         LUT2 (Prop_lut2_I1_O)        0.116    88.221 r  u_shared_mul/u_primary_mul/result_o[15]_INST_0_i_150/O
                         net (fo=1, unplaced)         0.000    88.221    u_shared_mul/u_primary_mul/result_o[15]_INST_0_i_150_n_0
                         CARRY4 (Prop_carry4_DI[0]_CO[3])
                                                      0.576    88.797 r  u_shared_mul/u_primary_mul/result_o[15]_INST_0_i_74/CO[3]
                         net (fo=1, unplaced)         0.000    88.797    u_shared_mul/u_primary_mul/result_o[15]_INST_0_i_74_n_0
                         CARRY4 (Prop_carry4_CI_CO[3])
                                                      0.117    88.914 r  u_shared_mul/u_primary_mul/result_o[15]_INST_0_i_23/CO[3]
                         net (fo=1, unplaced)         0.000    88.914    u_shared_mul/u_primary_mul/result_o[15]_INST_0_i_23_n_0
                         CARRY4 (Prop_carry4_CI_O[0])
                                                      0.232    89.146 r  u_shared_mul/u_primary_mul/result_o[15]_INST_0_i_25/O[0]
                         net (fo=7, unplaced)         0.346    89.492    u_shared_mul/u_primary_mul/p_0_in0
                         LUT2 (Prop_lut2_I1_O)        0.295    89.787 r  u_shared_mul/u_primary_mul/result_o[0]_INST_0_i_35/O
                         net (fo=1, unplaced)         0.000    89.787    u_shared_mul/u_primary_mul/result_o[0]_INST_0_i_35_n_0
                         CARRY4 (Prop_carry4_S[0]_CO[3])
                                                      0.513    90.300 r  u_shared_mul/u_primary_mul/result_o[0]_INST_0_i_11/CO[3]
                         net (fo=1, unplaced)         0.009    90.309    u_shared_mul/u_primary_mul/result_o[0]_INST_0_i_11_n_0
                         CARRY4 (Prop_carry4_CI_CO[3])
                                                      0.117    90.426 r  u_shared_mul/u_primary_mul/result_o[7]_INST_0_i_8/CO[3]
                         net (fo=1, unplaced)         0.000    90.426    u_shared_mul/u_primary_mul/result_o[7]_INST_0_i_8_n_0
                         CARRY4 (Prop_carry4_CI_CO[3])
                                                      0.117    90.543 r  u_shared_mul/u_primary_mul/result_o[15]_INST_0_i_22/CO[3]
                         net (fo=1, unplaced)         0.000    90.543    u_shared_mul/u_primary_mul/result_o[15]_INST_0_i_22_n_0
                         CARRY4 (Prop_carry4_CI_O[0])
                                                      0.232    90.775 r  u_shared_mul/u_primary_mul/result_o[15]_INST_0_i_8/O[0]
                         net (fo=1, unplaced)         0.311    91.086    u_shared_mul/u_primary_mul/result_o[15]_INST_0_i_8_n_7
                         LUT6 (Prop_lut6_I5_O)        0.295    91.381 r  u_shared_mul/u_primary_mul/result_o[12]_INST_0_i_9/O
                         net (fo=1, unplaced)         0.449    91.830    u_shared_mul/u_primary_mul/result_o[12]_INST_0_i_9_n_0
                         LUT3 (Prop_lut3_I1_O)        0.124    91.954 f  u_shared_mul/u_primary_mul/result_o[12]_INST_0_i_4/O
                         net (fo=1, unplaced)         0.449    92.403    u_shared_mul/u_primary_mul/result_o[12]_INST_0_i_4_n_0
                         LUT6 (Prop_lut6_I5_O)        0.124    92.527 r  u_shared_mul/u_primary_mul/result_o[12]_INST_0/O
                         net (fo=0)                   0.973    93.500    result_o[12]
                                                                      r  result_o[12] (OUT)
  -------------------------------------------------------------------    -------------------

                         max delay                   20.000    20.000    
                         clock pessimism              0.000    20.000    
                         output delay                -0.000    20.000    
  -------------------------------------------------------------------
                         required time                         20.000    
                         arrival time                         -93.500    
  -------------------------------------------------------------------
                         slack                                -73.500    




