Copyright 1986-2022 Xilinx, Inc. All Rights Reserved. Copyright 2022-2024 Advanced Micro Devices, Inc. All Rights Reserved.
--------------------------------------------------------------------------------------------------------------------------------------------------
| Tool Version      : Vivado v.2024.2 (win64) Build 5239630 Fri Nov 08 22:35:27 MST 2024
| Date              : Mon Sep  7 22:59:26 2026
| Host              : DESKTOP-OKV77IV running 64-bit major release  (build 9200)
| Command           : report_timing -delay_type max -max_paths 10 -nworst 10 -file reports/m0_followup/task3_after_tight_routed_paths.rpt
| Design            : mt_char_wrapper
| Device            : xcau25p-ffvb676
| Speed File        : -2  PRODUCTION 1.29 05-01-2022
| Design State      : Routed
| Temperature Grade : E
--------------------------------------------------------------------------------------------------------------------------------------------------

Timing Report

Slack (VIOLATED) :        -0.470ns  (required time - arrival time)
  Source:                 rs1_q_reg[7]/C
                            (rising edge-triggered cell FDCE clocked by clk  {rise@0.000ns fall@7.000ns period=14.000ns})
  Destination:            sig_reg[9]/D
                            (rising edge-triggered cell FDCE clocked by clk  {rise@0.000ns fall@7.000ns period=14.000ns})
  Path Group:             clk
  Path Type:              Setup (Max at Slow Process Corner)
  Requirement:            14.000ns  (clk rise@14.000ns - clk rise@0.000ns)
  Data Path Delay:        14.464ns  (logic 9.304ns (64.327%)  route 5.160ns (35.673%))
  Logic Levels:           57  (CARRY8=18 DSP_A_B_DATA=3 DSP_ALU=5 DSP_M_DATA=3 DSP_MULTIPLIER=3 DSP_OUTPUT=5 DSP_PREADD_DATA=3 LUT2=4 LUT3=3 LUT4=3 LUT5=1 LUT6=5 MUXF7=1)
  Clock Path Skew:        0.004ns (DCD - SCD + CPR)
    Destination Clock Delay (DCD):    2.355ns = ( 16.355 - 14.000 ) 
    Source Clock Delay      (SCD):    2.968ns
    Clock Pessimism Removal (CPR):    0.617ns
  Clock Uncertainty:      0.035ns  ((TSJ^2 + TIJ^2)^1/2 + DJ) / 2 + PE
    Total System Jitter     (TSJ):    0.071ns
    Total Input Jitter      (TIJ):    0.000ns
    Discrete Jitter          (DJ):    0.000ns
    Phase Error              (PE):    0.000ns
  Clock Net Delay (Source):      1.734ns (routing 0.719ns, distribution 1.015ns)
  Clock Net Delay (Destination): 1.668ns (routing 0.652ns, distribution 1.016ns)

    Location             Delay type                Incr(ns)  Path(ns)    Netlist Resource(s)
  -------------------------------------------------------------------    -------------------
                         (clock clk rise edge)        0.000     0.000 r  
    D14                                               0.000     0.000 r  clk (IN)
                         net (fo=0)                   0.000     0.000    clk_IBUF_inst/I
    D14                  INBUF (Prop_INBUF_HDIOB_M_PAD_O)
                                                      1.002     1.002 r  clk_IBUF_inst/INBUF_INST/O
                         net (fo=1, routed)           0.000     1.002    clk_IBUF_inst/OUT
    D14                  IBUFCTRL (Prop_IBUFCTRL_HDIOB_M_I_O)
                                                      0.000     1.002 r  clk_IBUF_inst/IBUFCTRL_INST/O
                         net (fo=1, routed)           0.204     1.206    clk_IBUF
    BUFGCE_HDIO_X0Y7     BUFGCE (Prop_BUFCE_BUFGCE_HDIO_I_O)
                                                      0.028     1.234 r  clk_IBUF_BUFG_inst/O
    X1Y2 (CLOCK_ROOT)    net (fo=197, routed)         1.734     2.968    clk_IBUF_BUFG
    SLICE_X48Y121        FDCE                                         r  rs1_q_reg[7]/C
  -------------------------------------------------------------------    -------------------
    SLICE_X48Y121        FDCE (Prop_FFF_SLICEL_C_Q)
                                                      0.079     3.047 r  rs1_q_reg[7]/Q
                         net (fo=44, routed)          0.288     3.335    dut/u_shared_mul/u_primary_mul/rs1_q[7]
    SLICE_X48Y120        LUT4 (Prop_D6LUT_SLICEL_I2_O)
                                                      0.089     3.424 r  dut/u_shared_mul/u_primary_mul/int_prod_i_173/O
                         net (fo=1, routed)           0.009     3.433    dut/u_shared_mul/u_primary_mul/int_prod_i_173_n_0
    SLICE_X48Y120        CARRY8 (Prop_CARRY8_SLICEL_S[3]_CO[7])
                                                      0.161     3.594 r  dut/u_shared_mul/u_primary_mul/int_prod_i_157/CO[7]
                         net (fo=9, routed)           0.206     3.800    dut/u_shared_mul/u_primary_mul/mul_op_b2
    SLICE_X49Y121        LUT3 (Prop_A6LUT_SLICEM_I1_O)
                                                      0.053     3.853 r  dut/u_shared_mul/u_primary_mul/int_prod_i_140/O
                         net (fo=1, routed)           0.013     3.866    dut/u_shared_mul/u_primary_mul/int_prod_i_140_n_0
    SLICE_X49Y121        CARRY8 (Prop_CARRY8_SLICEM_S[0]_CO[7])
                                                      0.192     4.058 r  dut/u_shared_mul/u_primary_mul/int_prod_i_76/CO[7]
                         net (fo=1, routed)           0.026     4.084    dut/u_shared_mul/u_primary_mul/int_prod_i_76_n_0
    SLICE_X49Y122        CARRY8 (Prop_CARRY8_SLICEM_CI_O[7])
                                                      0.116     4.200 f  dut/u_shared_mul/u_primary_mul/int_prod_i_73/O[7]
                         net (fo=2, routed)           0.179     4.379    dut/u_shared_mul/u_primary_mul/O[7]
    SLICE_X48Y123        LUT3 (Prop_B6LUT_SLICEL_I0_O)
                                                      0.036     4.415 f  dut/u_shared_mul/u_primary_mul/int_prod_i_40/O
                         net (fo=2, routed)           0.143     4.558    dut/u_shared_mul/u_primary_mul/int_prod_i_40_n_0
    SLICE_X48Y124        LUT6 (Prop_A6LUT_SLICEL_I2_O)
                                                      0.050     4.608 f  dut/u_shared_mul/u_primary_mul/int_prod_i_17_replica/O
                         net (fo=1, routed)           0.175     4.783    dut/u_shared_mul/u_primary_mul/int_prod__1/B[15]
    DSP48E2_X7Y48        DSP_A_B_DATA (Prop_DSP_A_B_DATA_DSP48E2_B[15]_B2_DATA[15])
                                                      0.151     4.934 r  dut/u_shared_mul/u_primary_mul/int_prod__1/DSP_A_B_DATA_INST/B2_DATA[15]
                         net (fo=1, routed)           0.000     4.934    dut/u_shared_mul/u_primary_mul/int_prod__1/DSP_A_B_DATA.B2_DATA<15>
    DSP48E2_X7Y48        DSP_PREADD_DATA (Prop_DSP_PREADD_DATA_DSP48E2_B2_DATA[15]_B2B1[15])
                                                      0.073     5.007 r  dut/u_shared_mul/u_primary_mul/int_prod__1/DSP_PREADD_DATA_INST/B2B1[15]
                         net (fo=1, routed)           0.000     5.007    dut/u_shared_mul/u_primary_mul/int_prod__1/DSP_PREADD_DATA.B2B1<15>
    DSP48E2_X7Y48        DSP_MULTIPLIER (Prop_DSP_MULTIPLIER_DSP48E2_B2B1[15]_V[16])
                                                      0.609     5.616 f  dut/u_shared_mul/u_primary_mul/int_prod__1/DSP_MULTIPLIER_INST/V[16]
                         net (fo=1, routed)           0.000     5.616    dut/u_shared_mul/u_primary_mul/int_prod__1/DSP_MULTIPLIER.V<16>
    DSP48E2_X7Y48        DSP_M_DATA (Prop_DSP_M_DATA_DSP48E2_V[16]_V_DATA[16])
                                                      0.046     5.662 r  dut/u_shared_mul/u_primary_mul/int_prod__1/DSP_M_DATA_INST/V_DATA[16]
                         net (fo=1, routed)           0.000     5.662    dut/u_shared_mul/u_primary_mul/int_prod__1/DSP_M_DATA.V_DATA<16>
    DSP48E2_X7Y48        DSP_ALU (Prop_DSP_ALU_DSP48E2_V_DATA[16]_ALU_OUT[16])
                                                      0.571     6.233 f  dut/u_shared_mul/u_primary_mul/int_prod__1/DSP_ALU_INST/ALU_OUT[16]
                         net (fo=1, routed)           0.000     6.233    dut/u_shared_mul/u_primary_mul/int_prod__1/DSP_ALU.ALU_OUT<16>
    DSP48E2_X7Y48        DSP_OUTPUT (Prop_DSP_OUTPUT_DSP48E2_ALU_OUT[16]_P[16])
                                                      0.109     6.342 r  dut/u_shared_mul/u_primary_mul/int_prod__1/DSP_OUTPUT_INST/P[16]
                         net (fo=1, routed)           0.365     6.707    dut/u_shared_mul/u_primary_mul/int_prod__1_n_89
    SLICE_X49Y115        CARRY8 (Prop_CARRY8_SLICEM_S[0]_O[0])
                                                      0.065     6.772 f  dut/u_shared_mul/u_primary_mul/int_prod_carry/O[0]
                         net (fo=2, routed)           0.232     7.004    dut/u_shared_mul/u_primary_mul/int_prod__3__0[16]
    SLICE_X51Y116        LUT6 (Prop_G6LUT_SLICEL_I4_O)
                                                      0.050     7.054 f  dut/u_shared_mul/u_primary_mul/stage_a_result__0_i_3_comp/O
                         net (fo=1, routed)           0.267     7.321    dut/u_shared_mul/stage_a_result__0/A[16]
    DSP48E2_X7Y44        DSP_A_B_DATA (Prop_DSP_A_B_DATA_DSP48E2_A[16]_A2_DATA[16])
                                                      0.192     7.513 r  dut/u_shared_mul/stage_a_result__0/DSP_A_B_DATA_INST/A2_DATA[16]
                         net (fo=1, routed)           0.000     7.513    dut/u_shared_mul/stage_a_result__0/DSP_A_B_DATA.A2_DATA<16>
    DSP48E2_X7Y44        DSP_PREADD_DATA (Prop_DSP_PREADD_DATA_DSP48E2_A2_DATA[16]_A2A1[16])
                                                      0.076     7.589 r  dut/u_shared_mul/stage_a_result__0/DSP_PREADD_DATA_INST/A2A1[16]
                         net (fo=1, routed)           0.000     7.589    dut/u_shared_mul/stage_a_result__0/DSP_PREADD_DATA.A2A1<16>
    DSP48E2_X7Y44        DSP_MULTIPLIER (Prop_DSP_MULTIPLIER_DSP48E2_A2A1[16]_U[36])
                                                      0.505     8.094 f  dut/u_shared_mul/stage_a_result__0/DSP_MULTIPLIER_INST/U[36]
                         net (fo=1, routed)           0.000     8.094    dut/u_shared_mul/stage_a_result__0/DSP_MULTIPLIER.U<36>
    DSP48E2_X7Y44        DSP_M_DATA (Prop_DSP_M_DATA_DSP48E2_U[36]_U_DATA[36])
                                                      0.047     8.141 r  dut/u_shared_mul/stage_a_result__0/DSP_M_DATA_INST/U_DATA[36]
                         net (fo=1, routed)           0.000     8.141    dut/u_shared_mul/stage_a_result__0/DSP_M_DATA.U_DATA<36>
    DSP48E2_X7Y44        DSP_ALU (Prop_DSP_ALU_DSP48E2_U_DATA[36]_ALU_OUT[47])
                                                      0.585     8.726 f  dut/u_shared_mul/stage_a_result__0/DSP_ALU_INST/ALU_OUT[47]
                         net (fo=1, routed)           0.000     8.726    dut/u_shared_mul/stage_a_result__0/DSP_ALU.ALU_OUT<47>
    DSP48E2_X7Y44        DSP_OUTPUT (Prop_DSP_OUTPUT_DSP48E2_ALU_OUT[47]_PCOUT[47])
                                                      0.122     8.848 r  dut/u_shared_mul/stage_a_result__0/DSP_OUTPUT_INST/PCOUT[47]
                         net (fo=1, routed)           0.014     8.862    dut/u_shared_mul/stage_a_result__1/PCIN[47]
    DSP48E2_X7Y45        DSP_ALU (Prop_DSP_ALU_DSP48E2_PCIN[47]_ALU_OUT[4])
                                                      0.546     9.408 f  dut/u_shared_mul/stage_a_result__1/DSP_ALU_INST/ALU_OUT[4]
                         net (fo=1, routed)           0.000     9.408    dut/u_shared_mul/stage_a_result__1/DSP_ALU.ALU_OUT<4>
    DSP48E2_X7Y45        DSP_OUTPUT (Prop_DSP_OUTPUT_DSP48E2_ALU_OUT[4]_P[4])
                                                      0.109     9.517 r  dut/u_shared_mul/stage_a_result__1/DSP_OUTPUT_INST/P[4]
                         net (fo=2, routed)           0.302     9.819    dut/u_shared_mul/stage_a_result__1_n_101
    SLICE_X48Y112        LUT2 (Prop_F6LUT_SLICEL_I0_O)
                                                      0.049     9.868 r  dut/u_shared_mul/modp_tp_i_28/O
                         net (fo=1, routed)           0.011     9.879    dut/u_shared_mul/modp_tp_i_28_n_0
    SLICE_X48Y112        CARRY8 (Prop_CARRY8_SLICEL_S[5]_CO[7])
                                                      0.155    10.034 r  dut/u_shared_mul/modp_tp_i_17/CO[7]
                         net (fo=1, routed)           0.026    10.060    dut/u_shared_mul/modp_tp_i_17_n_0
    SLICE_X48Y113        CARRY8 (Prop_CARRY8_SLICEL_CI_O[1])
                                                      0.076    10.136 f  dut/u_shared_mul/modp_tp_i_16/O[1]
                         net (fo=2, routed)           0.137    10.273    dut/u_shared_mul/stage_a_result__2[25]
    SLICE_X49Y113        LUT5 (Prop_H6LUT_SLICEM_I4_O)
                                                      0.053    10.326 f  dut/u_shared_mul/modp_tp_i_7/O
                         net (fo=2, routed)           0.278    10.604    dut/u_shared_mul/modp_tp/B[8]
    DSP48E2_X8Y44        DSP_A_B_DATA (Prop_DSP_A_B_DATA_DSP48E2_B[8]_B2_DATA[8])
                                                      0.151    10.755 r  dut/u_shared_mul/modp_tp/DSP_A_B_DATA_INST/B2_DATA[8]
                         net (fo=1, routed)           0.000    10.755    dut/u_shared_mul/modp_tp/DSP_A_B_DATA.B2_DATA<8>
    DSP48E2_X8Y44        DSP_PREADD_DATA (Prop_DSP_PREADD_DATA_DSP48E2_B2_DATA[8]_B2B1[8])
                                                      0.073    10.828 r  dut/u_shared_mul/modp_tp/DSP_PREADD_DATA_INST/B2B1[8]
                         net (fo=1, routed)           0.000    10.828    dut/u_shared_mul/modp_tp/DSP_PREADD_DATA.B2B1<8>
    DSP48E2_X8Y44        DSP_MULTIPLIER (Prop_DSP_MULTIPLIER_DSP48E2_B2B1[8]_V[37])
                                                      0.609    11.437 f  dut/u_shared_mul/modp_tp/DSP_MULTIPLIER_INST/V[37]
                         net (fo=1, routed)           0.000    11.437    dut/u_shared_mul/modp_tp/DSP_MULTIPLIER.V<37>
    DSP48E2_X8Y44        DSP_M_DATA (Prop_DSP_M_DATA_DSP48E2_V[37]_V_DATA[37])
                                                      0.046    11.483 r  dut/u_shared_mul/modp_tp/DSP_M_DATA_INST/V_DATA[37]
                         net (fo=1, routed)           0.000    11.483    dut/u_shared_mul/modp_tp/DSP_M_DATA.V_DATA<37>
    DSP48E2_X8Y44        DSP_ALU (Prop_DSP_ALU_DSP48E2_V_DATA[37]_ALU_OUT[47])
                                                      0.571    12.054 f  dut/u_shared_mul/modp_tp/DSP_ALU_INST/ALU_OUT[47]
                         net (fo=1, routed)           0.000    12.054    dut/u_shared_mul/modp_tp/DSP_ALU.ALU_OUT<47>
    DSP48E2_X8Y44        DSP_OUTPUT (Prop_DSP_OUTPUT_DSP48E2_ALU_OUT[47]_PCOUT[47])
                                                      0.122    12.176 r  dut/u_shared_mul/modp_tp/DSP_OUTPUT_INST/PCOUT[47]
                         net (fo=1, routed)           0.014    12.190    dut/u_shared_mul/modp_tp__0/PCIN[47]
    DSP48E2_X8Y45        DSP_ALU (Prop_DSP_ALU_DSP48E2_PCIN[47]_ALU_OUT[0])
                                                      0.546    12.736 f  dut/u_shared_mul/modp_tp__0/DSP_ALU_INST/ALU_OUT[0]
                         net (fo=1, routed)           0.000    12.736    dut/u_shared_mul/modp_tp__0/DSP_ALU.ALU_OUT<0>
    DSP48E2_X8Y45        DSP_OUTPUT (Prop_DSP_OUTPUT_DSP48E2_ALU_OUT[0]_P[0])
                                                      0.109    12.845 r  dut/u_shared_mul/modp_tp__0/DSP_OUTPUT_INST/P[0]
                         net (fo=1, routed)           0.243    13.088    dut/u_shared_mul/modp_tp__0_n_105
    SLICE_X50Y109        LUT2 (Prop_C6LUT_SLICEM_I1_O)
                                                      0.098    13.186 r  dut/u_shared_mul/reg_B[0]_i_122/O
                         net (fo=1, routed)           0.021    13.207    dut/u_shared_mul/reg_B[0]_i_122_n_0
    SLICE_X50Y109        CARRY8 (Prop_CARRY8_SLICEM_S[2]_CO[7])
                                                      0.161    13.368 r  dut/u_shared_mul/reg_B_reg[0]_i_106/CO[7]
                         net (fo=1, routed)           0.026    13.394    dut/u_shared_mul/reg_B_reg[0]_i_106_n_0
    SLICE_X50Y110        CARRY8 (Prop_CARRY8_SLICEM_CI_O[5])
                                                      0.116    13.510 r  dut/u_shared_mul/reg_B_reg[23]_i_122/O[5]
                         net (fo=1, routed)           0.211    13.721    dut/u_shared_mul/u_primary_mul/modp_tp__3[29]
    SLICE_X49Y111        LUT4 (Prop_F6LUT_SLICEM_I3_O)
                                                      0.051    13.772 r  dut/u_shared_mul/u_primary_mul/reg_B[23]_i_106/O
                         net (fo=1, routed)           0.022    13.794    dut/u_shared_mul/u_primary_mul/reg_B[23]_i_106_n_0
    SLICE_X49Y111        CARRY8 (Prop_CARRY8_SLICEM_S[5]_CO[7])
                                                      0.159    13.953 r  dut/u_shared_mul/u_primary_mul/reg_B_reg[23]_i_31/CO[7]
                         net (fo=1, routed)           0.026    13.979    dut/u_shared_mul/u_primary_mul/reg_B_reg[23]_i_31_n_0
    SLICE_X49Y112        CARRY8 (Prop_CARRY8_SLICEM_CI_O[5])
                                                      0.116    14.095 r  dut/u_shared_mul/u_primary_mul/reg_B_reg[30]_i_19/O[5]
                         net (fo=2, routed)           0.280    14.375    dut/u_shared_mul/u_primary_mul/modp_shifted[22]
    SLICE_X52Y112        LUT2 (Prop_G6LUT_SLICEM_I0_O)
                                                      0.090    14.465 r  dut/u_shared_mul/u_primary_mul/reg_B[23]_i_33/O
                         net (fo=1, routed)           0.016    14.481    dut/u_shared_mul/u_primary_mul/reg_B[23]_i_33_n_0
    SLICE_X52Y112        CARRY8 (Prop_CARRY8_SLICEM_S[6]_CO[7])
                                                      0.117    14.598 r  dut/u_shared_mul/u_primary_mul/reg_B_reg[23]_i_10/CO[7]
                         net (fo=1, routed)           0.026    14.624    dut/u_shared_mul/u_primary_mul/reg_B_reg[23]_i_10_n_0
    SLICE_X52Y113        CARRY8 (Prop_CARRY8_SLICEM_CI_O[7])
                                                      0.116    14.740 r  dut/u_shared_mul/u_primary_mul/reg_B_reg[30]_i_7/O[7]
                         net (fo=32, routed)          0.274    15.014    dut/u_shared_mul/u_primary_mul/modp_sub[31]
    SLICE_X53Y111        LUT3 (Prop_F6LUT_SLICEM_I2_O)
                                                      0.037    15.051 r  dut/u_shared_mul/u_primary_mul/reg_B[0]_i_13/O
                         net (fo=1, routed)           0.022    15.073    dut/u_shared_mul/u_primary_mul/reg_B[0]_i_13_n_0
    SLICE_X53Y111        CARRY8 (Prop_CARRY8_SLICEM_S[5]_CO[7])
                                                      0.159    15.232 r  dut/u_shared_mul/u_primary_mul/reg_B_reg[0]_i_4/CO[7]
                         net (fo=1, routed)           0.026    15.258    dut/u_shared_mul/u_primary_mul/reg_B_reg[0]_i_4_n_0
    SLICE_X53Y112        CARRY8 (Prop_CARRY8_SLICEM_CI_O[3])
                                                      0.082    15.340 r  dut/u_shared_mul/u_primary_mul/reg_B_reg[23]_i_9/O[3]
                         net (fo=1, routed)           0.182    15.522    dut/u_shared_mul/u_primary_mul/data4[11]
    SLICE_X54Y112        LUT6 (Prop_C6LUT_SLICEL_I0_O)
                                                      0.035    15.557 r  dut/u_shared_mul/u_primary_mul/reg_B[11]_i_5/O
                         net (fo=1, routed)           0.010    15.567    dut/u_shared_mul/u_primary_mul/reg_B[11]_i_5_n_0
    SLICE_X54Y112        MUXF7 (Prop_F7MUX_CD_SLICEL_I1_O)
                                                      0.064    15.631 r  dut/u_shared_mul/u_primary_mul/reg_B_reg[11]_i_2/O
                         net (fo=15, routed)          0.299    15.930    dut/u_shared_mul/u_primary_mul/mul_res_lo[11]
    SLICE_X53Y108        LUT4 (Prop_E6LUT_SLICEM_I2_O)
                                                      0.091    16.021 r  dut/u_shared_mul/u_primary_mul/sig[15]_i_87/O
                         net (fo=1, routed)           0.014    16.035    dut/u_shared_mul/u_primary_mul/sig[15]_i_87_n_0
    SLICE_X53Y108        CARRY8 (Prop_CARRY8_SLICEM_S[4]_CO[7])
                                                      0.156    16.191 r  dut/u_shared_mul/u_primary_mul/sig_reg[15]_i_34/CO[7]
                         net (fo=1, routed)           0.026    16.217    dut/u_shared_mul/u_primary_mul/sig_reg[15]_i_34_n_0
    SLICE_X53Y109        CARRY8 (Prop_CARRY8_SLICEM_CI_O[0])
                                                      0.056    16.273 r  dut/u_shared_mul/u_primary_mul/sig_reg[15]_i_36/O[0]
                         net (fo=7, routed)           0.238    16.511    dut/u_shared_mul/u_primary_mul/p_0_in0
    SLICE_X52Y108        LUT2 (Prop_A6LUT_SLICEM_I1_O)
                                                      0.053    16.564 r  dut/u_shared_mul/u_primary_mul/sig[15]_i_75/O
                         net (fo=1, routed)           0.013    16.577    dut/u_shared_mul/u_primary_mul/sig[15]_i_75_n_0
    SLICE_X52Y108        CARRY8 (Prop_CARRY8_SLICEM_S[0]_CO[7])
                                                      0.192    16.769 r  dut/u_shared_mul/u_primary_mul/sig_reg[15]_i_33/CO[7]
                         net (fo=1, routed)           0.026    16.795    dut/u_shared_mul/u_primary_mul/sig_reg[15]_i_33_n_0
    SLICE_X52Y109        CARRY8 (Prop_CARRY8_SLICEM_CI_O[1])
                                                      0.076    16.871 r  dut/u_shared_mul/u_primary_mul/sig_reg[15]_i_8/O[1]
                         net (fo=1, routed)           0.334    17.205    dut/u_shared_mul/u_primary_mul/sig_reg[15]_i_8_n_14
    SLICE_X45Y109        LUT6 (Prop_D6LUT_SLICEL_I3_O)
                                                      0.050    17.255 r  dut/u_shared_mul/u_primary_mul/sig[9]_i_3/O
                         net (fo=1, routed)           0.084    17.339    dut/u_shared_mul/u_primary_mul/sig[9]_i_3_n_0
    SLICE_X44Y109        LUT6 (Prop_E6LUT_SLICEM_I2_O)
                                                      0.037    17.376 r  dut/u_shared_mul/u_primary_mul/sig[9]_i_1/O
                         net (fo=1, routed)           0.055    17.431    dut_n_23
    SLICE_X44Y109        FDCE                                         r  sig_reg[9]/D
  -------------------------------------------------------------------    -------------------

                         (clock clk rise edge)       14.000    14.000 r  
    D14                                               0.000    14.000 r  clk (IN)
                         net (fo=0)                   0.000    14.000    clk_IBUF_inst/I
    D14                  INBUF (Prop_INBUF_HDIOB_M_PAD_O)
                                                      0.495    14.495 r  clk_IBUF_inst/INBUF_INST/O
                         net (fo=1, routed)           0.000    14.495    clk_IBUF_inst/OUT
    D14                  IBUFCTRL (Prop_IBUFCTRL_HDIOB_M_I_O)
                                                      0.000    14.495 r  clk_IBUF_inst/IBUFCTRL_INST/O
                         net (fo=1, routed)           0.169    14.664    clk_IBUF
    BUFGCE_HDIO_X0Y7     BUFGCE (Prop_BUFCE_BUFGCE_HDIO_I_O)
                                                      0.024    14.688 r  clk_IBUF_BUFG_inst/O
    X1Y2 (CLOCK_ROOT)    net (fo=197, routed)         1.668    16.355    clk_IBUF_BUFG
    SLICE_X44Y109        FDCE                                         r  sig_reg[9]/C
                         clock pessimism              0.617    16.972    
                         clock uncertainty           -0.035    16.937    
    SLICE_X44Y109        FDCE (Setup_EFF_SLICEM_C_D)
                                                      0.025    16.962    sig_reg[9]
  -------------------------------------------------------------------
                         required time                         16.962    
                         arrival time                         -17.431    
  -------------------------------------------------------------------
                         slack                                 -0.470    

Slack (VIOLATED) :        -0.470ns  (required time - arrival time)
  Source:                 rs1_q_reg[7]/C
                            (rising edge-triggered cell FDCE clocked by clk  {rise@0.000ns fall@7.000ns period=14.000ns})
  Destination:            sig_reg[9]/D
                            (rising edge-triggered cell FDCE clocked by clk  {rise@0.000ns fall@7.000ns period=14.000ns})
  Path Group:             clk
  Path Type:              Setup (Max at Slow Process Corner)
  Requirement:            14.000ns  (clk rise@14.000ns - clk rise@0.000ns)
  Data Path Delay:        14.464ns  (logic 9.304ns (64.327%)  route 5.160ns (35.673%))
  Logic Levels:           57  (CARRY8=18 DSP_A_B_DATA=3 DSP_ALU=5 DSP_M_DATA=3 DSP_MULTIPLIER=3 DSP_OUTPUT=5 DSP_PREADD_DATA=3 LUT2=4 LUT3=3 LUT4=3 LUT5=1 LUT6=5 MUXF7=1)
  Clock Path Skew:        0.004ns (DCD - SCD + CPR)
    Destination Clock Delay (DCD):    2.355ns = ( 16.355 - 14.000 ) 
    Source Clock Delay      (SCD):    2.968ns
    Clock Pessimism Removal (CPR):    0.617ns
  Clock Uncertainty:      0.035ns  ((TSJ^2 + TIJ^2)^1/2 + DJ) / 2 + PE
    Total System Jitter     (TSJ):    0.071ns
    Total Input Jitter      (TIJ):    0.000ns
    Discrete Jitter          (DJ):    0.000ns
    Phase Error              (PE):    0.000ns
  Clock Net Delay (Source):      1.734ns (routing 0.719ns, distribution 1.015ns)
  Clock Net Delay (Destination): 1.668ns (routing 0.652ns, distribution 1.016ns)

    Location             Delay type                Incr(ns)  Path(ns)    Netlist Resource(s)
  -------------------------------------------------------------------    -------------------
                         (clock clk rise edge)        0.000     0.000 r  
    D14                                               0.000     0.000 r  clk (IN)
                         net (fo=0)                   0.000     0.000    clk_IBUF_inst/I
    D14                  INBUF (Prop_INBUF_HDIOB_M_PAD_O)
                                                      1.002     1.002 r  clk_IBUF_inst/INBUF_INST/O
                         net (fo=1, routed)           0.000     1.002    clk_IBUF_inst/OUT
    D14                  IBUFCTRL (Prop_IBUFCTRL_HDIOB_M_I_O)
                                                      0.000     1.002 r  clk_IBUF_inst/IBUFCTRL_INST/O
                         net (fo=1, routed)           0.204     1.206    clk_IBUF
    BUFGCE_HDIO_X0Y7     BUFGCE (Prop_BUFCE_BUFGCE_HDIO_I_O)
                                                      0.028     1.234 r  clk_IBUF_BUFG_inst/O
    X1Y2 (CLOCK_ROOT)    net (fo=197, routed)         1.734     2.968    clk_IBUF_BUFG
    SLICE_X48Y121        FDCE                                         r  rs1_q_reg[7]/C
  -------------------------------------------------------------------    -------------------
    SLICE_X48Y121        FDCE (Prop_FFF_SLICEL_C_Q)
                                                      0.079     3.047 r  rs1_q_reg[7]/Q
                         net (fo=44, routed)          0.288     3.335    dut/u_shared_mul/u_primary_mul/rs1_q[7]
    SLICE_X48Y120        LUT4 (Prop_D6LUT_SLICEL_I2_O)
                                                      0.089     3.424 r  dut/u_shared_mul/u_primary_mul/int_prod_i_173/O
                         net (fo=1, routed)           0.009     3.433    dut/u_shared_mul/u_primary_mul/int_prod_i_173_n_0
    SLICE_X48Y120        CARRY8 (Prop_CARRY8_SLICEL_S[3]_CO[7])
                                                      0.161     3.594 r  dut/u_shared_mul/u_primary_mul/int_prod_i_157/CO[7]
                         net (fo=9, routed)           0.206     3.800    dut/u_shared_mul/u_primary_mul/mul_op_b2
    SLICE_X49Y121        LUT3 (Prop_A6LUT_SLICEM_I1_O)
                                                      0.053     3.853 r  dut/u_shared_mul/u_primary_mul/int_prod_i_140/O
                         net (fo=1, routed)           0.013     3.866    dut/u_shared_mul/u_primary_mul/int_prod_i_140_n_0
    SLICE_X49Y121        CARRY8 (Prop_CARRY8_SLICEM_S[0]_CO[7])
                                                      0.192     4.058 r  dut/u_shared_mul/u_primary_mul/int_prod_i_76/CO[7]
                         net (fo=1, routed)           0.026     4.084    dut/u_shared_mul/u_primary_mul/int_prod_i_76_n_0
    SLICE_X49Y122        CARRY8 (Prop_CARRY8_SLICEM_CI_O[7])
                                                      0.116     4.200 f  dut/u_shared_mul/u_primary_mul/int_prod_i_73/O[7]
                         net (fo=2, routed)           0.179     4.379    dut/u_shared_mul/u_primary_mul/O[7]
    SLICE_X48Y123        LUT3 (Prop_B6LUT_SLICEL_I0_O)
                                                      0.036     4.415 f  dut/u_shared_mul/u_primary_mul/int_prod_i_40/O
                         net (fo=2, routed)           0.143     4.558    dut/u_shared_mul/u_primary_mul/int_prod_i_40_n_0
    SLICE_X48Y124        LUT6 (Prop_A6LUT_SLICEL_I2_O)
                                                      0.050     4.608 f  dut/u_shared_mul/u_primary_mul/int_prod_i_17_replica/O
                         net (fo=1, routed)           0.175     4.783    dut/u_shared_mul/u_primary_mul/int_prod__1/B[15]
    DSP48E2_X7Y48        DSP_A_B_DATA (Prop_DSP_A_B_DATA_DSP48E2_B[15]_B2_DATA[15])
                                                      0.151     4.934 r  dut/u_shared_mul/u_primary_mul/int_prod__1/DSP_A_B_DATA_INST/B2_DATA[15]
                         net (fo=1, routed)           0.000     4.934    dut/u_shared_mul/u_primary_mul/int_prod__1/DSP_A_B_DATA.B2_DATA<15>
    DSP48E2_X7Y48        DSP_PREADD_DATA (Prop_DSP_PREADD_DATA_DSP48E2_B2_DATA[15]_B2B1[15])
                                                      0.073     5.007 r  dut/u_shared_mul/u_primary_mul/int_prod__1/DSP_PREADD_DATA_INST/B2B1[15]
                         net (fo=1, routed)           0.000     5.007    dut/u_shared_mul/u_primary_mul/int_prod__1/DSP_PREADD_DATA.B2B1<15>
    DSP48E2_X7Y48        DSP_MULTIPLIER (Prop_DSP_MULTIPLIER_DSP48E2_B2B1[15]_V[16])
                                                      0.609     5.616 f  dut/u_shared_mul/u_primary_mul/int_prod__1/DSP_MULTIPLIER_INST/V[16]
                         net (fo=1, routed)           0.000     5.616    dut/u_shared_mul/u_primary_mul/int_prod__1/DSP_MULTIPLIER.V<16>
    DSP48E2_X7Y48        DSP_M_DATA (Prop_DSP_M_DATA_DSP48E2_V[16]_V_DATA[16])
                                                      0.046     5.662 r  dut/u_shared_mul/u_primary_mul/int_prod__1/DSP_M_DATA_INST/V_DATA[16]
                         net (fo=1, routed)           0.000     5.662    dut/u_shared_mul/u_primary_mul/int_prod__1/DSP_M_DATA.V_DATA<16>
    DSP48E2_X7Y48        DSP_ALU (Prop_DSP_ALU_DSP48E2_V_DATA[16]_ALU_OUT[16])
                                                      0.571     6.233 f  dut/u_shared_mul/u_primary_mul/int_prod__1/DSP_ALU_INST/ALU_OUT[16]
                         net (fo=1, routed)           0.000     6.233    dut/u_shared_mul/u_primary_mul/int_prod__1/DSP_ALU.ALU_OUT<16>
    DSP48E2_X7Y48        DSP_OUTPUT (Prop_DSP_OUTPUT_DSP48E2_ALU_OUT[16]_P[16])
                                                      0.109     6.342 r  dut/u_shared_mul/u_primary_mul/int_prod__1/DSP_OUTPUT_INST/P[16]
                         net (fo=1, routed)           0.365     6.707    dut/u_shared_mul/u_primary_mul/int_prod__1_n_89
    SLICE_X49Y115        CARRY8 (Prop_CARRY8_SLICEM_S[0]_O[0])
                                                      0.065     6.772 f  dut/u_shared_mul/u_primary_mul/int_prod_carry/O[0]
                         net (fo=2, routed)           0.232     7.004    dut/u_shared_mul/u_primary_mul/int_prod__3__0[16]
    SLICE_X51Y116        LUT6 (Prop_G6LUT_SLICEL_I4_O)
                                                      0.050     7.054 f  dut/u_shared_mul/u_primary_mul/stage_a_result__0_i_3_comp/O
                         net (fo=1, routed)           0.267     7.321    dut/u_shared_mul/stage_a_result__0/A[16]
    DSP48E2_X7Y44        DSP_A_B_DATA (Prop_DSP_A_B_DATA_DSP48E2_A[16]_A2_DATA[16])
                                                      0.192     7.513 r  dut/u_shared_mul/stage_a_result__0/DSP_A_B_DATA_INST/A2_DATA[16]
                         net (fo=1, routed)           0.000     7.513    dut/u_shared_mul/stage_a_result__0/DSP_A_B_DATA.A2_DATA<16>
    DSP48E2_X7Y44        DSP_PREADD_DATA (Prop_DSP_PREADD_DATA_DSP48E2_A2_DATA[16]_A2A1[16])
                                                      0.076     7.589 r  dut/u_shared_mul/stage_a_result__0/DSP_PREADD_DATA_INST/A2A1[16]
                         net (fo=1, routed)           0.000     7.589    dut/u_shared_mul/stage_a_result__0/DSP_PREADD_DATA.A2A1<16>
    DSP48E2_X7Y44        DSP_MULTIPLIER (Prop_DSP_MULTIPLIER_DSP48E2_A2A1[16]_U[36])
                                                      0.505     8.094 f  dut/u_shared_mul/stage_a_result__0/DSP_MULTIPLIER_INST/U[36]
                         net (fo=1, routed)           0.000     8.094    dut/u_shared_mul/stage_a_result__0/DSP_MULTIPLIER.U<36>
    DSP48E2_X7Y44        DSP_M_DATA (Prop_DSP_M_DATA_DSP48E2_U[36]_U_DATA[36])
                                                      0.047     8.141 r  dut/u_shared_mul/stage_a_result__0/DSP_M_DATA_INST/U_DATA[36]
                         net (fo=1, routed)           0.000     8.141    dut/u_shared_mul/stage_a_result__0/DSP_M_DATA.U_DATA<36>
    DSP48E2_X7Y44        DSP_ALU (Prop_DSP_ALU_DSP48E2_U_DATA[36]_ALU_OUT[47])
                                                      0.585     8.726 f  dut/u_shared_mul/stage_a_result__0/DSP_ALU_INST/ALU_OUT[47]
                         net (fo=1, routed)           0.000     8.726    dut/u_shared_mul/stage_a_result__0/DSP_ALU.ALU_OUT<47>
    DSP48E2_X7Y44        DSP_OUTPUT (Prop_DSP_OUTPUT_DSP48E2_ALU_OUT[47]_PCOUT[47])
                                                      0.122     8.848 r  dut/u_shared_mul/stage_a_result__0/DSP_OUTPUT_INST/PCOUT[47]
                         net (fo=1, routed)           0.014     8.862    dut/u_shared_mul/stage_a_result__1/PCIN[47]
    DSP48E2_X7Y45        DSP_ALU (Prop_DSP_ALU_DSP48E2_PCIN[47]_ALU_OUT[4])
                                                      0.546     9.408 r  dut/u_shared_mul/stage_a_result__1/DSP_ALU_INST/ALU_OUT[4]
                         net (fo=1, routed)           0.000     9.408    dut/u_shared_mul/stage_a_result__1/DSP_ALU.ALU_OUT<4>
    DSP48E2_X7Y45        DSP_OUTPUT (Prop_DSP_OUTPUT_DSP48E2_ALU_OUT[4]_P[4])
                                                      0.109     9.517 f  dut/u_shared_mul/stage_a_result__1/DSP_OUTPUT_INST/P[4]
                         net (fo=2, routed)           0.302     9.819    dut/u_shared_mul/stage_a_result__1_n_101
    SLICE_X48Y112        LUT2 (Prop_F6LUT_SLICEL_I0_O)
                                                      0.049     9.868 r  dut/u_shared_mul/modp_tp_i_28/O
                         net (fo=1, routed)           0.011     9.879    dut/u_shared_mul/modp_tp_i_28_n_0
    SLICE_X48Y112        CARRY8 (Prop_CARRY8_SLICEL_S[5]_CO[7])
                                                      0.155    10.034 r  dut/u_shared_mul/modp_tp_i_17/CO[7]
                         net (fo=1, routed)           0.026    10.060    dut/u_shared_mul/modp_tp_i_17_n_0
    SLICE_X48Y113        CARRY8 (Prop_CARRY8_SLICEL_CI_O[1])
                                                      0.076    10.136 f  dut/u_shared_mul/modp_tp_i_16/O[1]
                         net (fo=2, routed)           0.137    10.273    dut/u_shared_mul/stage_a_result__2[25]
    SLICE_X49Y113        LUT5 (Prop_H6LUT_SLICEM_I4_O)
                                                      0.053    10.326 f  dut/u_shared_mul/modp_tp_i_7/O
                         net (fo=2, routed)           0.278    10.604    dut/u_shared_mul/modp_tp/B[8]
    DSP48E2_X8Y44        DSP_A_B_DATA (Prop_DSP_A_B_DATA_DSP48E2_B[8]_B2_DATA[8])
                                                      0.151    10.755 r  dut/u_shared_mul/modp_tp/DSP_A_B_DATA_INST/B2_DATA[8]
                         net (fo=1, routed)           0.000    10.755    dut/u_shared_mul/modp_tp/DSP_A_B_DATA.B2_DATA<8>
    DSP48E2_X8Y44        DSP_PREADD_DATA (Prop_DSP_PREADD_DATA_DSP48E2_B2_DATA[8]_B2B1[8])
                                                      0.073    10.828 r  dut/u_shared_mul/modp_tp/DSP_PREADD_DATA_INST/B2B1[8]
                         net (fo=1, routed)           0.000    10.828    dut/u_shared_mul/modp_tp/DSP_PREADD_DATA.B2B1<8>
    DSP48E2_X8Y44        DSP_MULTIPLIER (Prop_DSP_MULTIPLIER_DSP48E2_B2B1[8]_V[37])
                                                      0.609    11.437 f  dut/u_shared_mul/modp_tp/DSP_MULTIPLIER_INST/V[37]
                         net (fo=1, routed)           0.000    11.437    dut/u_shared_mul/modp_tp/DSP_MULTIPLIER.V<37>
    DSP48E2_X8Y44        DSP_M_DATA (Prop_DSP_M_DATA_DSP48E2_V[37]_V_DATA[37])
                                                      0.046    11.483 r  dut/u_shared_mul/modp_tp/DSP_M_DATA_INST/V_DATA[37]
                         net (fo=1, routed)           0.000    11.483    dut/u_shared_mul/modp_tp/DSP_M_DATA.V_DATA<37>
    DSP48E2_X8Y44        DSP_ALU (Prop_DSP_ALU_DSP48E2_V_DATA[37]_ALU_OUT[47])
                                                      0.571    12.054 f  dut/u_shared_mul/modp_tp/DSP_ALU_INST/ALU_OUT[47]
                         net (fo=1, routed)           0.000    12.054    dut/u_shared_mul/modp_tp/DSP_ALU.ALU_OUT<47>
    DSP48E2_X8Y44        DSP_OUTPUT (Prop_DSP_OUTPUT_DSP48E2_ALU_OUT[47]_PCOUT[47])
                                                      0.122    12.176 r  dut/u_shared_mul/modp_tp/DSP_OUTPUT_INST/PCOUT[47]
                         net (fo=1, routed)           0.014    12.190    dut/u_shared_mul/modp_tp__0/PCIN[47]
    DSP48E2_X8Y45        DSP_ALU (Prop_DSP_ALU_DSP48E2_PCIN[47]_ALU_OUT[0])
                                                      0.546    12.736 f  dut/u_shared_mul/modp_tp__0/DSP_ALU_INST/ALU_OUT[0]
                         net (fo=1, routed)           0.000    12.736    dut/u_shared_mul/modp_tp__0/DSP_ALU.ALU_OUT<0>
    DSP48E2_X8Y45        DSP_OUTPUT (Prop_DSP_OUTPUT_DSP48E2_ALU_OUT[0]_P[0])
                                                      0.109    12.845 r  dut/u_shared_mul/modp_tp__0/DSP_OUTPUT_INST/P[0]
                         net (fo=1, routed)           0.243    13.088    dut/u_shared_mul/modp_tp__0_n_105
    SLICE_X50Y109        LUT2 (Prop_C6LUT_SLICEM_I1_O)
                                                      0.098    13.186 r  dut/u_shared_mul/reg_B[0]_i_122/O
                         net (fo=1, routed)           0.021    13.207    dut/u_shared_mul/reg_B[0]_i_122_n_0
    SLICE_X50Y109        CARRY8 (Prop_CARRY8_SLICEM_S[2]_CO[7])
                                                      0.161    13.368 r  dut/u_shared_mul/reg_B_reg[0]_i_106/CO[7]
                         net (fo=1, routed)           0.026    13.394    dut/u_shared_mul/reg_B_reg[0]_i_106_n_0
    SLICE_X50Y110        CARRY8 (Prop_CARRY8_SLICEM_CI_O[5])
                                                      0.116    13.510 r  dut/u_shared_mul/reg_B_reg[23]_i_122/O[5]
                         net (fo=1, routed)           0.211    13.721    dut/u_shared_mul/u_primary_mul/modp_tp__3[29]
    SLICE_X49Y111        LUT4 (Prop_F6LUT_SLICEM_I3_O)
                                                      0.051    13.772 r  dut/u_shared_mul/u_primary_mul/reg_B[23]_i_106/O
                         net (fo=1, routed)           0.022    13.794    dut/u_shared_mul/u_primary_mul/reg_B[23]_i_106_n_0
    SLICE_X49Y111        CARRY8 (Prop_CARRY8_SLICEM_S[5]_CO[7])
                                                      0.159    13.953 r  dut/u_shared_mul/u_primary_mul/reg_B_reg[23]_i_31/CO[7]
                         net (fo=1, routed)           0.026    13.979    dut/u_shared_mul/u_primary_mul/reg_B_reg[23]_i_31_n_0
    SLICE_X49Y112        CARRY8 (Prop_CARRY8_SLICEM_CI_O[5])
                                                      0.116    14.095 r  dut/u_shared_mul/u_primary_mul/reg_B_reg[30]_i_19/O[5]
                         net (fo=2, routed)           0.280    14.375    dut/u_shared_mul/u_primary_mul/modp_shifted[22]
    SLICE_X52Y112        LUT2 (Prop_G6LUT_SLICEM_I0_O)
                                                      0.090    14.465 r  dut/u_shared_mul/u_primary_mul/reg_B[23]_i_33/O
                         net (fo=1, routed)           0.016    14.481    dut/u_shared_mul/u_primary_mul/reg_B[23]_i_33_n_0
    SLICE_X52Y112        CARRY8 (Prop_CARRY8_SLICEM_S[6]_CO[7])
                                                      0.117    14.598 r  dut/u_shared_mul/u_primary_mul/reg_B_reg[23]_i_10/CO[7]
                         net (fo=1, routed)           0.026    14.624    dut/u_shared_mul/u_primary_mul/reg_B_reg[23]_i_10_n_0
    SLICE_X52Y113        CARRY8 (Prop_CARRY8_SLICEM_CI_O[7])
                                                      0.116    14.740 r  dut/u_shared_mul/u_primary_mul/reg_B_reg[30]_i_7/O[7]
                         net (fo=32, routed)          0.274    15.014    dut/u_shared_mul/u_primary_mul/modp_sub[31]
    SLICE_X53Y111        LUT3 (Prop_F6LUT_SLICEM_I2_O)
                                                      0.037    15.051 r  dut/u_shared_mul/u_primary_mul/reg_B[0]_i_13/O
                         net (fo=1, routed)           0.022    15.073    dut/u_shared_mul/u_primary_mul/reg_B[0]_i_13_n_0
    SLICE_X53Y111        CARRY8 (Prop_CARRY8_SLICEM_S[5]_CO[7])
                                                      0.159    15.232 r  dut/u_shared_mul/u_primary_mul/reg_B_reg[0]_i_4/CO[7]
                         net (fo=1, routed)           0.026    15.258    dut/u_shared_mul/u_primary_mul/reg_B_reg[0]_i_4_n_0
    SLICE_X53Y112        CARRY8 (Prop_CARRY8_SLICEM_CI_O[3])
                                                      0.082    15.340 r  dut/u_shared_mul/u_primary_mul/reg_B_reg[23]_i_9/O[3]
                         net (fo=1, routed)           0.182    15.522    dut/u_shared_mul/u_primary_mul/data4[11]
    SLICE_X54Y112        LUT6 (Prop_C6LUT_SLICEL_I0_O)
                                                      0.035    15.557 r  dut/u_shared_mul/u_primary_mul/reg_B[11]_i_5/O
                         net (fo=1, routed)           0.010    15.567    dut/u_shared_mul/u_primary_mul/reg_B[11]_i_5_n_0
    SLICE_X54Y112        MUXF7 (Prop_F7MUX_CD_SLICEL_I1_O)
                                                      0.064    15.631 r  dut/u_shared_mul/u_primary_mul/reg_B_reg[11]_i_2/O
                         net (fo=15, routed)          0.299    15.930    dut/u_shared_mul/u_primary_mul/mul_res_lo[11]
    SLICE_X53Y108        LUT4 (Prop_E6LUT_SLICEM_I2_O)
                                                      0.091    16.021 r  dut/u_shared_mul/u_primary_mul/sig[15]_i_87/O
                         net (fo=1, routed)           0.014    16.035    dut/u_shared_mul/u_primary_mul/sig[15]_i_87_n_0
    SLICE_X53Y108        CARRY8 (Prop_CARRY8_SLICEM_S[4]_CO[7])
                                                      0.156    16.191 r  dut/u_shared_mul/u_primary_mul/sig_reg[15]_i_34/CO[7]
                         net (fo=1, routed)           0.026    16.217    dut/u_shared_mul/u_primary_mul/sig_reg[15]_i_34_n_0
    SLICE_X53Y109        CARRY8 (Prop_CARRY8_SLICEM_CI_O[0])
                                                      0.056    16.273 r  dut/u_shared_mul/u_primary_mul/sig_reg[15]_i_36/O[0]
                         net (fo=7, routed)           0.238    16.511    dut/u_shared_mul/u_primary_mul/p_0_in0
    SLICE_X52Y108        LUT2 (Prop_A6LUT_SLICEM_I1_O)
                                                      0.053    16.564 r  dut/u_shared_mul/u_primary_mul/sig[15]_i_75/O
                         net (fo=1, routed)           0.013    16.577    dut/u_shared_mul/u_primary_mul/sig[15]_i_75_n_0
    SLICE_X52Y108        CARRY8 (Prop_CARRY8_SLICEM_S[0]_CO[7])
                                                      0.192    16.769 r  dut/u_shared_mul/u_primary_mul/sig_reg[15]_i_33/CO[7]
                         net (fo=1, routed)           0.026    16.795    dut/u_shared_mul/u_primary_mul/sig_reg[15]_i_33_n_0
    SLICE_X52Y109        CARRY8 (Prop_CARRY8_SLICEM_CI_O[1])
                                                      0.076    16.871 r  dut/u_shared_mul/u_primary_mul/sig_reg[15]_i_8/O[1]
                         net (fo=1, routed)           0.334    17.205    dut/u_shared_mul/u_primary_mul/sig_reg[15]_i_8_n_14
    SLICE_X45Y109        LUT6 (Prop_D6LUT_SLICEL_I3_O)
                                                      0.050    17.255 r  dut/u_shared_mul/u_primary_mul/sig[9]_i_3/O
                         net (fo=1, routed)           0.084    17.339    dut/u_shared_mul/u_primary_mul/sig[9]_i_3_n_0
    SLICE_X44Y109        LUT6 (Prop_E6LUT_SLICEM_I2_O)
                                                      0.037    17.376 r  dut/u_shared_mul/u_primary_mul/sig[9]_i_1/O
                         net (fo=1, routed)           0.055    17.431    dut_n_23
    SLICE_X44Y109        FDCE                                         r  sig_reg[9]/D
  -------------------------------------------------------------------    -------------------

                         (clock clk rise edge)       14.000    14.000 r  
    D14                                               0.000    14.000 r  clk (IN)
                         net (fo=0)                   0.000    14.000    clk_IBUF_inst/I
    D14                  INBUF (Prop_INBUF_HDIOB_M_PAD_O)
                                                      0.495    14.495 r  clk_IBUF_inst/INBUF_INST/O
                         net (fo=1, routed)           0.000    14.495    clk_IBUF_inst/OUT
    D14                  IBUFCTRL (Prop_IBUFCTRL_HDIOB_M_I_O)
                                                      0.000    14.495 r  clk_IBUF_inst/IBUFCTRL_INST/O
                         net (fo=1, routed)           0.169    14.664    clk_IBUF
    BUFGCE_HDIO_X0Y7     BUFGCE (Prop_BUFCE_BUFGCE_HDIO_I_O)
                                                      0.024    14.688 r  clk_IBUF_BUFG_inst/O
    X1Y2 (CLOCK_ROOT)    net (fo=197, routed)         1.668    16.355    clk_IBUF_BUFG
    SLICE_X44Y109        FDCE                                         r  sig_reg[9]/C
                         clock pessimism              0.617    16.972    
                         clock uncertainty           -0.035    16.937    
    SLICE_X44Y109        FDCE (Setup_EFF_SLICEM_C_D)
                                                      0.025    16.962    sig_reg[9]
  -------------------------------------------------------------------
                         required time                         16.962    
                         arrival time                         -17.431    
  -------------------------------------------------------------------
                         slack                                 -0.470    

Slack (VIOLATED) :        -0.470ns  (required time - arrival time)
  Source:                 rs1_q_reg[7]/C
                            (rising edge-triggered cell FDCE clocked by clk  {rise@0.000ns fall@7.000ns period=14.000ns})
  Destination:            sig_reg[9]/D
                            (rising edge-triggered cell FDCE clocked by clk  {rise@0.000ns fall@7.000ns period=14.000ns})
  Path Group:             clk
  Path Type:              Setup (Max at Slow Process Corner)
  Requirement:            14.000ns  (clk rise@14.000ns - clk rise@0.000ns)
  Data Path Delay:        14.464ns  (logic 9.304ns (64.327%)  route 5.160ns (35.673%))
  Logic Levels:           57  (CARRY8=18 DSP_A_B_DATA=3 DSP_ALU=5 DSP_M_DATA=3 DSP_MULTIPLIER=3 DSP_OUTPUT=5 DSP_PREADD_DATA=3 LUT2=4 LUT3=3 LUT4=3 LUT5=1 LUT6=5 MUXF7=1)
  Clock Path Skew:        0.004ns (DCD - SCD + CPR)
    Destination Clock Delay (DCD):    2.355ns = ( 16.355 - 14.000 ) 
    Source Clock Delay      (SCD):    2.968ns
    Clock Pessimism Removal (CPR):    0.617ns
  Clock Uncertainty:      0.035ns  ((TSJ^2 + TIJ^2)^1/2 + DJ) / 2 + PE
    Total System Jitter     (TSJ):    0.071ns
    Total Input Jitter      (TIJ):    0.000ns
    Discrete Jitter          (DJ):    0.000ns
    Phase Error              (PE):    0.000ns
  Clock Net Delay (Source):      1.734ns (routing 0.719ns, distribution 1.015ns)
  Clock Net Delay (Destination): 1.668ns (routing 0.652ns, distribution 1.016ns)

    Location             Delay type                Incr(ns)  Path(ns)    Netlist Resource(s)
  -------------------------------------------------------------------    -------------------
                         (clock clk rise edge)        0.000     0.000 r  
    D14                                               0.000     0.000 r  clk (IN)
                         net (fo=0)                   0.000     0.000    clk_IBUF_inst/I
    D14                  INBUF (Prop_INBUF_HDIOB_M_PAD_O)
                                                      1.002     1.002 r  clk_IBUF_inst/INBUF_INST/O
                         net (fo=1, routed)           0.000     1.002    clk_IBUF_inst/OUT
    D14                  IBUFCTRL (Prop_IBUFCTRL_HDIOB_M_I_O)
                                                      0.000     1.002 r  clk_IBUF_inst/IBUFCTRL_INST/O
                         net (fo=1, routed)           0.204     1.206    clk_IBUF
    BUFGCE_HDIO_X0Y7     BUFGCE (Prop_BUFCE_BUFGCE_HDIO_I_O)
                                                      0.028     1.234 r  clk_IBUF_BUFG_inst/O
    X1Y2 (CLOCK_ROOT)    net (fo=197, routed)         1.734     2.968    clk_IBUF_BUFG
    SLICE_X48Y121        FDCE                                         r  rs1_q_reg[7]/C
  -------------------------------------------------------------------    -------------------
    SLICE_X48Y121        FDCE (Prop_FFF_SLICEL_C_Q)
                                                      0.079     3.047 r  rs1_q_reg[7]/Q
                         net (fo=44, routed)          0.288     3.335    dut/u_shared_mul/u_primary_mul/rs1_q[7]
    SLICE_X48Y120        LUT4 (Prop_D6LUT_SLICEL_I2_O)
                                                      0.089     3.424 r  dut/u_shared_mul/u_primary_mul/int_prod_i_173/O
                         net (fo=1, routed)           0.009     3.433    dut/u_shared_mul/u_primary_mul/int_prod_i_173_n_0
    SLICE_X48Y120        CARRY8 (Prop_CARRY8_SLICEL_S[3]_CO[7])
                                                      0.161     3.594 r  dut/u_shared_mul/u_primary_mul/int_prod_i_157/CO[7]
                         net (fo=9, routed)           0.206     3.800    dut/u_shared_mul/u_primary_mul/mul_op_b2
    SLICE_X49Y121        LUT3 (Prop_A6LUT_SLICEM_I1_O)
                                                      0.053     3.853 r  dut/u_shared_mul/u_primary_mul/int_prod_i_140/O
                         net (fo=1, routed)           0.013     3.866    dut/u_shared_mul/u_primary_mul/int_prod_i_140_n_0
    SLICE_X49Y121        CARRY8 (Prop_CARRY8_SLICEM_S[0]_CO[7])
                                                      0.192     4.058 r  dut/u_shared_mul/u_primary_mul/int_prod_i_76/CO[7]
                         net (fo=1, routed)           0.026     4.084    dut/u_shared_mul/u_primary_mul/int_prod_i_76_n_0
    SLICE_X49Y122        CARRY8 (Prop_CARRY8_SLICEM_CI_O[7])
                                                      0.116     4.200 f  dut/u_shared_mul/u_primary_mul/int_prod_i_73/O[7]
                         net (fo=2, routed)           0.179     4.379    dut/u_shared_mul/u_primary_mul/O[7]
    SLICE_X48Y123        LUT3 (Prop_B6LUT_SLICEL_I0_O)
                                                      0.036     4.415 f  dut/u_shared_mul/u_primary_mul/int_prod_i_40/O
                         net (fo=2, routed)           0.143     4.558    dut/u_shared_mul/u_primary_mul/int_prod_i_40_n_0
    SLICE_X48Y124        LUT6 (Prop_A6LUT_SLICEL_I2_O)
                                                      0.050     4.608 f  dut/u_shared_mul/u_primary_mul/int_prod_i_17_replica/O
                         net (fo=1, routed)           0.175     4.783    dut/u_shared_mul/u_primary_mul/int_prod__1/B[15]
    DSP48E2_X7Y48        DSP_A_B_DATA (Prop_DSP_A_B_DATA_DSP48E2_B[15]_B2_DATA[15])
                                                      0.151     4.934 r  dut/u_shared_mul/u_primary_mul/int_prod__1/DSP_A_B_DATA_INST/B2_DATA[15]
                         net (fo=1, routed)           0.000     4.934    dut/u_shared_mul/u_primary_mul/int_prod__1/DSP_A_B_DATA.B2_DATA<15>
    DSP48E2_X7Y48        DSP_PREADD_DATA (Prop_DSP_PREADD_DATA_DSP48E2_B2_DATA[15]_B2B1[15])
                                                      0.073     5.007 r  dut/u_shared_mul/u_primary_mul/int_prod__1/DSP_PREADD_DATA_INST/B2B1[15]
                         net (fo=1, routed)           0.000     5.007    dut/u_shared_mul/u_primary_mul/int_prod__1/DSP_PREADD_DATA.B2B1<15>
    DSP48E2_X7Y48        DSP_MULTIPLIER (Prop_DSP_MULTIPLIER_DSP48E2_B2B1[15]_V[16])
                                                      0.609     5.616 f  dut/u_shared_mul/u_primary_mul/int_prod__1/DSP_MULTIPLIER_INST/V[16]
                         net (fo=1, routed)           0.000     5.616    dut/u_shared_mul/u_primary_mul/int_prod__1/DSP_MULTIPLIER.V<16>
    DSP48E2_X7Y48        DSP_M_DATA (Prop_DSP_M_DATA_DSP48E2_V[16]_V_DATA[16])
                                                      0.046     5.662 r  dut/u_shared_mul/u_primary_mul/int_prod__1/DSP_M_DATA_INST/V_DATA[16]
                         net (fo=1, routed)           0.000     5.662    dut/u_shared_mul/u_primary_mul/int_prod__1/DSP_M_DATA.V_DATA<16>
    DSP48E2_X7Y48        DSP_ALU (Prop_DSP_ALU_DSP48E2_V_DATA[16]_ALU_OUT[16])
                                                      0.571     6.233 f  dut/u_shared_mul/u_primary_mul/int_prod__1/DSP_ALU_INST/ALU_OUT[16]
                         net (fo=1, routed)           0.000     6.233    dut/u_shared_mul/u_primary_mul/int_prod__1/DSP_ALU.ALU_OUT<16>
    DSP48E2_X7Y48        DSP_OUTPUT (Prop_DSP_OUTPUT_DSP48E2_ALU_OUT[16]_P[16])
                                                      0.109     6.342 r  dut/u_shared_mul/u_primary_mul/int_prod__1/DSP_OUTPUT_INST/P[16]
                         net (fo=1, routed)           0.365     6.707    dut/u_shared_mul/u_primary_mul/int_prod__1_n_89
    SLICE_X49Y115        CARRY8 (Prop_CARRY8_SLICEM_S[0]_O[0])
                                                      0.065     6.772 f  dut/u_shared_mul/u_primary_mul/int_prod_carry/O[0]
                         net (fo=2, routed)           0.232     7.004    dut/u_shared_mul/u_primary_mul/int_prod__3__0[16]
    SLICE_X51Y116        LUT6 (Prop_G6LUT_SLICEL_I4_O)
                                                      0.050     7.054 f  dut/u_shared_mul/u_primary_mul/stage_a_result__0_i_3_comp/O
                         net (fo=1, routed)           0.267     7.321    dut/u_shared_mul/stage_a_result__0/A[16]
    DSP48E2_X7Y44        DSP_A_B_DATA (Prop_DSP_A_B_DATA_DSP48E2_A[16]_A2_DATA[16])
                                                      0.192     7.513 r  dut/u_shared_mul/stage_a_result__0/DSP_A_B_DATA_INST/A2_DATA[16]
                         net (fo=1, routed)           0.000     7.513    dut/u_shared_mul/stage_a_result__0/DSP_A_B_DATA.A2_DATA<16>
    DSP48E2_X7Y44        DSP_PREADD_DATA (Prop_DSP_PREADD_DATA_DSP48E2_A2_DATA[16]_A2A1[16])
                                                      0.076     7.589 r  dut/u_shared_mul/stage_a_result__0/DSP_PREADD_DATA_INST/A2A1[16]
                         net (fo=1, routed)           0.000     7.589    dut/u_shared_mul/stage_a_result__0/DSP_PREADD_DATA.A2A1<16>
    DSP48E2_X7Y44        DSP_MULTIPLIER (Prop_DSP_MULTIPLIER_DSP48E2_A2A1[16]_U[36])
                                                      0.505     8.094 f  dut/u_shared_mul/stage_a_result__0/DSP_MULTIPLIER_INST/U[36]
                         net (fo=1, routed)           0.000     8.094    dut/u_shared_mul/stage_a_result__0/DSP_MULTIPLIER.U<36>
    DSP48E2_X7Y44        DSP_M_DATA (Prop_DSP_M_DATA_DSP48E2_U[36]_U_DATA[36])
                                                      0.047     8.141 r  dut/u_shared_mul/stage_a_result__0/DSP_M_DATA_INST/U_DATA[36]
                         net (fo=1, routed)           0.000     8.141    dut/u_shared_mul/stage_a_result__0/DSP_M_DATA.U_DATA<36>
    DSP48E2_X7Y44        DSP_ALU (Prop_DSP_ALU_DSP48E2_U_DATA[36]_ALU_OUT[47])
                                                      0.585     8.726 f  dut/u_shared_mul/stage_a_result__0/DSP_ALU_INST/ALU_OUT[47]
                         net (fo=1, routed)           0.000     8.726    dut/u_shared_mul/stage_a_result__0/DSP_ALU.ALU_OUT<47>
    DSP48E2_X7Y44        DSP_OUTPUT (Prop_DSP_OUTPUT_DSP48E2_ALU_OUT[47]_PCOUT[47])
                                                      0.122     8.848 r  dut/u_shared_mul/stage_a_result__0/DSP_OUTPUT_INST/PCOUT[47]
                         net (fo=1, routed)           0.014     8.862    dut/u_shared_mul/stage_a_result__1/PCIN[47]
    DSP48E2_X7Y45        DSP_ALU (Prop_DSP_ALU_DSP48E2_PCIN[47]_ALU_OUT[4])
                                                      0.546     9.408 f  dut/u_shared_mul/stage_a_result__1/DSP_ALU_INST/ALU_OUT[4]
                         net (fo=1, routed)           0.000     9.408    dut/u_shared_mul/stage_a_result__1/DSP_ALU.ALU_OUT<4>
    DSP48E2_X7Y45        DSP_OUTPUT (Prop_DSP_OUTPUT_DSP48E2_ALU_OUT[4]_P[4])
                                                      0.109     9.517 r  dut/u_shared_mul/stage_a_result__1/DSP_OUTPUT_INST/P[4]
                         net (fo=2, routed)           0.302     9.819    dut/u_shared_mul/stage_a_result__1_n_101
    SLICE_X48Y112        LUT2 (Prop_F6LUT_SLICEL_I0_O)
                                                      0.049     9.868 f  dut/u_shared_mul/modp_tp_i_28/O
                         net (fo=1, routed)           0.011     9.879    dut/u_shared_mul/modp_tp_i_28_n_0
    SLICE_X48Y112        CARRY8 (Prop_CARRY8_SLICEL_S[5]_CO[7])
                                                      0.155    10.034 r  dut/u_shared_mul/modp_tp_i_17/CO[7]
                         net (fo=1, routed)           0.026    10.060    dut/u_shared_mul/modp_tp_i_17_n_0
    SLICE_X48Y113        CARRY8 (Prop_CARRY8_SLICEL_CI_O[1])
                                                      0.076    10.136 f  dut/u_shared_mul/modp_tp_i_16/O[1]
                         net (fo=2, routed)           0.137    10.273    dut/u_shared_mul/stage_a_result__2[25]
    SLICE_X49Y113        LUT5 (Prop_H6LUT_SLICEM_I4_O)
                                                      0.053    10.326 f  dut/u_shared_mul/modp_tp_i_7/O
                         net (fo=2, routed)           0.278    10.604    dut/u_shared_mul/modp_tp/B[8]
    DSP48E2_X8Y44        DSP_A_B_DATA (Prop_DSP_A_B_DATA_DSP48E2_B[8]_B2_DATA[8])
                                                      0.151    10.755 r  dut/u_shared_mul/modp_tp/DSP_A_B_DATA_INST/B2_DATA[8]
                         net (fo=1, routed)           0.000    10.755    dut/u_shared_mul/modp_tp/DSP_A_B_DATA.B2_DATA<8>
    DSP48E2_X8Y44        DSP_PREADD_DATA (Prop_DSP_PREADD_DATA_DSP48E2_B2_DATA[8]_B2B1[8])
                                                      0.073    10.828 r  dut/u_shared_mul/modp_tp/DSP_PREADD_DATA_INST/B2B1[8]
                         net (fo=1, routed)           0.000    10.828    dut/u_shared_mul/modp_tp/DSP_PREADD_DATA.B2B1<8>
    DSP48E2_X8Y44        DSP_MULTIPLIER (Prop_DSP_MULTIPLIER_DSP48E2_B2B1[8]_V[37])
                                                      0.609    11.437 f  dut/u_shared_mul/modp_tp/DSP_MULTIPLIER_INST/V[37]
                         net (fo=1, routed)           0.000    11.437    dut/u_shared_mul/modp_tp/DSP_MULTIPLIER.V<37>
    DSP48E2_X8Y44        DSP_M_DATA (Prop_DSP_M_DATA_DSP48E2_V[37]_V_DATA[37])
                                                      0.046    11.483 r  dut/u_shared_mul/modp_tp/DSP_M_DATA_INST/V_DATA[37]
                         net (fo=1, routed)           0.000    11.483    dut/u_shared_mul/modp_tp/DSP_M_DATA.V_DATA<37>
    DSP48E2_X8Y44        DSP_ALU (Prop_DSP_ALU_DSP48E2_V_DATA[37]_ALU_OUT[47])
                                                      0.571    12.054 f  dut/u_shared_mul/modp_tp/DSP_ALU_INST/ALU_OUT[47]
                         net (fo=1, routed)           0.000    12.054    dut/u_shared_mul/modp_tp/DSP_ALU.ALU_OUT<47>
    DSP48E2_X8Y44        DSP_OUTPUT (Prop_DSP_OUTPUT_DSP48E2_ALU_OUT[47]_PCOUT[47])
                                                      0.122    12.176 r  dut/u_shared_mul/modp_tp/DSP_OUTPUT_INST/PCOUT[47]
                         net (fo=1, routed)           0.014    12.190    dut/u_shared_mul/modp_tp__0/PCIN[47]
    DSP48E2_X8Y45        DSP_ALU (Prop_DSP_ALU_DSP48E2_PCIN[47]_ALU_OUT[0])
                                                      0.546    12.736 f  dut/u_shared_mul/modp_tp__0/DSP_ALU_INST/ALU_OUT[0]
                         net (fo=1, routed)           0.000    12.736    dut/u_shared_mul/modp_tp__0/DSP_ALU.ALU_OUT<0>
    DSP48E2_X8Y45        DSP_OUTPUT (Prop_DSP_OUTPUT_DSP48E2_ALU_OUT[0]_P[0])
                                                      0.109    12.845 r  dut/u_shared_mul/modp_tp__0/DSP_OUTPUT_INST/P[0]
                         net (fo=1, routed)           0.243    13.088    dut/u_shared_mul/modp_tp__0_n_105
    SLICE_X50Y109        LUT2 (Prop_C6LUT_SLICEM_I1_O)
                                                      0.098    13.186 r  dut/u_shared_mul/reg_B[0]_i_122/O
                         net (fo=1, routed)           0.021    13.207    dut/u_shared_mul/reg_B[0]_i_122_n_0
    SLICE_X50Y109        CARRY8 (Prop_CARRY8_SLICEM_S[2]_CO[7])
                                                      0.161    13.368 r  dut/u_shared_mul/reg_B_reg[0]_i_106/CO[7]
                         net (fo=1, routed)           0.026    13.394    dut/u_shared_mul/reg_B_reg[0]_i_106_n_0
    SLICE_X50Y110        CARRY8 (Prop_CARRY8_SLICEM_CI_O[5])
                                                      0.116    13.510 r  dut/u_shared_mul/reg_B_reg[23]_i_122/O[5]
                         net (fo=1, routed)           0.211    13.721    dut/u_shared_mul/u_primary_mul/modp_tp__3[29]
    SLICE_X49Y111        LUT4 (Prop_F6LUT_SLICEM_I3_O)
                                                      0.051    13.772 r  dut/u_shared_mul/u_primary_mul/reg_B[23]_i_106/O
                         net (fo=1, routed)           0.022    13.794    dut/u_shared_mul/u_primary_mul/reg_B[23]_i_106_n_0
    SLICE_X49Y111        CARRY8 (Prop_CARRY8_SLICEM_S[5]_CO[7])
                                                      0.159    13.953 r  dut/u_shared_mul/u_primary_mul/reg_B_reg[23]_i_31/CO[7]
                         net (fo=1, routed)           0.026    13.979    dut/u_shared_mul/u_primary_mul/reg_B_reg[23]_i_31_n_0
    SLICE_X49Y112        CARRY8 (Prop_CARRY8_SLICEM_CI_O[5])
                                                      0.116    14.095 r  dut/u_shared_mul/u_primary_mul/reg_B_reg[30]_i_19/O[5]
                         net (fo=2, routed)           0.280    14.375    dut/u_shared_mul/u_primary_mul/modp_shifted[22]
    SLICE_X52Y112        LUT2 (Prop_G6LUT_SLICEM_I0_O)
                                                      0.090    14.465 r  dut/u_shared_mul/u_primary_mul/reg_B[23]_i_33/O
                         net (fo=1, routed)           0.016    14.481    dut/u_shared_mul/u_primary_mul/reg_B[23]_i_33_n_0
    SLICE_X52Y112        CARRY8 (Prop_CARRY8_SLICEM_S[6]_CO[7])
                                                      0.117    14.598 r  dut/u_shared_mul/u_primary_mul/reg_B_reg[23]_i_10/CO[7]
                         net (fo=1, routed)           0.026    14.624    dut/u_shared_mul/u_primary_mul/reg_B_reg[23]_i_10_n_0
    SLICE_X52Y113        CARRY8 (Prop_CARRY8_SLICEM_CI_O[7])
                                                      0.116    14.740 r  dut/u_shared_mul/u_primary_mul/reg_B_reg[30]_i_7/O[7]
                         net (fo=32, routed)          0.274    15.014    dut/u_shared_mul/u_primary_mul/modp_sub[31]
    SLICE_X53Y111        LUT3 (Prop_F6LUT_SLICEM_I2_O)
                                                      0.037    15.051 r  dut/u_shared_mul/u_primary_mul/reg_B[0]_i_13/O
                         net (fo=1, routed)           0.022    15.073    dut/u_shared_mul/u_primary_mul/reg_B[0]_i_13_n_0
    SLICE_X53Y111        CARRY8 (Prop_CARRY8_SLICEM_S[5]_CO[7])
                                                      0.159    15.232 r  dut/u_shared_mul/u_primary_mul/reg_B_reg[0]_i_4/CO[7]
                         net (fo=1, routed)           0.026    15.258    dut/u_shared_mul/u_primary_mul/reg_B_reg[0]_i_4_n_0
    SLICE_X53Y112        CARRY8 (Prop_CARRY8_SLICEM_CI_O[3])
                                                      0.082    15.340 r  dut/u_shared_mul/u_primary_mul/reg_B_reg[23]_i_9/O[3]
                         net (fo=1, routed)           0.182    15.522    dut/u_shared_mul/u_primary_mul/data4[11]
    SLICE_X54Y112        LUT6 (Prop_C6LUT_SLICEL_I0_O)
                                                      0.035    15.557 r  dut/u_shared_mul/u_primary_mul/reg_B[11]_i_5/O
                         net (fo=1, routed)           0.010    15.567    dut/u_shared_mul/u_primary_mul/reg_B[11]_i_5_n_0
    SLICE_X54Y112        MUXF7 (Prop_F7MUX_CD_SLICEL_I1_O)
                                                      0.064    15.631 r  dut/u_shared_mul/u_primary_mul/reg_B_reg[11]_i_2/O
                         net (fo=15, routed)          0.299    15.930    dut/u_shared_mul/u_primary_mul/mul_res_lo[11]
    SLICE_X53Y108        LUT4 (Prop_E6LUT_SLICEM_I2_O)
                                                      0.091    16.021 r  dut/u_shared_mul/u_primary_mul/sig[15]_i_87/O
                         net (fo=1, routed)           0.014    16.035    dut/u_shared_mul/u_primary_mul/sig[15]_i_87_n_0
    SLICE_X53Y108        CARRY8 (Prop_CARRY8_SLICEM_S[4]_CO[7])
                                                      0.156    16.191 r  dut/u_shared_mul/u_primary_mul/sig_reg[15]_i_34/CO[7]
                         net (fo=1, routed)           0.026    16.217    dut/u_shared_mul/u_primary_mul/sig_reg[15]_i_34_n_0
    SLICE_X53Y109        CARRY8 (Prop_CARRY8_SLICEM_CI_O[0])
                                                      0.056    16.273 r  dut/u_shared_mul/u_primary_mul/sig_reg[15]_i_36/O[0]
                         net (fo=7, routed)           0.238    16.511    dut/u_shared_mul/u_primary_mul/p_0_in0
    SLICE_X52Y108        LUT2 (Prop_A6LUT_SLICEM_I1_O)
                                                      0.053    16.564 r  dut/u_shared_mul/u_primary_mul/sig[15]_i_75/O
                         net (fo=1, routed)           0.013    16.577    dut/u_shared_mul/u_primary_mul/sig[15]_i_75_n_0
    SLICE_X52Y108        CARRY8 (Prop_CARRY8_SLICEM_S[0]_CO[7])
                                                      0.192    16.769 r  dut/u_shared_mul/u_primary_mul/sig_reg[15]_i_33/CO[7]
                         net (fo=1, routed)           0.026    16.795    dut/u_shared_mul/u_primary_mul/sig_reg[15]_i_33_n_0
    SLICE_X52Y109        CARRY8 (Prop_CARRY8_SLICEM_CI_O[1])
                                                      0.076    16.871 r  dut/u_shared_mul/u_primary_mul/sig_reg[15]_i_8/O[1]
                         net (fo=1, routed)           0.334    17.205    dut/u_shared_mul/u_primary_mul/sig_reg[15]_i_8_n_14
    SLICE_X45Y109        LUT6 (Prop_D6LUT_SLICEL_I3_O)
                                                      0.050    17.255 r  dut/u_shared_mul/u_primary_mul/sig[9]_i_3/O
                         net (fo=1, routed)           0.084    17.339    dut/u_shared_mul/u_primary_mul/sig[9]_i_3_n_0
    SLICE_X44Y109        LUT6 (Prop_E6LUT_SLICEM_I2_O)
                                                      0.037    17.376 r  dut/u_shared_mul/u_primary_mul/sig[9]_i_1/O
                         net (fo=1, routed)           0.055    17.431    dut_n_23
    SLICE_X44Y109        FDCE                                         r  sig_reg[9]/D
  -------------------------------------------------------------------    -------------------

                         (clock clk rise edge)       14.000    14.000 r  
    D14                                               0.000    14.000 r  clk (IN)
                         net (fo=0)                   0.000    14.000    clk_IBUF_inst/I
    D14                  INBUF (Prop_INBUF_HDIOB_M_PAD_O)
                                                      0.495    14.495 r  clk_IBUF_inst/INBUF_INST/O
                         net (fo=1, routed)           0.000    14.495    clk_IBUF_inst/OUT
    D14                  IBUFCTRL (Prop_IBUFCTRL_HDIOB_M_I_O)
                                                      0.000    14.495 r  clk_IBUF_inst/IBUFCTRL_INST/O
                         net (fo=1, routed)           0.169    14.664    clk_IBUF
    BUFGCE_HDIO_X0Y7     BUFGCE (Prop_BUFCE_BUFGCE_HDIO_I_O)
                                                      0.024    14.688 r  clk_IBUF_BUFG_inst/O
    X1Y2 (CLOCK_ROOT)    net (fo=197, routed)         1.668    16.355    clk_IBUF_BUFG
    SLICE_X44Y109        FDCE                                         r  sig_reg[9]/C
                         clock pessimism              0.617    16.972    
                         clock uncertainty           -0.035    16.937    
    SLICE_X44Y109        FDCE (Setup_EFF_SLICEM_C_D)
                                                      0.025    16.962    sig_reg[9]
  -------------------------------------------------------------------
                         required time                         16.962    
                         arrival time                         -17.431    
  -------------------------------------------------------------------
                         slack                                 -0.470    

Slack (VIOLATED) :        -0.470ns  (required time - arrival time)
  Source:                 rs1_q_reg[7]/C
                            (rising edge-triggered cell FDCE clocked by clk  {rise@0.000ns fall@7.000ns period=14.000ns})
  Destination:            sig_reg[9]/D
                            (rising edge-triggered cell FDCE clocked by clk  {rise@0.000ns fall@7.000ns period=14.000ns})
  Path Group:             clk
  Path Type:              Setup (Max at Slow Process Corner)
  Requirement:            14.000ns  (clk rise@14.000ns - clk rise@0.000ns)
  Data Path Delay:        14.464ns  (logic 9.304ns (64.327%)  route 5.160ns (35.673%))
  Logic Levels:           57  (CARRY8=18 DSP_A_B_DATA=3 DSP_ALU=5 DSP_M_DATA=3 DSP_MULTIPLIER=3 DSP_OUTPUT=5 DSP_PREADD_DATA=3 LUT2=4 LUT3=3 LUT4=3 LUT5=1 LUT6=5 MUXF7=1)
  Clock Path Skew:        0.004ns (DCD - SCD + CPR)
    Destination Clock Delay (DCD):    2.355ns = ( 16.355 - 14.000 ) 
    Source Clock Delay      (SCD):    2.968ns
    Clock Pessimism Removal (CPR):    0.617ns
  Clock Uncertainty:      0.035ns  ((TSJ^2 + TIJ^2)^1/2 + DJ) / 2 + PE
    Total System Jitter     (TSJ):    0.071ns
    Total Input Jitter      (TIJ):    0.000ns
    Discrete Jitter          (DJ):    0.000ns
    Phase Error              (PE):    0.000ns
  Clock Net Delay (Source):      1.734ns (routing 0.719ns, distribution 1.015ns)
  Clock Net Delay (Destination): 1.668ns (routing 0.652ns, distribution 1.016ns)

    Location             Delay type                Incr(ns)  Path(ns)    Netlist Resource(s)
  -------------------------------------------------------------------    -------------------
                         (clock clk rise edge)        0.000     0.000 r  
    D14                                               0.000     0.000 r  clk (IN)
                         net (fo=0)                   0.000     0.000    clk_IBUF_inst/I
    D14                  INBUF (Prop_INBUF_HDIOB_M_PAD_O)
                                                      1.002     1.002 r  clk_IBUF_inst/INBUF_INST/O
                         net (fo=1, routed)           0.000     1.002    clk_IBUF_inst/OUT
    D14                  IBUFCTRL (Prop_IBUFCTRL_HDIOB_M_I_O)
                                                      0.000     1.002 r  clk_IBUF_inst/IBUFCTRL_INST/O
                         net (fo=1, routed)           0.204     1.206    clk_IBUF
    BUFGCE_HDIO_X0Y7     BUFGCE (Prop_BUFCE_BUFGCE_HDIO_I_O)
                                                      0.028     1.234 r  clk_IBUF_BUFG_inst/O
    X1Y2 (CLOCK_ROOT)    net (fo=197, routed)         1.734     2.968    clk_IBUF_BUFG
    SLICE_X48Y121        FDCE                                         r  rs1_q_reg[7]/C
  -------------------------------------------------------------------    -------------------
    SLICE_X48Y121        FDCE (Prop_FFF_SLICEL_C_Q)
                                                      0.079     3.047 r  rs1_q_reg[7]/Q
                         net (fo=44, routed)          0.288     3.335    dut/u_shared_mul/u_primary_mul/rs1_q[7]
    SLICE_X48Y120        LUT4 (Prop_D6LUT_SLICEL_I2_O)
                                                      0.089     3.424 r  dut/u_shared_mul/u_primary_mul/int_prod_i_173/O
                         net (fo=1, routed)           0.009     3.433    dut/u_shared_mul/u_primary_mul/int_prod_i_173_n_0
    SLICE_X48Y120        CARRY8 (Prop_CARRY8_SLICEL_S[3]_CO[7])
                                                      0.161     3.594 r  dut/u_shared_mul/u_primary_mul/int_prod_i_157/CO[7]
                         net (fo=9, routed)           0.206     3.800    dut/u_shared_mul/u_primary_mul/mul_op_b2
    SLICE_X49Y121        LUT3 (Prop_A6LUT_SLICEM_I1_O)
                                                      0.053     3.853 r  dut/u_shared_mul/u_primary_mul/int_prod_i_140/O
                         net (fo=1, routed)           0.013     3.866    dut/u_shared_mul/u_primary_mul/int_prod_i_140_n_0
    SLICE_X49Y121        CARRY8 (Prop_CARRY8_SLICEM_S[0]_CO[7])
                                                      0.192     4.058 r  dut/u_shared_mul/u_primary_mul/int_prod_i_76/CO[7]
                         net (fo=1, routed)           0.026     4.084    dut/u_shared_mul/u_primary_mul/int_prod_i_76_n_0
    SLICE_X49Y122        CARRY8 (Prop_CARRY8_SLICEM_CI_O[7])
                                                      0.116     4.200 f  dut/u_shared_mul/u_primary_mul/int_prod_i_73/O[7]
                         net (fo=2, routed)           0.179     4.379    dut/u_shared_mul/u_primary_mul/O[7]
    SLICE_X48Y123        LUT3 (Prop_B6LUT_SLICEL_I0_O)
                                                      0.036     4.415 f  dut/u_shared_mul/u_primary_mul/int_prod_i_40/O
                         net (fo=2, routed)           0.143     4.558    dut/u_shared_mul/u_primary_mul/int_prod_i_40_n_0
    SLICE_X48Y124        LUT6 (Prop_A6LUT_SLICEL_I2_O)
                                                      0.050     4.608 f  dut/u_shared_mul/u_primary_mul/int_prod_i_17_replica/O
                         net (fo=1, routed)           0.175     4.783    dut/u_shared_mul/u_primary_mul/int_prod__1/B[15]
    DSP48E2_X7Y48        DSP_A_B_DATA (Prop_DSP_A_B_DATA_DSP48E2_B[15]_B2_DATA[15])
                                                      0.151     4.934 r  dut/u_shared_mul/u_primary_mul/int_prod__1/DSP_A_B_DATA_INST/B2_DATA[15]
                         net (fo=1, routed)           0.000     4.934    dut/u_shared_mul/u_primary_mul/int_prod__1/DSP_A_B_DATA.B2_DATA<15>
    DSP48E2_X7Y48        DSP_PREADD_DATA (Prop_DSP_PREADD_DATA_DSP48E2_B2_DATA[15]_B2B1[15])
                                                      0.073     5.007 r  dut/u_shared_mul/u_primary_mul/int_prod__1/DSP_PREADD_DATA_INST/B2B1[15]
                         net (fo=1, routed)           0.000     5.007    dut/u_shared_mul/u_primary_mul/int_prod__1/DSP_PREADD_DATA.B2B1<15>
    DSP48E2_X7Y48        DSP_MULTIPLIER (Prop_DSP_MULTIPLIER_DSP48E2_B2B1[15]_V[16])
                                                      0.609     5.616 f  dut/u_shared_mul/u_primary_mul/int_prod__1/DSP_MULTIPLIER_INST/V[16]
                         net (fo=1, routed)           0.000     5.616    dut/u_shared_mul/u_primary_mul/int_prod__1/DSP_MULTIPLIER.V<16>
    DSP48E2_X7Y48        DSP_M_DATA (Prop_DSP_M_DATA_DSP48E2_V[16]_V_DATA[16])
                                                      0.046     5.662 r  dut/u_shared_mul/u_primary_mul/int_prod__1/DSP_M_DATA_INST/V_DATA[16]
                         net (fo=1, routed)           0.000     5.662    dut/u_shared_mul/u_primary_mul/int_prod__1/DSP_M_DATA.V_DATA<16>
    DSP48E2_X7Y48        DSP_ALU (Prop_DSP_ALU_DSP48E2_V_DATA[16]_ALU_OUT[16])
                                                      0.571     6.233 f  dut/u_shared_mul/u_primary_mul/int_prod__1/DSP_ALU_INST/ALU_OUT[16]
                         net (fo=1, routed)           0.000     6.233    dut/u_shared_mul/u_primary_mul/int_prod__1/DSP_ALU.ALU_OUT<16>
    DSP48E2_X7Y48        DSP_OUTPUT (Prop_DSP_OUTPUT_DSP48E2_ALU_OUT[16]_P[16])
                                                      0.109     6.342 r  dut/u_shared_mul/u_primary_mul/int_prod__1/DSP_OUTPUT_INST/P[16]
                         net (fo=1, routed)           0.365     6.707    dut/u_shared_mul/u_primary_mul/int_prod__1_n_89
    SLICE_X49Y115        CARRY8 (Prop_CARRY8_SLICEM_S[0]_O[0])
                                                      0.065     6.772 f  dut/u_shared_mul/u_primary_mul/int_prod_carry/O[0]
                         net (fo=2, routed)           0.232     7.004    dut/u_shared_mul/u_primary_mul/int_prod__3__0[16]
    SLICE_X51Y116        LUT6 (Prop_G6LUT_SLICEL_I4_O)
                                                      0.050     7.054 f  dut/u_shared_mul/u_primary_mul/stage_a_result__0_i_3_comp/O
                         net (fo=1, routed)           0.267     7.321    dut/u_shared_mul/stage_a_result__0/A[16]
    DSP48E2_X7Y44        DSP_A_B_DATA (Prop_DSP_A_B_DATA_DSP48E2_A[16]_A2_DATA[16])
                                                      0.192     7.513 r  dut/u_shared_mul/stage_a_result__0/DSP_A_B_DATA_INST/A2_DATA[16]
                         net (fo=1, routed)           0.000     7.513    dut/u_shared_mul/stage_a_result__0/DSP_A_B_DATA.A2_DATA<16>
    DSP48E2_X7Y44        DSP_PREADD_DATA (Prop_DSP_PREADD_DATA_DSP48E2_A2_DATA[16]_A2A1[16])
                                                      0.076     7.589 r  dut/u_shared_mul/stage_a_result__0/DSP_PREADD_DATA_INST/A2A1[16]
                         net (fo=1, routed)           0.000     7.589    dut/u_shared_mul/stage_a_result__0/DSP_PREADD_DATA.A2A1<16>
    DSP48E2_X7Y44        DSP_MULTIPLIER (Prop_DSP_MULTIPLIER_DSP48E2_A2A1[16]_U[36])
                                                      0.505     8.094 f  dut/u_shared_mul/stage_a_result__0/DSP_MULTIPLIER_INST/U[36]
                         net (fo=1, routed)           0.000     8.094    dut/u_shared_mul/stage_a_result__0/DSP_MULTIPLIER.U<36>
    DSP48E2_X7Y44        DSP_M_DATA (Prop_DSP_M_DATA_DSP48E2_U[36]_U_DATA[36])
                                                      0.047     8.141 r  dut/u_shared_mul/stage_a_result__0/DSP_M_DATA_INST/U_DATA[36]
                         net (fo=1, routed)           0.000     8.141    dut/u_shared_mul/stage_a_result__0/DSP_M_DATA.U_DATA<36>
    DSP48E2_X7Y44        DSP_ALU (Prop_DSP_ALU_DSP48E2_U_DATA[36]_ALU_OUT[47])
                                                      0.585     8.726 f  dut/u_shared_mul/stage_a_result__0/DSP_ALU_INST/ALU_OUT[47]
                         net (fo=1, routed)           0.000     8.726    dut/u_shared_mul/stage_a_result__0/DSP_ALU.ALU_OUT<47>
    DSP48E2_X7Y44        DSP_OUTPUT (Prop_DSP_OUTPUT_DSP48E2_ALU_OUT[47]_PCOUT[47])
                                                      0.122     8.848 r  dut/u_shared_mul/stage_a_result__0/DSP_OUTPUT_INST/PCOUT[47]
                         net (fo=1, routed)           0.014     8.862    dut/u_shared_mul/stage_a_result__1/PCIN[47]
    DSP48E2_X7Y45        DSP_ALU (Prop_DSP_ALU_DSP48E2_PCIN[47]_ALU_OUT[4])
                                                      0.546     9.408 r  dut/u_shared_mul/stage_a_result__1/DSP_ALU_INST/ALU_OUT[4]
                         net (fo=1, routed)           0.000     9.408    dut/u_shared_mul/stage_a_result__1/DSP_ALU.ALU_OUT<4>
    DSP48E2_X7Y45        DSP_OUTPUT (Prop_DSP_OUTPUT_DSP48E2_ALU_OUT[4]_P[4])
                                                      0.109     9.517 f  dut/u_shared_mul/stage_a_result__1/DSP_OUTPUT_INST/P[4]
                         net (fo=2, routed)           0.302     9.819    dut/u_shared_mul/stage_a_result__1_n_101
    SLICE_X48Y112        LUT2 (Prop_F6LUT_SLICEL_I0_O)
                                                      0.049     9.868 f  dut/u_shared_mul/modp_tp_i_28/O
                         net (fo=1, routed)           0.011     9.879    dut/u_shared_mul/modp_tp_i_28_n_0
    SLICE_X48Y112        CARRY8 (Prop_CARRY8_SLICEL_S[5]_CO[7])
                                                      0.155    10.034 r  dut/u_shared_mul/modp_tp_i_17/CO[7]
                         net (fo=1, routed)           0.026    10.060    dut/u_shared_mul/modp_tp_i_17_n_0
    SLICE_X48Y113        CARRY8 (Prop_CARRY8_SLICEL_CI_O[1])
                                                      0.076    10.136 f  dut/u_shared_mul/modp_tp_i_16/O[1]
                         net (fo=2, routed)           0.137    10.273    dut/u_shared_mul/stage_a_result__2[25]
    SLICE_X49Y113        LUT5 (Prop_H6LUT_SLICEM_I4_O)
                                                      0.053    10.326 f  dut/u_shared_mul/modp_tp_i_7/O
                         net (fo=2, routed)           0.278    10.604    dut/u_shared_mul/modp_tp/B[8]
    DSP48E2_X8Y44        DSP_A_B_DATA (Prop_DSP_A_B_DATA_DSP48E2_B[8]_B2_DATA[8])
                                                      0.151    10.755 r  dut/u_shared_mul/modp_tp/DSP_A_B_DATA_INST/B2_DATA[8]
                         net (fo=1, routed)           0.000    10.755    dut/u_shared_mul/modp_tp/DSP_A_B_DATA.B2_DATA<8>
    DSP48E2_X8Y44        DSP_PREADD_DATA (Prop_DSP_PREADD_DATA_DSP48E2_B2_DATA[8]_B2B1[8])
                                                      0.073    10.828 r  dut/u_shared_mul/modp_tp/DSP_PREADD_DATA_INST/B2B1[8]
                         net (fo=1, routed)           0.000    10.828    dut/u_shared_mul/modp_tp/DSP_PREADD_DATA.B2B1<8>
    DSP48E2_X8Y44        DSP_MULTIPLIER (Prop_DSP_MULTIPLIER_DSP48E2_B2B1[8]_V[37])
                                                      0.609    11.437 f  dut/u_shared_mul/modp_tp/DSP_MULTIPLIER_INST/V[37]
                         net (fo=1, routed)           0.000    11.437    dut/u_shared_mul/modp_tp/DSP_MULTIPLIER.V<37>
    DSP48E2_X8Y44        DSP_M_DATA (Prop_DSP_M_DATA_DSP48E2_V[37]_V_DATA[37])
                                                      0.046    11.483 r  dut/u_shared_mul/modp_tp/DSP_M_DATA_INST/V_DATA[37]
                         net (fo=1, routed)           0.000    11.483    dut/u_shared_mul/modp_tp/DSP_M_DATA.V_DATA<37>
    DSP48E2_X8Y44        DSP_ALU (Prop_DSP_ALU_DSP48E2_V_DATA[37]_ALU_OUT[47])
                                                      0.571    12.054 f  dut/u_shared_mul/modp_tp/DSP_ALU_INST/ALU_OUT[47]
                         net (fo=1, routed)           0.000    12.054    dut/u_shared_mul/modp_tp/DSP_ALU.ALU_OUT<47>
    DSP48E2_X8Y44        DSP_OUTPUT (Prop_DSP_OUTPUT_DSP48E2_ALU_OUT[47]_PCOUT[47])
                                                      0.122    12.176 r  dut/u_shared_mul/modp_tp/DSP_OUTPUT_INST/PCOUT[47]
                         net (fo=1, routed)           0.014    12.190    dut/u_shared_mul/modp_tp__0/PCIN[47]
    DSP48E2_X8Y45        DSP_ALU (Prop_DSP_ALU_DSP48E2_PCIN[47]_ALU_OUT[0])
                                                      0.546    12.736 f  dut/u_shared_mul/modp_tp__0/DSP_ALU_INST/ALU_OUT[0]
                         net (fo=1, routed)           0.000    12.736    dut/u_shared_mul/modp_tp__0/DSP_ALU.ALU_OUT<0>
    DSP48E2_X8Y45        DSP_OUTPUT (Prop_DSP_OUTPUT_DSP48E2_ALU_OUT[0]_P[0])
                                                      0.109    12.845 r  dut/u_shared_mul/modp_tp__0/DSP_OUTPUT_INST/P[0]
                         net (fo=1, routed)           0.243    13.088    dut/u_shared_mul/modp_tp__0_n_105
    SLICE_X50Y109        LUT2 (Prop_C6LUT_SLICEM_I1_O)
                                                      0.098    13.186 r  dut/u_shared_mul/reg_B[0]_i_122/O
                         net (fo=1, routed)           0.021    13.207    dut/u_shared_mul/reg_B[0]_i_122_n_0
    SLICE_X50Y109        CARRY8 (Prop_CARRY8_SLICEM_S[2]_CO[7])
                                                      0.161    13.368 r  dut/u_shared_mul/reg_B_reg[0]_i_106/CO[7]
                         net (fo=1, routed)           0.026    13.394    dut/u_shared_mul/reg_B_reg[0]_i_106_n_0
    SLICE_X50Y110        CARRY8 (Prop_CARRY8_SLICEM_CI_O[5])
                                                      0.116    13.510 r  dut/u_shared_mul/reg_B_reg[23]_i_122/O[5]
                         net (fo=1, routed)           0.211    13.721    dut/u_shared_mul/u_primary_mul/modp_tp__3[29]
    SLICE_X49Y111        LUT4 (Prop_F6LUT_SLICEM_I3_O)
                                                      0.051    13.772 r  dut/u_shared_mul/u_primary_mul/reg_B[23]_i_106/O
                         net (fo=1, routed)           0.022    13.794    dut/u_shared_mul/u_primary_mul/reg_B[23]_i_106_n_0
    SLICE_X49Y111        CARRY8 (Prop_CARRY8_SLICEM_S[5]_CO[7])
                                                      0.159    13.953 r  dut/u_shared_mul/u_primary_mul/reg_B_reg[23]_i_31/CO[7]
                         net (fo=1, routed)           0.026    13.979    dut/u_shared_mul/u_primary_mul/reg_B_reg[23]_i_31_n_0
    SLICE_X49Y112        CARRY8 (Prop_CARRY8_SLICEM_CI_O[5])
                                                      0.116    14.095 r  dut/u_shared_mul/u_primary_mul/reg_B_reg[30]_i_19/O[5]
                         net (fo=2, routed)           0.280    14.375    dut/u_shared_mul/u_primary_mul/modp_shifted[22]
    SLICE_X52Y112        LUT2 (Prop_G6LUT_SLICEM_I0_O)
                                                      0.090    14.465 r  dut/u_shared_mul/u_primary_mul/reg_B[23]_i_33/O
                         net (fo=1, routed)           0.016    14.481    dut/u_shared_mul/u_primary_mul/reg_B[23]_i_33_n_0
    SLICE_X52Y112        CARRY8 (Prop_CARRY8_SLICEM_S[6]_CO[7])
                                                      0.117    14.598 r  dut/u_shared_mul/u_primary_mul/reg_B_reg[23]_i_10/CO[7]
                         net (fo=1, routed)           0.026    14.624    dut/u_shared_mul/u_primary_mul/reg_B_reg[23]_i_10_n_0
    SLICE_X52Y113        CARRY8 (Prop_CARRY8_SLICEM_CI_O[7])
                                                      0.116    14.740 r  dut/u_shared_mul/u_primary_mul/reg_B_reg[30]_i_7/O[7]
                         net (fo=32, routed)          0.274    15.014    dut/u_shared_mul/u_primary_mul/modp_sub[31]
    SLICE_X53Y111        LUT3 (Prop_F6LUT_SLICEM_I2_O)
                                                      0.037    15.051 r  dut/u_shared_mul/u_primary_mul/reg_B[0]_i_13/O
                         net (fo=1, routed)           0.022    15.073    dut/u_shared_mul/u_primary_mul/reg_B[0]_i_13_n_0
    SLICE_X53Y111        CARRY8 (Prop_CARRY8_SLICEM_S[5]_CO[7])
                                                      0.159    15.232 r  dut/u_shared_mul/u_primary_mul/reg_B_reg[0]_i_4/CO[7]
                         net (fo=1, routed)           0.026    15.258    dut/u_shared_mul/u_primary_mul/reg_B_reg[0]_i_4_n_0
    SLICE_X53Y112        CARRY8 (Prop_CARRY8_SLICEM_CI_O[3])
                                                      0.082    15.340 r  dut/u_shared_mul/u_primary_mul/reg_B_reg[23]_i_9/O[3]
                         net (fo=1, routed)           0.182    15.522    dut/u_shared_mul/u_primary_mul/data4[11]
    SLICE_X54Y112        LUT6 (Prop_C6LUT_SLICEL_I0_O)
                                                      0.035    15.557 r  dut/u_shared_mul/u_primary_mul/reg_B[11]_i_5/O
                         net (fo=1, routed)           0.010    15.567    dut/u_shared_mul/u_primary_mul/reg_B[11]_i_5_n_0
    SLICE_X54Y112        MUXF7 (Prop_F7MUX_CD_SLICEL_I1_O)
                                                      0.064    15.631 r  dut/u_shared_mul/u_primary_mul/reg_B_reg[11]_i_2/O
                         net (fo=15, routed)          0.299    15.930    dut/u_shared_mul/u_primary_mul/mul_res_lo[11]
    SLICE_X53Y108        LUT4 (Prop_E6LUT_SLICEM_I2_O)
                                                      0.091    16.021 r  dut/u_shared_mul/u_primary_mul/sig[15]_i_87/O
                         net (fo=1, routed)           0.014    16.035    dut/u_shared_mul/u_primary_mul/sig[15]_i_87_n_0
    SLICE_X53Y108        CARRY8 (Prop_CARRY8_SLICEM_S[4]_CO[7])
                                                      0.156    16.191 r  dut/u_shared_mul/u_primary_mul/sig_reg[15]_i_34/CO[7]
                         net (fo=1, routed)           0.026    16.217    dut/u_shared_mul/u_primary_mul/sig_reg[15]_i_34_n_0
    SLICE_X53Y109        CARRY8 (Prop_CARRY8_SLICEM_CI_O[0])
                                                      0.056    16.273 r  dut/u_shared_mul/u_primary_mul/sig_reg[15]_i_36/O[0]
                         net (fo=7, routed)           0.238    16.511    dut/u_shared_mul/u_primary_mul/p_0_in0
    SLICE_X52Y108        LUT2 (Prop_A6LUT_SLICEM_I1_O)
                                                      0.053    16.564 r  dut/u_shared_mul/u_primary_mul/sig[15]_i_75/O
                         net (fo=1, routed)           0.013    16.577    dut/u_shared_mul/u_primary_mul/sig[15]_i_75_n_0
    SLICE_X52Y108        CARRY8 (Prop_CARRY8_SLICEM_S[0]_CO[7])
                                                      0.192    16.769 r  dut/u_shared_mul/u_primary_mul/sig_reg[15]_i_33/CO[7]
                         net (fo=1, routed)           0.026    16.795    dut/u_shared_mul/u_primary_mul/sig_reg[15]_i_33_n_0
    SLICE_X52Y109        CARRY8 (Prop_CARRY8_SLICEM_CI_O[1])
                                                      0.076    16.871 r  dut/u_shared_mul/u_primary_mul/sig_reg[15]_i_8/O[1]
                         net (fo=1, routed)           0.334    17.205    dut/u_shared_mul/u_primary_mul/sig_reg[15]_i_8_n_14
    SLICE_X45Y109        LUT6 (Prop_D6LUT_SLICEL_I3_O)
                                                      0.050    17.255 r  dut/u_shared_mul/u_primary_mul/sig[9]_i_3/O
                         net (fo=1, routed)           0.084    17.339    dut/u_shared_mul/u_primary_mul/sig[9]_i_3_n_0
    SLICE_X44Y109        LUT6 (Prop_E6LUT_SLICEM_I2_O)
                                                      0.037    17.376 r  dut/u_shared_mul/u_primary_mul/sig[9]_i_1/O
                         net (fo=1, routed)           0.055    17.431    dut_n_23
    SLICE_X44Y109        FDCE                                         r  sig_reg[9]/D
  -------------------------------------------------------------------    -------------------

                         (clock clk rise edge)       14.000    14.000 r  
    D14                                               0.000    14.000 r  clk (IN)
                         net (fo=0)                   0.000    14.000    clk_IBUF_inst/I
    D14                  INBUF (Prop_INBUF_HDIOB_M_PAD_O)
                                                      0.495    14.495 r  clk_IBUF_inst/INBUF_INST/O
                         net (fo=1, routed)           0.000    14.495    clk_IBUF_inst/OUT
    D14                  IBUFCTRL (Prop_IBUFCTRL_HDIOB_M_I_O)
                                                      0.000    14.495 r  clk_IBUF_inst/IBUFCTRL_INST/O
                         net (fo=1, routed)           0.169    14.664    clk_IBUF
    BUFGCE_HDIO_X0Y7     BUFGCE (Prop_BUFCE_BUFGCE_HDIO_I_O)
                                                      0.024    14.688 r  clk_IBUF_BUFG_inst/O
    X1Y2 (CLOCK_ROOT)    net (fo=197, routed)         1.668    16.355    clk_IBUF_BUFG
    SLICE_X44Y109        FDCE                                         r  sig_reg[9]/C
                         clock pessimism              0.617    16.972    
                         clock uncertainty           -0.035    16.937    
    SLICE_X44Y109        FDCE (Setup_EFF_SLICEM_C_D)
                                                      0.025    16.962    sig_reg[9]
  -------------------------------------------------------------------
                         required time                         16.962    
                         arrival time                         -17.431    
  -------------------------------------------------------------------
                         slack                                 -0.470    

Slack (VIOLATED) :        -0.470ns  (required time - arrival time)
  Source:                 rs1_q_reg[7]/C
                            (rising edge-triggered cell FDCE clocked by clk  {rise@0.000ns fall@7.000ns period=14.000ns})
  Destination:            sig_reg[9]/D
                            (rising edge-triggered cell FDCE clocked by clk  {rise@0.000ns fall@7.000ns period=14.000ns})
  Path Group:             clk
  Path Type:              Setup (Max at Slow Process Corner)
  Requirement:            14.000ns  (clk rise@14.000ns - clk rise@0.000ns)
  Data Path Delay:        14.464ns  (logic 9.304ns (64.327%)  route 5.160ns (35.673%))
  Logic Levels:           57  (CARRY8=18 DSP_A_B_DATA=3 DSP_ALU=5 DSP_M_DATA=3 DSP_MULTIPLIER=3 DSP_OUTPUT=5 DSP_PREADD_DATA=3 LUT2=4 LUT3=3 LUT4=3 LUT5=1 LUT6=5 MUXF7=1)
  Clock Path Skew:        0.004ns (DCD - SCD + CPR)
    Destination Clock Delay (DCD):    2.355ns = ( 16.355 - 14.000 ) 
    Source Clock Delay      (SCD):    2.968ns
    Clock Pessimism Removal (CPR):    0.617ns
  Clock Uncertainty:      0.035ns  ((TSJ^2 + TIJ^2)^1/2 + DJ) / 2 + PE
    Total System Jitter     (TSJ):    0.071ns
    Total Input Jitter      (TIJ):    0.000ns
    Discrete Jitter          (DJ):    0.000ns
    Phase Error              (PE):    0.000ns
  Clock Net Delay (Source):      1.734ns (routing 0.719ns, distribution 1.015ns)
  Clock Net Delay (Destination): 1.668ns (routing 0.652ns, distribution 1.016ns)

    Location             Delay type                Incr(ns)  Path(ns)    Netlist Resource(s)
  -------------------------------------------------------------------    -------------------
                         (clock clk rise edge)        0.000     0.000 r  
    D14                                               0.000     0.000 r  clk (IN)
                         net (fo=0)                   0.000     0.000    clk_IBUF_inst/I
    D14                  INBUF (Prop_INBUF_HDIOB_M_PAD_O)
                                                      1.002     1.002 r  clk_IBUF_inst/INBUF_INST/O
                         net (fo=1, routed)           0.000     1.002    clk_IBUF_inst/OUT
    D14                  IBUFCTRL (Prop_IBUFCTRL_HDIOB_M_I_O)
                                                      0.000     1.002 r  clk_IBUF_inst/IBUFCTRL_INST/O
                         net (fo=1, routed)           0.204     1.206    clk_IBUF
    BUFGCE_HDIO_X0Y7     BUFGCE (Prop_BUFCE_BUFGCE_HDIO_I_O)
                                                      0.028     1.234 r  clk_IBUF_BUFG_inst/O
    X1Y2 (CLOCK_ROOT)    net (fo=197, routed)         1.734     2.968    clk_IBUF_BUFG
    SLICE_X48Y121        FDCE                                         r  rs1_q_reg[7]/C
  -------------------------------------------------------------------    -------------------
    SLICE_X48Y121        FDCE (Prop_FFF_SLICEL_C_Q)
                                                      0.079     3.047 r  rs1_q_reg[7]/Q
                         net (fo=44, routed)          0.288     3.335    dut/u_shared_mul/u_primary_mul/rs1_q[7]
    SLICE_X48Y120        LUT4 (Prop_D6LUT_SLICEL_I2_O)
                                                      0.089     3.424 r  dut/u_shared_mul/u_primary_mul/int_prod_i_173/O
                         net (fo=1, routed)           0.009     3.433    dut/u_shared_mul/u_primary_mul/int_prod_i_173_n_0
    SLICE_X48Y120        CARRY8 (Prop_CARRY8_SLICEL_S[3]_CO[7])
                                                      0.161     3.594 r  dut/u_shared_mul/u_primary_mul/int_prod_i_157/CO[7]
                         net (fo=9, routed)           0.206     3.800    dut/u_shared_mul/u_primary_mul/mul_op_b2
    SLICE_X49Y121        LUT3 (Prop_A6LUT_SLICEM_I1_O)
                                                      0.053     3.853 r  dut/u_shared_mul/u_primary_mul/int_prod_i_140/O
                         net (fo=1, routed)           0.013     3.866    dut/u_shared_mul/u_primary_mul/int_prod_i_140_n_0
    SLICE_X49Y121        CARRY8 (Prop_CARRY8_SLICEM_S[0]_CO[7])
                                                      0.192     4.058 r  dut/u_shared_mul/u_primary_mul/int_prod_i_76/CO[7]
                         net (fo=1, routed)           0.026     4.084    dut/u_shared_mul/u_primary_mul/int_prod_i_76_n_0
    SLICE_X49Y122        CARRY8 (Prop_CARRY8_SLICEM_CI_O[7])
                                                      0.116     4.200 f  dut/u_shared_mul/u_primary_mul/int_prod_i_73/O[7]
                         net (fo=2, routed)           0.179     4.379    dut/u_shared_mul/u_primary_mul/O[7]
    SLICE_X48Y123        LUT3 (Prop_B6LUT_SLICEL_I0_O)
                                                      0.036     4.415 f  dut/u_shared_mul/u_primary_mul/int_prod_i_40/O
                         net (fo=2, routed)           0.143     4.558    dut/u_shared_mul/u_primary_mul/int_prod_i_40_n_0
    SLICE_X48Y124        LUT6 (Prop_A6LUT_SLICEL_I2_O)
                                                      0.050     4.608 f  dut/u_shared_mul/u_primary_mul/int_prod_i_17_replica/O
                         net (fo=1, routed)           0.175     4.783    dut/u_shared_mul/u_primary_mul/int_prod__1/B[15]
    DSP48E2_X7Y48        DSP_A_B_DATA (Prop_DSP_A_B_DATA_DSP48E2_B[15]_B2_DATA[15])
                                                      0.151     4.934 r  dut/u_shared_mul/u_primary_mul/int_prod__1/DSP_A_B_DATA_INST/B2_DATA[15]
                         net (fo=1, routed)           0.000     4.934    dut/u_shared_mul/u_primary_mul/int_prod__1/DSP_A_B_DATA.B2_DATA<15>
    DSP48E2_X7Y48        DSP_PREADD_DATA (Prop_DSP_PREADD_DATA_DSP48E2_B2_DATA[15]_B2B1[15])
                                                      0.073     5.007 r  dut/u_shared_mul/u_primary_mul/int_prod__1/DSP_PREADD_DATA_INST/B2B1[15]
                         net (fo=1, routed)           0.000     5.007    dut/u_shared_mul/u_primary_mul/int_prod__1/DSP_PREADD_DATA.B2B1<15>
    DSP48E2_X7Y48        DSP_MULTIPLIER (Prop_DSP_MULTIPLIER_DSP48E2_B2B1[15]_V[16])
                                                      0.609     5.616 f  dut/u_shared_mul/u_primary_mul/int_prod__1/DSP_MULTIPLIER_INST/V[16]
                         net (fo=1, routed)           0.000     5.616    dut/u_shared_mul/u_primary_mul/int_prod__1/DSP_MULTIPLIER.V<16>
    DSP48E2_X7Y48        DSP_M_DATA (Prop_DSP_M_DATA_DSP48E2_V[16]_V_DATA[16])
                                                      0.046     5.662 r  dut/u_shared_mul/u_primary_mul/int_prod__1/DSP_M_DATA_INST/V_DATA[16]
                         net (fo=1, routed)           0.000     5.662    dut/u_shared_mul/u_primary_mul/int_prod__1/DSP_M_DATA.V_DATA<16>
    DSP48E2_X7Y48        DSP_ALU (Prop_DSP_ALU_DSP48E2_V_DATA[16]_ALU_OUT[16])
                                                      0.571     6.233 f  dut/u_shared_mul/u_primary_mul/int_prod__1/DSP_ALU_INST/ALU_OUT[16]
                         net (fo=1, routed)           0.000     6.233    dut/u_shared_mul/u_primary_mul/int_prod__1/DSP_ALU.ALU_OUT<16>
    DSP48E2_X7Y48        DSP_OUTPUT (Prop_DSP_OUTPUT_DSP48E2_ALU_OUT[16]_P[16])
                                                      0.109     6.342 r  dut/u_shared_mul/u_primary_mul/int_prod__1/DSP_OUTPUT_INST/P[16]
                         net (fo=1, routed)           0.365     6.707    dut/u_shared_mul/u_primary_mul/int_prod__1_n_89
    SLICE_X49Y115        CARRY8 (Prop_CARRY8_SLICEM_S[0]_O[0])
                                                      0.065     6.772 f  dut/u_shared_mul/u_primary_mul/int_prod_carry/O[0]
                         net (fo=2, routed)           0.232     7.004    dut/u_shared_mul/u_primary_mul/int_prod__3__0[16]
    SLICE_X51Y116        LUT6 (Prop_G6LUT_SLICEL_I4_O)
                                                      0.050     7.054 f  dut/u_shared_mul/u_primary_mul/stage_a_result__0_i_3_comp/O
                         net (fo=1, routed)           0.267     7.321    dut/u_shared_mul/stage_a_result__0/A[16]
    DSP48E2_X7Y44        DSP_A_B_DATA (Prop_DSP_A_B_DATA_DSP48E2_A[16]_A2_DATA[16])
                                                      0.192     7.513 r  dut/u_shared_mul/stage_a_result__0/DSP_A_B_DATA_INST/A2_DATA[16]
                         net (fo=1, routed)           0.000     7.513    dut/u_shared_mul/stage_a_result__0/DSP_A_B_DATA.A2_DATA<16>
    DSP48E2_X7Y44        DSP_PREADD_DATA (Prop_DSP_PREADD_DATA_DSP48E2_A2_DATA[16]_A2A1[16])
                                                      0.076     7.589 r  dut/u_shared_mul/stage_a_result__0/DSP_PREADD_DATA_INST/A2A1[16]
                         net (fo=1, routed)           0.000     7.589    dut/u_shared_mul/stage_a_result__0/DSP_PREADD_DATA.A2A1<16>
    DSP48E2_X7Y44        DSP_MULTIPLIER (Prop_DSP_MULTIPLIER_DSP48E2_A2A1[16]_U[36])
                                                      0.505     8.094 f  dut/u_shared_mul/stage_a_result__0/DSP_MULTIPLIER_INST/U[36]
                         net (fo=1, routed)           0.000     8.094    dut/u_shared_mul/stage_a_result__0/DSP_MULTIPLIER.U<36>
    DSP48E2_X7Y44        DSP_M_DATA (Prop_DSP_M_DATA_DSP48E2_U[36]_U_DATA[36])
                                                      0.047     8.141 r  dut/u_shared_mul/stage_a_result__0/DSP_M_DATA_INST/U_DATA[36]
                         net (fo=1, routed)           0.000     8.141    dut/u_shared_mul/stage_a_result__0/DSP_M_DATA.U_DATA<36>
    DSP48E2_X7Y44        DSP_ALU (Prop_DSP_ALU_DSP48E2_U_DATA[36]_ALU_OUT[47])
                                                      0.585     8.726 f  dut/u_shared_mul/stage_a_result__0/DSP_ALU_INST/ALU_OUT[47]
                         net (fo=1, routed)           0.000     8.726    dut/u_shared_mul/stage_a_result__0/DSP_ALU.ALU_OUT<47>
    DSP48E2_X7Y44        DSP_OUTPUT (Prop_DSP_OUTPUT_DSP48E2_ALU_OUT[47]_PCOUT[47])
                                                      0.122     8.848 r  dut/u_shared_mul/stage_a_result__0/DSP_OUTPUT_INST/PCOUT[47]
                         net (fo=1, routed)           0.014     8.862    dut/u_shared_mul/stage_a_result__1/PCIN[47]
    DSP48E2_X7Y45        DSP_ALU (Prop_DSP_ALU_DSP48E2_PCIN[47]_ALU_OUT[4])
                                                      0.546     9.408 f  dut/u_shared_mul/stage_a_result__1/DSP_ALU_INST/ALU_OUT[4]
                         net (fo=1, routed)           0.000     9.408    dut/u_shared_mul/stage_a_result__1/DSP_ALU.ALU_OUT<4>
    DSP48E2_X7Y45        DSP_OUTPUT (Prop_DSP_OUTPUT_DSP48E2_ALU_OUT[4]_P[4])
                                                      0.109     9.517 r  dut/u_shared_mul/stage_a_result__1/DSP_OUTPUT_INST/P[4]
                         net (fo=2, routed)           0.302     9.819    dut/u_shared_mul/stage_a_result__1_n_101
    SLICE_X48Y112        LUT2 (Prop_F6LUT_SLICEL_I0_O)
                                                      0.049     9.868 r  dut/u_shared_mul/modp_tp_i_28/O
                         net (fo=1, routed)           0.011     9.879    dut/u_shared_mul/modp_tp_i_28_n_0
    SLICE_X48Y112        CARRY8 (Prop_CARRY8_SLICEL_S[5]_CO[7])
                                                      0.155    10.034 f  dut/u_shared_mul/modp_tp_i_17/CO[7]
                         net (fo=1, routed)           0.026    10.060    dut/u_shared_mul/modp_tp_i_17_n_0
    SLICE_X48Y113        CARRY8 (Prop_CARRY8_SLICEL_CI_O[1])
                                                      0.076    10.136 f  dut/u_shared_mul/modp_tp_i_16/O[1]
                         net (fo=2, routed)           0.137    10.273    dut/u_shared_mul/stage_a_result__2[25]
    SLICE_X49Y113        LUT5 (Prop_H6LUT_SLICEM_I4_O)
                                                      0.053    10.326 f  dut/u_shared_mul/modp_tp_i_7/O
                         net (fo=2, routed)           0.278    10.604    dut/u_shared_mul/modp_tp/B[8]
    DSP48E2_X8Y44        DSP_A_B_DATA (Prop_DSP_A_B_DATA_DSP48E2_B[8]_B2_DATA[8])
                                                      0.151    10.755 r  dut/u_shared_mul/modp_tp/DSP_A_B_DATA_INST/B2_DATA[8]
                         net (fo=1, routed)           0.000    10.755    dut/u_shared_mul/modp_tp/DSP_A_B_DATA.B2_DATA<8>
    DSP48E2_X8Y44        DSP_PREADD_DATA (Prop_DSP_PREADD_DATA_DSP48E2_B2_DATA[8]_B2B1[8])
                                                      0.073    10.828 r  dut/u_shared_mul/modp_tp/DSP_PREADD_DATA_INST/B2B1[8]
                         net (fo=1, routed)           0.000    10.828    dut/u_shared_mul/modp_tp/DSP_PREADD_DATA.B2B1<8>
    DSP48E2_X8Y44        DSP_MULTIPLIER (Prop_DSP_MULTIPLIER_DSP48E2_B2B1[8]_V[37])
                                                      0.609    11.437 f  dut/u_shared_mul/modp_tp/DSP_MULTIPLIER_INST/V[37]
                         net (fo=1, routed)           0.000    11.437    dut/u_shared_mul/modp_tp/DSP_MULTIPLIER.V<37>
    DSP48E2_X8Y44        DSP_M_DATA (Prop_DSP_M_DATA_DSP48E2_V[37]_V_DATA[37])
                                                      0.046    11.483 r  dut/u_shared_mul/modp_tp/DSP_M_DATA_INST/V_DATA[37]
                         net (fo=1, routed)           0.000    11.483    dut/u_shared_mul/modp_tp/DSP_M_DATA.V_DATA<37>
    DSP48E2_X8Y44        DSP_ALU (Prop_DSP_ALU_DSP48E2_V_DATA[37]_ALU_OUT[47])
                                                      0.571    12.054 f  dut/u_shared_mul/modp_tp/DSP_ALU_INST/ALU_OUT[47]
                         net (fo=1, routed)           0.000    12.054    dut/u_shared_mul/modp_tp/DSP_ALU.ALU_OUT<47>
    DSP48E2_X8Y44        DSP_OUTPUT (Prop_DSP_OUTPUT_DSP48E2_ALU_OUT[47]_PCOUT[47])
                                                      0.122    12.176 r  dut/u_shared_mul/modp_tp/DSP_OUTPUT_INST/PCOUT[47]
                         net (fo=1, routed)           0.014    12.190    dut/u_shared_mul/modp_tp__0/PCIN[47]
    DSP48E2_X8Y45        DSP_ALU (Prop_DSP_ALU_DSP48E2_PCIN[47]_ALU_OUT[0])
                                                      0.546    12.736 f  dut/u_shared_mul/modp_tp__0/DSP_ALU_INST/ALU_OUT[0]
                         net (fo=1, routed)           0.000    12.736    dut/u_shared_mul/modp_tp__0/DSP_ALU.ALU_OUT<0>
    DSP48E2_X8Y45        DSP_OUTPUT (Prop_DSP_OUTPUT_DSP48E2_ALU_OUT[0]_P[0])
                                                      0.109    12.845 r  dut/u_shared_mul/modp_tp__0/DSP_OUTPUT_INST/P[0]
                         net (fo=1, routed)           0.243    13.088    dut/u_shared_mul/modp_tp__0_n_105
    SLICE_X50Y109        LUT2 (Prop_C6LUT_SLICEM_I1_O)
                                                      0.098    13.186 r  dut/u_shared_mul/reg_B[0]_i_122/O
                         net (fo=1, routed)           0.021    13.207    dut/u_shared_mul/reg_B[0]_i_122_n_0
    SLICE_X50Y109        CARRY8 (Prop_CARRY8_SLICEM_S[2]_CO[7])
                                                      0.161    13.368 r  dut/u_shared_mul/reg_B_reg[0]_i_106/CO[7]
                         net (fo=1, routed)           0.026    13.394    dut/u_shared_mul/reg_B_reg[0]_i_106_n_0
    SLICE_X50Y110        CARRY8 (Prop_CARRY8_SLICEM_CI_O[5])
                                                      0.116    13.510 r  dut/u_shared_mul/reg_B_reg[23]_i_122/O[5]
                         net (fo=1, routed)           0.211    13.721    dut/u_shared_mul/u_primary_mul/modp_tp__3[29]
    SLICE_X49Y111        LUT4 (Prop_F6LUT_SLICEM_I3_O)
                                                      0.051    13.772 r  dut/u_shared_mul/u_primary_mul/reg_B[23]_i_106/O
                         net (fo=1, routed)           0.022    13.794    dut/u_shared_mul/u_primary_mul/reg_B[23]_i_106_n_0
    SLICE_X49Y111        CARRY8 (Prop_CARRY8_SLICEM_S[5]_CO[7])
                                                      0.159    13.953 r  dut/u_shared_mul/u_primary_mul/reg_B_reg[23]_i_31/CO[7]
                         net (fo=1, routed)           0.026    13.979    dut/u_shared_mul/u_primary_mul/reg_B_reg[23]_i_31_n_0
    SLICE_X49Y112        CARRY8 (Prop_CARRY8_SLICEM_CI_O[5])
                                                      0.116    14.095 r  dut/u_shared_mul/u_primary_mul/reg_B_reg[30]_i_19/O[5]
                         net (fo=2, routed)           0.280    14.375    dut/u_shared_mul/u_primary_mul/modp_shifted[22]
    SLICE_X52Y112        LUT2 (Prop_G6LUT_SLICEM_I0_O)
                                                      0.090    14.465 r  dut/u_shared_mul/u_primary_mul/reg_B[23]_i_33/O
                         net (fo=1, routed)           0.016    14.481    dut/u_shared_mul/u_primary_mul/reg_B[23]_i_33_n_0
    SLICE_X52Y112        CARRY8 (Prop_CARRY8_SLICEM_S[6]_CO[7])
                                                      0.117    14.598 r  dut/u_shared_mul/u_primary_mul/reg_B_reg[23]_i_10/CO[7]
                         net (fo=1, routed)           0.026    14.624    dut/u_shared_mul/u_primary_mul/reg_B_reg[23]_i_10_n_0
    SLICE_X52Y113        CARRY8 (Prop_CARRY8_SLICEM_CI_O[7])
                                                      0.116    14.740 r  dut/u_shared_mul/u_primary_mul/reg_B_reg[30]_i_7/O[7]
                         net (fo=32, routed)          0.274    15.014    dut/u_shared_mul/u_primary_mul/modp_sub[31]
    SLICE_X53Y111        LUT3 (Prop_F6LUT_SLICEM_I2_O)
                                                      0.037    15.051 r  dut/u_shared_mul/u_primary_mul/reg_B[0]_i_13/O
                         net (fo=1, routed)           0.022    15.073    dut/u_shared_mul/u_primary_mul/reg_B[0]_i_13_n_0
    SLICE_X53Y111        CARRY8 (Prop_CARRY8_SLICEM_S[5]_CO[7])
                                                      0.159    15.232 r  dut/u_shared_mul/u_primary_mul/reg_B_reg[0]_i_4/CO[7]
                         net (fo=1, routed)           0.026    15.258    dut/u_shared_mul/u_primary_mul/reg_B_reg[0]_i_4_n_0
    SLICE_X53Y112        CARRY8 (Prop_CARRY8_SLICEM_CI_O[3])
                                                      0.082    15.340 r  dut/u_shared_mul/u_primary_mul/reg_B_reg[23]_i_9/O[3]
                         net (fo=1, routed)           0.182    15.522    dut/u_shared_mul/u_primary_mul/data4[11]
    SLICE_X54Y112        LUT6 (Prop_C6LUT_SLICEL_I0_O)
                                                      0.035    15.557 r  dut/u_shared_mul/u_primary_mul/reg_B[11]_i_5/O
                         net (fo=1, routed)           0.010    15.567    dut/u_shared_mul/u_primary_mul/reg_B[11]_i_5_n_0
    SLICE_X54Y112        MUXF7 (Prop_F7MUX_CD_SLICEL_I1_O)
                                                      0.064    15.631 r  dut/u_shared_mul/u_primary_mul/reg_B_reg[11]_i_2/O
                         net (fo=15, routed)          0.299    15.930    dut/u_shared_mul/u_primary_mul/mul_res_lo[11]
    SLICE_X53Y108        LUT4 (Prop_E6LUT_SLICEM_I2_O)
                                                      0.091    16.021 r  dut/u_shared_mul/u_primary_mul/sig[15]_i_87/O
                         net (fo=1, routed)           0.014    16.035    dut/u_shared_mul/u_primary_mul/sig[15]_i_87_n_0
    SLICE_X53Y108        CARRY8 (Prop_CARRY8_SLICEM_S[4]_CO[7])
                                                      0.156    16.191 r  dut/u_shared_mul/u_primary_mul/sig_reg[15]_i_34/CO[7]
                         net (fo=1, routed)           0.026    16.217    dut/u_shared_mul/u_primary_mul/sig_reg[15]_i_34_n_0
    SLICE_X53Y109        CARRY8 (Prop_CARRY8_SLICEM_CI_O[0])
                                                      0.056    16.273 r  dut/u_shared_mul/u_primary_mul/sig_reg[15]_i_36/O[0]
                         net (fo=7, routed)           0.238    16.511    dut/u_shared_mul/u_primary_mul/p_0_in0
    SLICE_X52Y108        LUT2 (Prop_A6LUT_SLICEM_I1_O)
                                                      0.053    16.564 r  dut/u_shared_mul/u_primary_mul/sig[15]_i_75/O
                         net (fo=1, routed)           0.013    16.577    dut/u_shared_mul/u_primary_mul/sig[15]_i_75_n_0
    SLICE_X52Y108        CARRY8 (Prop_CARRY8_SLICEM_S[0]_CO[7])
                                                      0.192    16.769 r  dut/u_shared_mul/u_primary_mul/sig_reg[15]_i_33/CO[7]
                         net (fo=1, routed)           0.026    16.795    dut/u_shared_mul/u_primary_mul/sig_reg[15]_i_33_n_0
    SLICE_X52Y109        CARRY8 (Prop_CARRY8_SLICEM_CI_O[1])
                                                      0.076    16.871 r  dut/u_shared_mul/u_primary_mul/sig_reg[15]_i_8/O[1]
                         net (fo=1, routed)           0.334    17.205    dut/u_shared_mul/u_primary_mul/sig_reg[15]_i_8_n_14
    SLICE_X45Y109        LUT6 (Prop_D6LUT_SLICEL_I3_O)
                                                      0.050    17.255 r  dut/u_shared_mul/u_primary_mul/sig[9]_i_3/O
                         net (fo=1, routed)           0.084    17.339    dut/u_shared_mul/u_primary_mul/sig[9]_i_3_n_0
    SLICE_X44Y109        LUT6 (Prop_E6LUT_SLICEM_I2_O)
                                                      0.037    17.376 r  dut/u_shared_mul/u_primary_mul/sig[9]_i_1/O
                         net (fo=1, routed)           0.055    17.431    dut_n_23
    SLICE_X44Y109        FDCE                                         r  sig_reg[9]/D
  -------------------------------------------------------------------    -------------------

                         (clock clk rise edge)       14.000    14.000 r  
    D14                                               0.000    14.000 r  clk (IN)
                         net (fo=0)                   0.000    14.000    clk_IBUF_inst/I
    D14                  INBUF (Prop_INBUF_HDIOB_M_PAD_O)
                                                      0.495    14.495 r  clk_IBUF_inst/INBUF_INST/O
                         net (fo=1, routed)           0.000    14.495    clk_IBUF_inst/OUT
    D14                  IBUFCTRL (Prop_IBUFCTRL_HDIOB_M_I_O)
                                                      0.000    14.495 r  clk_IBUF_inst/IBUFCTRL_INST/O
                         net (fo=1, routed)           0.169    14.664    clk_IBUF
    BUFGCE_HDIO_X0Y7     BUFGCE (Prop_BUFCE_BUFGCE_HDIO_I_O)
                                                      0.024    14.688 r  clk_IBUF_BUFG_inst/O
    X1Y2 (CLOCK_ROOT)    net (fo=197, routed)         1.668    16.355    clk_IBUF_BUFG
    SLICE_X44Y109        FDCE                                         r  sig_reg[9]/C
                         clock pessimism              0.617    16.972    
                         clock uncertainty           -0.035    16.937    
    SLICE_X44Y109        FDCE (Setup_EFF_SLICEM_C_D)
                                                      0.025    16.962    sig_reg[9]
  -------------------------------------------------------------------
                         required time                         16.962    
                         arrival time                         -17.431    
  -------------------------------------------------------------------
                         slack                                 -0.470    

Slack (VIOLATED) :        -0.470ns  (required time - arrival time)
  Source:                 rs1_q_reg[7]/C
                            (rising edge-triggered cell FDCE clocked by clk  {rise@0.000ns fall@7.000ns period=14.000ns})
  Destination:            sig_reg[9]/D
                            (rising edge-triggered cell FDCE clocked by clk  {rise@0.000ns fall@7.000ns period=14.000ns})
  Path Group:             clk
  Path Type:              Setup (Max at Slow Process Corner)
  Requirement:            14.000ns  (clk rise@14.000ns - clk rise@0.000ns)
  Data Path Delay:        14.464ns  (logic 9.304ns (64.327%)  route 5.160ns (35.673%))
  Logic Levels:           57  (CARRY8=18 DSP_A_B_DATA=3 DSP_ALU=5 DSP_M_DATA=3 DSP_MULTIPLIER=3 DSP_OUTPUT=5 DSP_PREADD_DATA=3 LUT2=4 LUT3=3 LUT4=3 LUT5=1 LUT6=5 MUXF7=1)
  Clock Path Skew:        0.004ns (DCD - SCD + CPR)
    Destination Clock Delay (DCD):    2.355ns = ( 16.355 - 14.000 ) 
    Source Clock Delay      (SCD):    2.968ns
    Clock Pessimism Removal (CPR):    0.617ns
  Clock Uncertainty:      0.035ns  ((TSJ^2 + TIJ^2)^1/2 + DJ) / 2 + PE
    Total System Jitter     (TSJ):    0.071ns
    Total Input Jitter      (TIJ):    0.000ns
    Discrete Jitter          (DJ):    0.000ns
    Phase Error              (PE):    0.000ns
  Clock Net Delay (Source):      1.734ns (routing 0.719ns, distribution 1.015ns)
  Clock Net Delay (Destination): 1.668ns (routing 0.652ns, distribution 1.016ns)

    Location             Delay type                Incr(ns)  Path(ns)    Netlist Resource(s)
  -------------------------------------------------------------------    -------------------
                         (clock clk rise edge)        0.000     0.000 r  
    D14                                               0.000     0.000 r  clk (IN)
                         net (fo=0)                   0.000     0.000    clk_IBUF_inst/I
    D14                  INBUF (Prop_INBUF_HDIOB_M_PAD_O)
                                                      1.002     1.002 r  clk_IBUF_inst/INBUF_INST/O
                         net (fo=1, routed)           0.000     1.002    clk_IBUF_inst/OUT
    D14                  IBUFCTRL (Prop_IBUFCTRL_HDIOB_M_I_O)
                                                      0.000     1.002 r  clk_IBUF_inst/IBUFCTRL_INST/O
                         net (fo=1, routed)           0.204     1.206    clk_IBUF
    BUFGCE_HDIO_X0Y7     BUFGCE (Prop_BUFCE_BUFGCE_HDIO_I_O)
                                                      0.028     1.234 r  clk_IBUF_BUFG_inst/O
    X1Y2 (CLOCK_ROOT)    net (fo=197, routed)         1.734     2.968    clk_IBUF_BUFG
    SLICE_X48Y121        FDCE                                         r  rs1_q_reg[7]/C
  -------------------------------------------------------------------    -------------------
    SLICE_X48Y121        FDCE (Prop_FFF_SLICEL_C_Q)
                                                      0.079     3.047 r  rs1_q_reg[7]/Q
                         net (fo=44, routed)          0.288     3.335    dut/u_shared_mul/u_primary_mul/rs1_q[7]
    SLICE_X48Y120        LUT4 (Prop_D6LUT_SLICEL_I2_O)
                                                      0.089     3.424 r  dut/u_shared_mul/u_primary_mul/int_prod_i_173/O
                         net (fo=1, routed)           0.009     3.433    dut/u_shared_mul/u_primary_mul/int_prod_i_173_n_0
    SLICE_X48Y120        CARRY8 (Prop_CARRY8_SLICEL_S[3]_CO[7])
                                                      0.161     3.594 r  dut/u_shared_mul/u_primary_mul/int_prod_i_157/CO[7]
                         net (fo=9, routed)           0.206     3.800    dut/u_shared_mul/u_primary_mul/mul_op_b2
    SLICE_X49Y121        LUT3 (Prop_A6LUT_SLICEM_I1_O)
                                                      0.053     3.853 r  dut/u_shared_mul/u_primary_mul/int_prod_i_140/O
                         net (fo=1, routed)           0.013     3.866    dut/u_shared_mul/u_primary_mul/int_prod_i_140_n_0
    SLICE_X49Y121        CARRY8 (Prop_CARRY8_SLICEM_S[0]_CO[7])
                                                      0.192     4.058 r  dut/u_shared_mul/u_primary_mul/int_prod_i_76/CO[7]
                         net (fo=1, routed)           0.026     4.084    dut/u_shared_mul/u_primary_mul/int_prod_i_76_n_0
    SLICE_X49Y122        CARRY8 (Prop_CARRY8_SLICEM_CI_O[7])
                                                      0.116     4.200 f  dut/u_shared_mul/u_primary_mul/int_prod_i_73/O[7]
                         net (fo=2, routed)           0.179     4.379    dut/u_shared_mul/u_primary_mul/O[7]
    SLICE_X48Y123        LUT3 (Prop_B6LUT_SLICEL_I0_O)
                                                      0.036     4.415 f  dut/u_shared_mul/u_primary_mul/int_prod_i_40/O
                         net (fo=2, routed)           0.143     4.558    dut/u_shared_mul/u_primary_mul/int_prod_i_40_n_0
    SLICE_X48Y124        LUT6 (Prop_A6LUT_SLICEL_I2_O)
                                                      0.050     4.608 f  dut/u_shared_mul/u_primary_mul/int_prod_i_17_replica/O
                         net (fo=1, routed)           0.175     4.783    dut/u_shared_mul/u_primary_mul/int_prod__1/B[15]
    DSP48E2_X7Y48        DSP_A_B_DATA (Prop_DSP_A_B_DATA_DSP48E2_B[15]_B2_DATA[15])
                                                      0.151     4.934 r  dut/u_shared_mul/u_primary_mul/int_prod__1/DSP_A_B_DATA_INST/B2_DATA[15]
                         net (fo=1, routed)           0.000     4.934    dut/u_shared_mul/u_primary_mul/int_prod__1/DSP_A_B_DATA.B2_DATA<15>
    DSP48E2_X7Y48        DSP_PREADD_DATA (Prop_DSP_PREADD_DATA_DSP48E2_B2_DATA[15]_B2B1[15])
                                                      0.073     5.007 r  dut/u_shared_mul/u_primary_mul/int_prod__1/DSP_PREADD_DATA_INST/B2B1[15]
                         net (fo=1, routed)           0.000     5.007    dut/u_shared_mul/u_primary_mul/int_prod__1/DSP_PREADD_DATA.B2B1<15>
    DSP48E2_X7Y48        DSP_MULTIPLIER (Prop_DSP_MULTIPLIER_DSP48E2_B2B1[15]_V[16])
                                                      0.609     5.616 f  dut/u_shared_mul/u_primary_mul/int_prod__1/DSP_MULTIPLIER_INST/V[16]
                         net (fo=1, routed)           0.000     5.616    dut/u_shared_mul/u_primary_mul/int_prod__1/DSP_MULTIPLIER.V<16>
    DSP48E2_X7Y48        DSP_M_DATA (Prop_DSP_M_DATA_DSP48E2_V[16]_V_DATA[16])
                                                      0.046     5.662 r  dut/u_shared_mul/u_primary_mul/int_prod__1/DSP_M_DATA_INST/V_DATA[16]
                         net (fo=1, routed)           0.000     5.662    dut/u_shared_mul/u_primary_mul/int_prod__1/DSP_M_DATA.V_DATA<16>
    DSP48E2_X7Y48        DSP_ALU (Prop_DSP_ALU_DSP48E2_V_DATA[16]_ALU_OUT[16])
                                                      0.571     6.233 f  dut/u_shared_mul/u_primary_mul/int_prod__1/DSP_ALU_INST/ALU_OUT[16]
                         net (fo=1, routed)           0.000     6.233    dut/u_shared_mul/u_primary_mul/int_prod__1/DSP_ALU.ALU_OUT<16>
    DSP48E2_X7Y48        DSP_OUTPUT (Prop_DSP_OUTPUT_DSP48E2_ALU_OUT[16]_P[16])
                                                      0.109     6.342 r  dut/u_shared_mul/u_primary_mul/int_prod__1/DSP_OUTPUT_INST/P[16]
                         net (fo=1, routed)           0.365     6.707    dut/u_shared_mul/u_primary_mul/int_prod__1_n_89
    SLICE_X49Y115        CARRY8 (Prop_CARRY8_SLICEM_S[0]_O[0])
                                                      0.065     6.772 f  dut/u_shared_mul/u_primary_mul/int_prod_carry/O[0]
                         net (fo=2, routed)           0.232     7.004    dut/u_shared_mul/u_primary_mul/int_prod__3__0[16]
    SLICE_X51Y116        LUT6 (Prop_G6LUT_SLICEL_I4_O)
                                                      0.050     7.054 f  dut/u_shared_mul/u_primary_mul/stage_a_result__0_i_3_comp/O
                         net (fo=1, routed)           0.267     7.321    dut/u_shared_mul/stage_a_result__0/A[16]
    DSP48E2_X7Y44        DSP_A_B_DATA (Prop_DSP_A_B_DATA_DSP48E2_A[16]_A2_DATA[16])
                                                      0.192     7.513 r  dut/u_shared_mul/stage_a_result__0/DSP_A_B_DATA_INST/A2_DATA[16]
                         net (fo=1, routed)           0.000     7.513    dut/u_shared_mul/stage_a_result__0/DSP_A_B_DATA.A2_DATA<16>
    DSP48E2_X7Y44        DSP_PREADD_DATA (Prop_DSP_PREADD_DATA_DSP48E2_A2_DATA[16]_A2A1[16])
                                                      0.076     7.589 r  dut/u_shared_mul/stage_a_result__0/DSP_PREADD_DATA_INST/A2A1[16]
                         net (fo=1, routed)           0.000     7.589    dut/u_shared_mul/stage_a_result__0/DSP_PREADD_DATA.A2A1<16>
    DSP48E2_X7Y44        DSP_MULTIPLIER (Prop_DSP_MULTIPLIER_DSP48E2_A2A1[16]_U[36])
                                                      0.505     8.094 f  dut/u_shared_mul/stage_a_result__0/DSP_MULTIPLIER_INST/U[36]
                         net (fo=1, routed)           0.000     8.094    dut/u_shared_mul/stage_a_result__0/DSP_MULTIPLIER.U<36>
    DSP48E2_X7Y44        DSP_M_DATA (Prop_DSP_M_DATA_DSP48E2_U[36]_U_DATA[36])
                                                      0.047     8.141 r  dut/u_shared_mul/stage_a_result__0/DSP_M_DATA_INST/U_DATA[36]
                         net (fo=1, routed)           0.000     8.141    dut/u_shared_mul/stage_a_result__0/DSP_M_DATA.U_DATA<36>
    DSP48E2_X7Y44        DSP_ALU (Prop_DSP_ALU_DSP48E2_U_DATA[36]_ALU_OUT[47])
                                                      0.585     8.726 f  dut/u_shared_mul/stage_a_result__0/DSP_ALU_INST/ALU_OUT[47]
                         net (fo=1, routed)           0.000     8.726    dut/u_shared_mul/stage_a_result__0/DSP_ALU.ALU_OUT<47>
    DSP48E2_X7Y44        DSP_OUTPUT (Prop_DSP_OUTPUT_DSP48E2_ALU_OUT[47]_PCOUT[47])
                                                      0.122     8.848 r  dut/u_shared_mul/stage_a_result__0/DSP_OUTPUT_INST/PCOUT[47]
                         net (fo=1, routed)           0.014     8.862    dut/u_shared_mul/stage_a_result__1/PCIN[47]
    DSP48E2_X7Y45        DSP_ALU (Prop_DSP_ALU_DSP48E2_PCIN[47]_ALU_OUT[4])
                                                      0.546     9.408 r  dut/u_shared_mul/stage_a_result__1/DSP_ALU_INST/ALU_OUT[4]
                         net (fo=1, routed)           0.000     9.408    dut/u_shared_mul/stage_a_result__1/DSP_ALU.ALU_OUT<4>
    DSP48E2_X7Y45        DSP_OUTPUT (Prop_DSP_OUTPUT_DSP48E2_ALU_OUT[4]_P[4])
                                                      0.109     9.517 f  dut/u_shared_mul/stage_a_result__1/DSP_OUTPUT_INST/P[4]
                         net (fo=2, routed)           0.302     9.819    dut/u_shared_mul/stage_a_result__1_n_101
    SLICE_X48Y112        LUT2 (Prop_F6LUT_SLICEL_I0_O)
                                                      0.049     9.868 r  dut/u_shared_mul/modp_tp_i_28/O
                         net (fo=1, routed)           0.011     9.879    dut/u_shared_mul/modp_tp_i_28_n_0
    SLICE_X48Y112        CARRY8 (Prop_CARRY8_SLICEL_S[5]_CO[7])
                                                      0.155    10.034 f  dut/u_shared_mul/modp_tp_i_17/CO[7]
                         net (fo=1, routed)           0.026    10.060    dut/u_shared_mul/modp_tp_i_17_n_0
    SLICE_X48Y113        CARRY8 (Prop_CARRY8_SLICEL_CI_O[1])
                                                      0.076    10.136 f  dut/u_shared_mul/modp_tp_i_16/O[1]
                         net (fo=2, routed)           0.137    10.273    dut/u_shared_mul/stage_a_result__2[25]
    SLICE_X49Y113        LUT5 (Prop_H6LUT_SLICEM_I4_O)
                                                      0.053    10.326 f  dut/u_shared_mul/modp_tp_i_7/O
                         net (fo=2, routed)           0.278    10.604    dut/u_shared_mul/modp_tp/B[8]
    DSP48E2_X8Y44        DSP_A_B_DATA (Prop_DSP_A_B_DATA_DSP48E2_B[8]_B2_DATA[8])
                                                      0.151    10.755 r  dut/u_shared_mul/modp_tp/DSP_A_B_DATA_INST/B2_DATA[8]
                         net (fo=1, routed)           0.000    10.755    dut/u_shared_mul/modp_tp/DSP_A_B_DATA.B2_DATA<8>
    DSP48E2_X8Y44        DSP_PREADD_DATA (Prop_DSP_PREADD_DATA_DSP48E2_B2_DATA[8]_B2B1[8])
                                                      0.073    10.828 r  dut/u_shared_mul/modp_tp/DSP_PREADD_DATA_INST/B2B1[8]
                         net (fo=1, routed)           0.000    10.828    dut/u_shared_mul/modp_tp/DSP_PREADD_DATA.B2B1<8>
    DSP48E2_X8Y44        DSP_MULTIPLIER (Prop_DSP_MULTIPLIER_DSP48E2_B2B1[8]_V[37])
                                                      0.609    11.437 f  dut/u_shared_mul/modp_tp/DSP_MULTIPLIER_INST/V[37]
                         net (fo=1, routed)           0.000    11.437    dut/u_shared_mul/modp_tp/DSP_MULTIPLIER.V<37>
    DSP48E2_X8Y44        DSP_M_DATA (Prop_DSP_M_DATA_DSP48E2_V[37]_V_DATA[37])
                                                      0.046    11.483 r  dut/u_shared_mul/modp_tp/DSP_M_DATA_INST/V_DATA[37]
                         net (fo=1, routed)           0.000    11.483    dut/u_shared_mul/modp_tp/DSP_M_DATA.V_DATA<37>
    DSP48E2_X8Y44        DSP_ALU (Prop_DSP_ALU_DSP48E2_V_DATA[37]_ALU_OUT[47])
                                                      0.571    12.054 f  dut/u_shared_mul/modp_tp/DSP_ALU_INST/ALU_OUT[47]
                         net (fo=1, routed)           0.000    12.054    dut/u_shared_mul/modp_tp/DSP_ALU.ALU_OUT<47>
    DSP48E2_X8Y44        DSP_OUTPUT (Prop_DSP_OUTPUT_DSP48E2_ALU_OUT[47]_PCOUT[47])
                                                      0.122    12.176 r  dut/u_shared_mul/modp_tp/DSP_OUTPUT_INST/PCOUT[47]
                         net (fo=1, routed)           0.014    12.190    dut/u_shared_mul/modp_tp__0/PCIN[47]
    DSP48E2_X8Y45        DSP_ALU (Prop_DSP_ALU_DSP48E2_PCIN[47]_ALU_OUT[0])
                                                      0.546    12.736 f  dut/u_shared_mul/modp_tp__0/DSP_ALU_INST/ALU_OUT[0]
                         net (fo=1, routed)           0.000    12.736    dut/u_shared_mul/modp_tp__0/DSP_ALU.ALU_OUT<0>
    DSP48E2_X8Y45        DSP_OUTPUT (Prop_DSP_OUTPUT_DSP48E2_ALU_OUT[0]_P[0])
                                                      0.109    12.845 r  dut/u_shared_mul/modp_tp__0/DSP_OUTPUT_INST/P[0]
                         net (fo=1, routed)           0.243    13.088    dut/u_shared_mul/modp_tp__0_n_105
    SLICE_X50Y109        LUT2 (Prop_C6LUT_SLICEM_I1_O)
                                                      0.098    13.186 r  dut/u_shared_mul/reg_B[0]_i_122/O
                         net (fo=1, routed)           0.021    13.207    dut/u_shared_mul/reg_B[0]_i_122_n_0
    SLICE_X50Y109        CARRY8 (Prop_CARRY8_SLICEM_S[2]_CO[7])
                                                      0.161    13.368 r  dut/u_shared_mul/reg_B_reg[0]_i_106/CO[7]
                         net (fo=1, routed)           0.026    13.394    dut/u_shared_mul/reg_B_reg[0]_i_106_n_0
    SLICE_X50Y110        CARRY8 (Prop_CARRY8_SLICEM_CI_O[5])
                                                      0.116    13.510 r  dut/u_shared_mul/reg_B_reg[23]_i_122/O[5]
                         net (fo=1, routed)           0.211    13.721    dut/u_shared_mul/u_primary_mul/modp_tp__3[29]
    SLICE_X49Y111        LUT4 (Prop_F6LUT_SLICEM_I3_O)
                                                      0.051    13.772 r  dut/u_shared_mul/u_primary_mul/reg_B[23]_i_106/O
                         net (fo=1, routed)           0.022    13.794    dut/u_shared_mul/u_primary_mul/reg_B[23]_i_106_n_0
    SLICE_X49Y111        CARRY8 (Prop_CARRY8_SLICEM_S[5]_CO[7])
                                                      0.159    13.953 r  dut/u_shared_mul/u_primary_mul/reg_B_reg[23]_i_31/CO[7]
                         net (fo=1, routed)           0.026    13.979    dut/u_shared_mul/u_primary_mul/reg_B_reg[23]_i_31_n_0
    SLICE_X49Y112        CARRY8 (Prop_CARRY8_SLICEM_CI_O[5])
                                                      0.116    14.095 r  dut/u_shared_mul/u_primary_mul/reg_B_reg[30]_i_19/O[5]
                         net (fo=2, routed)           0.280    14.375    dut/u_shared_mul/u_primary_mul/modp_shifted[22]
    SLICE_X52Y112        LUT2 (Prop_G6LUT_SLICEM_I0_O)
                                                      0.090    14.465 r  dut/u_shared_mul/u_primary_mul/reg_B[23]_i_33/O
                         net (fo=1, routed)           0.016    14.481    dut/u_shared_mul/u_primary_mul/reg_B[23]_i_33_n_0
    SLICE_X52Y112        CARRY8 (Prop_CARRY8_SLICEM_S[6]_CO[7])
                                                      0.117    14.598 r  dut/u_shared_mul/u_primary_mul/reg_B_reg[23]_i_10/CO[7]
                         net (fo=1, routed)           0.026    14.624    dut/u_shared_mul/u_primary_mul/reg_B_reg[23]_i_10_n_0
    SLICE_X52Y113        CARRY8 (Prop_CARRY8_SLICEM_CI_O[7])
                                                      0.116    14.740 r  dut/u_shared_mul/u_primary_mul/reg_B_reg[30]_i_7/O[7]
                         net (fo=32, routed)          0.274    15.014    dut/u_shared_mul/u_primary_mul/modp_sub[31]
    SLICE_X53Y111        LUT3 (Prop_F6LUT_SLICEM_I2_O)
                                                      0.037    15.051 r  dut/u_shared_mul/u_primary_mul/reg_B[0]_i_13/O
                         net (fo=1, routed)           0.022    15.073    dut/u_shared_mul/u_primary_mul/reg_B[0]_i_13_n_0
    SLICE_X53Y111        CARRY8 (Prop_CARRY8_SLICEM_S[5]_CO[7])
                                                      0.159    15.232 r  dut/u_shared_mul/u_primary_mul/reg_B_reg[0]_i_4/CO[7]
                         net (fo=1, routed)           0.026    15.258    dut/u_shared_mul/u_primary_mul/reg_B_reg[0]_i_4_n_0
    SLICE_X53Y112        CARRY8 (Prop_CARRY8_SLICEM_CI_O[3])
                                                      0.082    15.340 r  dut/u_shared_mul/u_primary_mul/reg_B_reg[23]_i_9/O[3]
                         net (fo=1, routed)           0.182    15.522    dut/u_shared_mul/u_primary_mul/data4[11]
    SLICE_X54Y112        LUT6 (Prop_C6LUT_SLICEL_I0_O)
                                                      0.035    15.557 r  dut/u_shared_mul/u_primary_mul/reg_B[11]_i_5/O
                         net (fo=1, routed)           0.010    15.567    dut/u_shared_mul/u_primary_mul/reg_B[11]_i_5_n_0
    SLICE_X54Y112        MUXF7 (Prop_F7MUX_CD_SLICEL_I1_O)
                                                      0.064    15.631 r  dut/u_shared_mul/u_primary_mul/reg_B_reg[11]_i_2/O
                         net (fo=15, routed)          0.299    15.930    dut/u_shared_mul/u_primary_mul/mul_res_lo[11]
    SLICE_X53Y108        LUT4 (Prop_E6LUT_SLICEM_I2_O)
                                                      0.091    16.021 r  dut/u_shared_mul/u_primary_mul/sig[15]_i_87/O
                         net (fo=1, routed)           0.014    16.035    dut/u_shared_mul/u_primary_mul/sig[15]_i_87_n_0
    SLICE_X53Y108        CARRY8 (Prop_CARRY8_SLICEM_S[4]_CO[7])
                                                      0.156    16.191 r  dut/u_shared_mul/u_primary_mul/sig_reg[15]_i_34/CO[7]
                         net (fo=1, routed)           0.026    16.217    dut/u_shared_mul/u_primary_mul/sig_reg[15]_i_34_n_0
    SLICE_X53Y109        CARRY8 (Prop_CARRY8_SLICEM_CI_O[0])
                                                      0.056    16.273 r  dut/u_shared_mul/u_primary_mul/sig_reg[15]_i_36/O[0]
                         net (fo=7, routed)           0.238    16.511    dut/u_shared_mul/u_primary_mul/p_0_in0
    SLICE_X52Y108        LUT2 (Prop_A6LUT_SLICEM_I1_O)
                                                      0.053    16.564 r  dut/u_shared_mul/u_primary_mul/sig[15]_i_75/O
                         net (fo=1, routed)           0.013    16.577    dut/u_shared_mul/u_primary_mul/sig[15]_i_75_n_0
    SLICE_X52Y108        CARRY8 (Prop_CARRY8_SLICEM_S[0]_CO[7])
                                                      0.192    16.769 r  dut/u_shared_mul/u_primary_mul/sig_reg[15]_i_33/CO[7]
                         net (fo=1, routed)           0.026    16.795    dut/u_shared_mul/u_primary_mul/sig_reg[15]_i_33_n_0
    SLICE_X52Y109        CARRY8 (Prop_CARRY8_SLICEM_CI_O[1])
                                                      0.076    16.871 r  dut/u_shared_mul/u_primary_mul/sig_reg[15]_i_8/O[1]
                         net (fo=1, routed)           0.334    17.205    dut/u_shared_mul/u_primary_mul/sig_reg[15]_i_8_n_14
    SLICE_X45Y109        LUT6 (Prop_D6LUT_SLICEL_I3_O)
                                                      0.050    17.255 r  dut/u_shared_mul/u_primary_mul/sig[9]_i_3/O
                         net (fo=1, routed)           0.084    17.339    dut/u_shared_mul/u_primary_mul/sig[9]_i_3_n_0
    SLICE_X44Y109        LUT6 (Prop_E6LUT_SLICEM_I2_O)
                                                      0.037    17.376 r  dut/u_shared_mul/u_primary_mul/sig[9]_i_1/O
                         net (fo=1, routed)           0.055    17.431    dut_n_23
    SLICE_X44Y109        FDCE                                         r  sig_reg[9]/D
  -------------------------------------------------------------------    -------------------

                         (clock clk rise edge)       14.000    14.000 r  
    D14                                               0.000    14.000 r  clk (IN)
                         net (fo=0)                   0.000    14.000    clk_IBUF_inst/I
    D14                  INBUF (Prop_INBUF_HDIOB_M_PAD_O)
                                                      0.495    14.495 r  clk_IBUF_inst/INBUF_INST/O
                         net (fo=1, routed)           0.000    14.495    clk_IBUF_inst/OUT
    D14                  IBUFCTRL (Prop_IBUFCTRL_HDIOB_M_I_O)
                                                      0.000    14.495 r  clk_IBUF_inst/IBUFCTRL_INST/O
                         net (fo=1, routed)           0.169    14.664    clk_IBUF
    BUFGCE_HDIO_X0Y7     BUFGCE (Prop_BUFCE_BUFGCE_HDIO_I_O)
                                                      0.024    14.688 r  clk_IBUF_BUFG_inst/O
    X1Y2 (CLOCK_ROOT)    net (fo=197, routed)         1.668    16.355    clk_IBUF_BUFG
    SLICE_X44Y109        FDCE                                         r  sig_reg[9]/C
                         clock pessimism              0.617    16.972    
                         clock uncertainty           -0.035    16.937    
    SLICE_X44Y109        FDCE (Setup_EFF_SLICEM_C_D)
                                                      0.025    16.962    sig_reg[9]
  -------------------------------------------------------------------
                         required time                         16.962    
                         arrival time                         -17.431    
  -------------------------------------------------------------------
                         slack                                 -0.470    

Slack (VIOLATED) :        -0.470ns  (required time - arrival time)
  Source:                 rs1_q_reg[7]/C
                            (rising edge-triggered cell FDCE clocked by clk  {rise@0.000ns fall@7.000ns period=14.000ns})
  Destination:            sig_reg[9]/D
                            (rising edge-triggered cell FDCE clocked by clk  {rise@0.000ns fall@7.000ns period=14.000ns})
  Path Group:             clk
  Path Type:              Setup (Max at Slow Process Corner)
  Requirement:            14.000ns  (clk rise@14.000ns - clk rise@0.000ns)
  Data Path Delay:        14.464ns  (logic 9.304ns (64.327%)  route 5.160ns (35.673%))
  Logic Levels:           57  (CARRY8=18 DSP_A_B_DATA=3 DSP_ALU=5 DSP_M_DATA=3 DSP_MULTIPLIER=3 DSP_OUTPUT=5 DSP_PREADD_DATA=3 LUT2=4 LUT3=3 LUT4=3 LUT5=1 LUT6=5 MUXF7=1)
  Clock Path Skew:        0.004ns (DCD - SCD + CPR)
    Destination Clock Delay (DCD):    2.355ns = ( 16.355 - 14.000 ) 
    Source Clock Delay      (SCD):    2.968ns
    Clock Pessimism Removal (CPR):    0.617ns
  Clock Uncertainty:      0.035ns  ((TSJ^2 + TIJ^2)^1/2 + DJ) / 2 + PE
    Total System Jitter     (TSJ):    0.071ns
    Total Input Jitter      (TIJ):    0.000ns
    Discrete Jitter          (DJ):    0.000ns
    Phase Error              (PE):    0.000ns
  Clock Net Delay (Source):      1.734ns (routing 0.719ns, distribution 1.015ns)
  Clock Net Delay (Destination): 1.668ns (routing 0.652ns, distribution 1.016ns)

    Location             Delay type                Incr(ns)  Path(ns)    Netlist Resource(s)
  -------------------------------------------------------------------    -------------------
                         (clock clk rise edge)        0.000     0.000 r  
    D14                                               0.000     0.000 r  clk (IN)
                         net (fo=0)                   0.000     0.000    clk_IBUF_inst/I
    D14                  INBUF (Prop_INBUF_HDIOB_M_PAD_O)
                                                      1.002     1.002 r  clk_IBUF_inst/INBUF_INST/O
                         net (fo=1, routed)           0.000     1.002    clk_IBUF_inst/OUT
    D14                  IBUFCTRL (Prop_IBUFCTRL_HDIOB_M_I_O)
                                                      0.000     1.002 r  clk_IBUF_inst/IBUFCTRL_INST/O
                         net (fo=1, routed)           0.204     1.206    clk_IBUF
    BUFGCE_HDIO_X0Y7     BUFGCE (Prop_BUFCE_BUFGCE_HDIO_I_O)
                                                      0.028     1.234 r  clk_IBUF_BUFG_inst/O
    X1Y2 (CLOCK_ROOT)    net (fo=197, routed)         1.734     2.968    clk_IBUF_BUFG
    SLICE_X48Y121        FDCE                                         r  rs1_q_reg[7]/C
  -------------------------------------------------------------------    -------------------
    SLICE_X48Y121        FDCE (Prop_FFF_SLICEL_C_Q)
                                                      0.079     3.047 r  rs1_q_reg[7]/Q
                         net (fo=44, routed)          0.288     3.335    dut/u_shared_mul/u_primary_mul/rs1_q[7]
    SLICE_X48Y120        LUT4 (Prop_D6LUT_SLICEL_I2_O)
                                                      0.089     3.424 r  dut/u_shared_mul/u_primary_mul/int_prod_i_173/O
                         net (fo=1, routed)           0.009     3.433    dut/u_shared_mul/u_primary_mul/int_prod_i_173_n_0
    SLICE_X48Y120        CARRY8 (Prop_CARRY8_SLICEL_S[3]_CO[7])
                                                      0.161     3.594 r  dut/u_shared_mul/u_primary_mul/int_prod_i_157/CO[7]
                         net (fo=9, routed)           0.206     3.800    dut/u_shared_mul/u_primary_mul/mul_op_b2
    SLICE_X49Y121        LUT3 (Prop_A6LUT_SLICEM_I1_O)
                                                      0.053     3.853 r  dut/u_shared_mul/u_primary_mul/int_prod_i_140/O
                         net (fo=1, routed)           0.013     3.866    dut/u_shared_mul/u_primary_mul/int_prod_i_140_n_0
    SLICE_X49Y121        CARRY8 (Prop_CARRY8_SLICEM_S[0]_CO[7])
                                                      0.192     4.058 r  dut/u_shared_mul/u_primary_mul/int_prod_i_76/CO[7]
                         net (fo=1, routed)           0.026     4.084    dut/u_shared_mul/u_primary_mul/int_prod_i_76_n_0
    SLICE_X49Y122        CARRY8 (Prop_CARRY8_SLICEM_CI_O[7])
                                                      0.116     4.200 f  dut/u_shared_mul/u_primary_mul/int_prod_i_73/O[7]
                         net (fo=2, routed)           0.179     4.379    dut/u_shared_mul/u_primary_mul/O[7]
    SLICE_X48Y123        LUT3 (Prop_B6LUT_SLICEL_I0_O)
                                                      0.036     4.415 f  dut/u_shared_mul/u_primary_mul/int_prod_i_40/O
                         net (fo=2, routed)           0.143     4.558    dut/u_shared_mul/u_primary_mul/int_prod_i_40_n_0
    SLICE_X48Y124        LUT6 (Prop_A6LUT_SLICEL_I2_O)
                                                      0.050     4.608 f  dut/u_shared_mul/u_primary_mul/int_prod_i_17_replica/O
                         net (fo=1, routed)           0.175     4.783    dut/u_shared_mul/u_primary_mul/int_prod__1/B[15]
    DSP48E2_X7Y48        DSP_A_B_DATA (Prop_DSP_A_B_DATA_DSP48E2_B[15]_B2_DATA[15])
                                                      0.151     4.934 r  dut/u_shared_mul/u_primary_mul/int_prod__1/DSP_A_B_DATA_INST/B2_DATA[15]
                         net (fo=1, routed)           0.000     4.934    dut/u_shared_mul/u_primary_mul/int_prod__1/DSP_A_B_DATA.B2_DATA<15>
    DSP48E2_X7Y48        DSP_PREADD_DATA (Prop_DSP_PREADD_DATA_DSP48E2_B2_DATA[15]_B2B1[15])
                                                      0.073     5.007 r  dut/u_shared_mul/u_primary_mul/int_prod__1/DSP_PREADD_DATA_INST/B2B1[15]
                         net (fo=1, routed)           0.000     5.007    dut/u_shared_mul/u_primary_mul/int_prod__1/DSP_PREADD_DATA.B2B1<15>
    DSP48E2_X7Y48        DSP_MULTIPLIER (Prop_DSP_MULTIPLIER_DSP48E2_B2B1[15]_V[16])
                                                      0.609     5.616 f  dut/u_shared_mul/u_primary_mul/int_prod__1/DSP_MULTIPLIER_INST/V[16]
                         net (fo=1, routed)           0.000     5.616    dut/u_shared_mul/u_primary_mul/int_prod__1/DSP_MULTIPLIER.V<16>
    DSP48E2_X7Y48        DSP_M_DATA (Prop_DSP_M_DATA_DSP48E2_V[16]_V_DATA[16])
                                                      0.046     5.662 r  dut/u_shared_mul/u_primary_mul/int_prod__1/DSP_M_DATA_INST/V_DATA[16]
                         net (fo=1, routed)           0.000     5.662    dut/u_shared_mul/u_primary_mul/int_prod__1/DSP_M_DATA.V_DATA<16>
    DSP48E2_X7Y48        DSP_ALU (Prop_DSP_ALU_DSP48E2_V_DATA[16]_ALU_OUT[16])
                                                      0.571     6.233 f  dut/u_shared_mul/u_primary_mul/int_prod__1/DSP_ALU_INST/ALU_OUT[16]
                         net (fo=1, routed)           0.000     6.233    dut/u_shared_mul/u_primary_mul/int_prod__1/DSP_ALU.ALU_OUT<16>
    DSP48E2_X7Y48        DSP_OUTPUT (Prop_DSP_OUTPUT_DSP48E2_ALU_OUT[16]_P[16])
                                                      0.109     6.342 r  dut/u_shared_mul/u_primary_mul/int_prod__1/DSP_OUTPUT_INST/P[16]
                         net (fo=1, routed)           0.365     6.707    dut/u_shared_mul/u_primary_mul/int_prod__1_n_89
    SLICE_X49Y115        CARRY8 (Prop_CARRY8_SLICEM_S[0]_O[0])
                                                      0.065     6.772 f  dut/u_shared_mul/u_primary_mul/int_prod_carry/O[0]
                         net (fo=2, routed)           0.232     7.004    dut/u_shared_mul/u_primary_mul/int_prod__3__0[16]
    SLICE_X51Y116        LUT6 (Prop_G6LUT_SLICEL_I4_O)
                                                      0.050     7.054 f  dut/u_shared_mul/u_primary_mul/stage_a_result__0_i_3_comp/O
                         net (fo=1, routed)           0.267     7.321    dut/u_shared_mul/stage_a_result__0/A[16]
    DSP48E2_X7Y44        DSP_A_B_DATA (Prop_DSP_A_B_DATA_DSP48E2_A[16]_A2_DATA[16])
                                                      0.192     7.513 r  dut/u_shared_mul/stage_a_result__0/DSP_A_B_DATA_INST/A2_DATA[16]
                         net (fo=1, routed)           0.000     7.513    dut/u_shared_mul/stage_a_result__0/DSP_A_B_DATA.A2_DATA<16>
    DSP48E2_X7Y44        DSP_PREADD_DATA (Prop_DSP_PREADD_DATA_DSP48E2_A2_DATA[16]_A2A1[16])
                                                      0.076     7.589 r  dut/u_shared_mul/stage_a_result__0/DSP_PREADD_DATA_INST/A2A1[16]
                         net (fo=1, routed)           0.000     7.589    dut/u_shared_mul/stage_a_result__0/DSP_PREADD_DATA.A2A1<16>
    DSP48E2_X7Y44        DSP_MULTIPLIER (Prop_DSP_MULTIPLIER_DSP48E2_A2A1[16]_U[36])
                                                      0.505     8.094 f  dut/u_shared_mul/stage_a_result__0/DSP_MULTIPLIER_INST/U[36]
                         net (fo=1, routed)           0.000     8.094    dut/u_shared_mul/stage_a_result__0/DSP_MULTIPLIER.U<36>
    DSP48E2_X7Y44        DSP_M_DATA (Prop_DSP_M_DATA_DSP48E2_U[36]_U_DATA[36])
                                                      0.047     8.141 r  dut/u_shared_mul/stage_a_result__0/DSP_M_DATA_INST/U_DATA[36]
                         net (fo=1, routed)           0.000     8.141    dut/u_shared_mul/stage_a_result__0/DSP_M_DATA.U_DATA<36>
    DSP48E2_X7Y44        DSP_ALU (Prop_DSP_ALU_DSP48E2_U_DATA[36]_ALU_OUT[47])
                                                      0.585     8.726 f  dut/u_shared_mul/stage_a_result__0/DSP_ALU_INST/ALU_OUT[47]
                         net (fo=1, routed)           0.000     8.726    dut/u_shared_mul/stage_a_result__0/DSP_ALU.ALU_OUT<47>
    DSP48E2_X7Y44        DSP_OUTPUT (Prop_DSP_OUTPUT_DSP48E2_ALU_OUT[47]_PCOUT[47])
                                                      0.122     8.848 r  dut/u_shared_mul/stage_a_result__0/DSP_OUTPUT_INST/PCOUT[47]
                         net (fo=1, routed)           0.014     8.862    dut/u_shared_mul/stage_a_result__1/PCIN[47]
    DSP48E2_X7Y45        DSP_ALU (Prop_DSP_ALU_DSP48E2_PCIN[47]_ALU_OUT[4])
                                                      0.546     9.408 f  dut/u_shared_mul/stage_a_result__1/DSP_ALU_INST/ALU_OUT[4]
                         net (fo=1, routed)           0.000     9.408    dut/u_shared_mul/stage_a_result__1/DSP_ALU.ALU_OUT<4>
    DSP48E2_X7Y45        DSP_OUTPUT (Prop_DSP_OUTPUT_DSP48E2_ALU_OUT[4]_P[4])
                                                      0.109     9.517 r  dut/u_shared_mul/stage_a_result__1/DSP_OUTPUT_INST/P[4]
                         net (fo=2, routed)           0.302     9.819    dut/u_shared_mul/stage_a_result__1_n_101
    SLICE_X48Y112        LUT2 (Prop_F6LUT_SLICEL_I0_O)
                                                      0.049     9.868 f  dut/u_shared_mul/modp_tp_i_28/O
                         net (fo=1, routed)           0.011     9.879    dut/u_shared_mul/modp_tp_i_28_n_0
    SLICE_X48Y112        CARRY8 (Prop_CARRY8_SLICEL_S[5]_CO[7])
                                                      0.155    10.034 f  dut/u_shared_mul/modp_tp_i_17/CO[7]
                         net (fo=1, routed)           0.026    10.060    dut/u_shared_mul/modp_tp_i_17_n_0
    SLICE_X48Y113        CARRY8 (Prop_CARRY8_SLICEL_CI_O[1])
                                                      0.076    10.136 f  dut/u_shared_mul/modp_tp_i_16/O[1]
                         net (fo=2, routed)           0.137    10.273    dut/u_shared_mul/stage_a_result__2[25]
    SLICE_X49Y113        LUT5 (Prop_H6LUT_SLICEM_I4_O)
                                                      0.053    10.326 f  dut/u_shared_mul/modp_tp_i_7/O
                         net (fo=2, routed)           0.278    10.604    dut/u_shared_mul/modp_tp/B[8]
    DSP48E2_X8Y44        DSP_A_B_DATA (Prop_DSP_A_B_DATA_DSP48E2_B[8]_B2_DATA[8])
                                                      0.151    10.755 r  dut/u_shared_mul/modp_tp/DSP_A_B_DATA_INST/B2_DATA[8]
                         net (fo=1, routed)           0.000    10.755    dut/u_shared_mul/modp_tp/DSP_A_B_DATA.B2_DATA<8>
    DSP48E2_X8Y44        DSP_PREADD_DATA (Prop_DSP_PREADD_DATA_DSP48E2_B2_DATA[8]_B2B1[8])
                                                      0.073    10.828 r  dut/u_shared_mul/modp_tp/DSP_PREADD_DATA_INST/B2B1[8]
                         net (fo=1, routed)           0.000    10.828    dut/u_shared_mul/modp_tp/DSP_PREADD_DATA.B2B1<8>
    DSP48E2_X8Y44        DSP_MULTIPLIER (Prop_DSP_MULTIPLIER_DSP48E2_B2B1[8]_V[37])
                                                      0.609    11.437 f  dut/u_shared_mul/modp_tp/DSP_MULTIPLIER_INST/V[37]
                         net (fo=1, routed)           0.000    11.437    dut/u_shared_mul/modp_tp/DSP_MULTIPLIER.V<37>
    DSP48E2_X8Y44        DSP_M_DATA (Prop_DSP_M_DATA_DSP48E2_V[37]_V_DATA[37])
                                                      0.046    11.483 r  dut/u_shared_mul/modp_tp/DSP_M_DATA_INST/V_DATA[37]
                         net (fo=1, routed)           0.000    11.483    dut/u_shared_mul/modp_tp/DSP_M_DATA.V_DATA<37>
    DSP48E2_X8Y44        DSP_ALU (Prop_DSP_ALU_DSP48E2_V_DATA[37]_ALU_OUT[47])
                                                      0.571    12.054 f  dut/u_shared_mul/modp_tp/DSP_ALU_INST/ALU_OUT[47]
                         net (fo=1, routed)           0.000    12.054    dut/u_shared_mul/modp_tp/DSP_ALU.ALU_OUT<47>
    DSP48E2_X8Y44        DSP_OUTPUT (Prop_DSP_OUTPUT_DSP48E2_ALU_OUT[47]_PCOUT[47])
                                                      0.122    12.176 r  dut/u_shared_mul/modp_tp/DSP_OUTPUT_INST/PCOUT[47]
                         net (fo=1, routed)           0.014    12.190    dut/u_shared_mul/modp_tp__0/PCIN[47]
    DSP48E2_X8Y45        DSP_ALU (Prop_DSP_ALU_DSP48E2_PCIN[47]_ALU_OUT[0])
                                                      0.546    12.736 f  dut/u_shared_mul/modp_tp__0/DSP_ALU_INST/ALU_OUT[0]
                         net (fo=1, routed)           0.000    12.736    dut/u_shared_mul/modp_tp__0/DSP_ALU.ALU_OUT<0>
    DSP48E2_X8Y45        DSP_OUTPUT (Prop_DSP_OUTPUT_DSP48E2_ALU_OUT[0]_P[0])
                                                      0.109    12.845 r  dut/u_shared_mul/modp_tp__0/DSP_OUTPUT_INST/P[0]
                         net (fo=1, routed)           0.243    13.088    dut/u_shared_mul/modp_tp__0_n_105
    SLICE_X50Y109        LUT2 (Prop_C6LUT_SLICEM_I1_O)
                                                      0.098    13.186 r  dut/u_shared_mul/reg_B[0]_i_122/O
                         net (fo=1, routed)           0.021    13.207    dut/u_shared_mul/reg_B[0]_i_122_n_0
    SLICE_X50Y109        CARRY8 (Prop_CARRY8_SLICEM_S[2]_CO[7])
                                                      0.161    13.368 r  dut/u_shared_mul/reg_B_reg[0]_i_106/CO[7]
                         net (fo=1, routed)           0.026    13.394    dut/u_shared_mul/reg_B_reg[0]_i_106_n_0
    SLICE_X50Y110        CARRY8 (Prop_CARRY8_SLICEM_CI_O[5])
                                                      0.116    13.510 r  dut/u_shared_mul/reg_B_reg[23]_i_122/O[5]
                         net (fo=1, routed)           0.211    13.721    dut/u_shared_mul/u_primary_mul/modp_tp__3[29]
    SLICE_X49Y111        LUT4 (Prop_F6LUT_SLICEM_I3_O)
                                                      0.051    13.772 r  dut/u_shared_mul/u_primary_mul/reg_B[23]_i_106/O
                         net (fo=1, routed)           0.022    13.794    dut/u_shared_mul/u_primary_mul/reg_B[23]_i_106_n_0
    SLICE_X49Y111        CARRY8 (Prop_CARRY8_SLICEM_S[5]_CO[7])
                                                      0.159    13.953 r  dut/u_shared_mul/u_primary_mul/reg_B_reg[23]_i_31/CO[7]
                         net (fo=1, routed)           0.026    13.979    dut/u_shared_mul/u_primary_mul/reg_B_reg[23]_i_31_n_0
    SLICE_X49Y112        CARRY8 (Prop_CARRY8_SLICEM_CI_O[5])
                                                      0.116    14.095 r  dut/u_shared_mul/u_primary_mul/reg_B_reg[30]_i_19/O[5]
                         net (fo=2, routed)           0.280    14.375    dut/u_shared_mul/u_primary_mul/modp_shifted[22]
    SLICE_X52Y112        LUT2 (Prop_G6LUT_SLICEM_I0_O)
                                                      0.090    14.465 r  dut/u_shared_mul/u_primary_mul/reg_B[23]_i_33/O
                         net (fo=1, routed)           0.016    14.481    dut/u_shared_mul/u_primary_mul/reg_B[23]_i_33_n_0
    SLICE_X52Y112        CARRY8 (Prop_CARRY8_SLICEM_S[6]_CO[7])
                                                      0.117    14.598 r  dut/u_shared_mul/u_primary_mul/reg_B_reg[23]_i_10/CO[7]
                         net (fo=1, routed)           0.026    14.624    dut/u_shared_mul/u_primary_mul/reg_B_reg[23]_i_10_n_0
    SLICE_X52Y113        CARRY8 (Prop_CARRY8_SLICEM_CI_O[7])
                                                      0.116    14.740 r  dut/u_shared_mul/u_primary_mul/reg_B_reg[30]_i_7/O[7]
                         net (fo=32, routed)          0.274    15.014    dut/u_shared_mul/u_primary_mul/modp_sub[31]
    SLICE_X53Y111        LUT3 (Prop_F6LUT_SLICEM_I2_O)
                                                      0.037    15.051 r  dut/u_shared_mul/u_primary_mul/reg_B[0]_i_13/O
                         net (fo=1, routed)           0.022    15.073    dut/u_shared_mul/u_primary_mul/reg_B[0]_i_13_n_0
    SLICE_X53Y111        CARRY8 (Prop_CARRY8_SLICEM_S[5]_CO[7])
                                                      0.159    15.232 r  dut/u_shared_mul/u_primary_mul/reg_B_reg[0]_i_4/CO[7]
                         net (fo=1, routed)           0.026    15.258    dut/u_shared_mul/u_primary_mul/reg_B_reg[0]_i_4_n_0
    SLICE_X53Y112        CARRY8 (Prop_CARRY8_SLICEM_CI_O[3])
                                                      0.082    15.340 r  dut/u_shared_mul/u_primary_mul/reg_B_reg[23]_i_9/O[3]
                         net (fo=1, routed)           0.182    15.522    dut/u_shared_mul/u_primary_mul/data4[11]
    SLICE_X54Y112        LUT6 (Prop_C6LUT_SLICEL_I0_O)
                                                      0.035    15.557 r  dut/u_shared_mul/u_primary_mul/reg_B[11]_i_5/O
                         net (fo=1, routed)           0.010    15.567    dut/u_shared_mul/u_primary_mul/reg_B[11]_i_5_n_0
    SLICE_X54Y112        MUXF7 (Prop_F7MUX_CD_SLICEL_I1_O)
                                                      0.064    15.631 r  dut/u_shared_mul/u_primary_mul/reg_B_reg[11]_i_2/O
                         net (fo=15, routed)          0.299    15.930    dut/u_shared_mul/u_primary_mul/mul_res_lo[11]
    SLICE_X53Y108        LUT4 (Prop_E6LUT_SLICEM_I2_O)
                                                      0.091    16.021 r  dut/u_shared_mul/u_primary_mul/sig[15]_i_87/O
                         net (fo=1, routed)           0.014    16.035    dut/u_shared_mul/u_primary_mul/sig[15]_i_87_n_0
    SLICE_X53Y108        CARRY8 (Prop_CARRY8_SLICEM_S[4]_CO[7])
                                                      0.156    16.191 r  dut/u_shared_mul/u_primary_mul/sig_reg[15]_i_34/CO[7]
                         net (fo=1, routed)           0.026    16.217    dut/u_shared_mul/u_primary_mul/sig_reg[15]_i_34_n_0
    SLICE_X53Y109        CARRY8 (Prop_CARRY8_SLICEM_CI_O[0])
                                                      0.056    16.273 r  dut/u_shared_mul/u_primary_mul/sig_reg[15]_i_36/O[0]
                         net (fo=7, routed)           0.238    16.511    dut/u_shared_mul/u_primary_mul/p_0_in0
    SLICE_X52Y108        LUT2 (Prop_A6LUT_SLICEM_I1_O)
                                                      0.053    16.564 r  dut/u_shared_mul/u_primary_mul/sig[15]_i_75/O
                         net (fo=1, routed)           0.013    16.577    dut/u_shared_mul/u_primary_mul/sig[15]_i_75_n_0
    SLICE_X52Y108        CARRY8 (Prop_CARRY8_SLICEM_S[0]_CO[7])
                                                      0.192    16.769 r  dut/u_shared_mul/u_primary_mul/sig_reg[15]_i_33/CO[7]
                         net (fo=1, routed)           0.026    16.795    dut/u_shared_mul/u_primary_mul/sig_reg[15]_i_33_n_0
    SLICE_X52Y109        CARRY8 (Prop_CARRY8_SLICEM_CI_O[1])
                                                      0.076    16.871 r  dut/u_shared_mul/u_primary_mul/sig_reg[15]_i_8/O[1]
                         net (fo=1, routed)           0.334    17.205    dut/u_shared_mul/u_primary_mul/sig_reg[15]_i_8_n_14
    SLICE_X45Y109        LUT6 (Prop_D6LUT_SLICEL_I3_O)
                                                      0.050    17.255 r  dut/u_shared_mul/u_primary_mul/sig[9]_i_3/O
                         net (fo=1, routed)           0.084    17.339    dut/u_shared_mul/u_primary_mul/sig[9]_i_3_n_0
    SLICE_X44Y109        LUT6 (Prop_E6LUT_SLICEM_I2_O)
                                                      0.037    17.376 r  dut/u_shared_mul/u_primary_mul/sig[9]_i_1/O
                         net (fo=1, routed)           0.055    17.431    dut_n_23
    SLICE_X44Y109        FDCE                                         r  sig_reg[9]/D
  -------------------------------------------------------------------    -------------------

                         (clock clk rise edge)       14.000    14.000 r  
    D14                                               0.000    14.000 r  clk (IN)
                         net (fo=0)                   0.000    14.000    clk_IBUF_inst/I
    D14                  INBUF (Prop_INBUF_HDIOB_M_PAD_O)
                                                      0.495    14.495 r  clk_IBUF_inst/INBUF_INST/O
                         net (fo=1, routed)           0.000    14.495    clk_IBUF_inst/OUT
    D14                  IBUFCTRL (Prop_IBUFCTRL_HDIOB_M_I_O)
                                                      0.000    14.495 r  clk_IBUF_inst/IBUFCTRL_INST/O
                         net (fo=1, routed)           0.169    14.664    clk_IBUF
    BUFGCE_HDIO_X0Y7     BUFGCE (Prop_BUFCE_BUFGCE_HDIO_I_O)
                                                      0.024    14.688 r  clk_IBUF_BUFG_inst/O
    X1Y2 (CLOCK_ROOT)    net (fo=197, routed)         1.668    16.355    clk_IBUF_BUFG
    SLICE_X44Y109        FDCE                                         r  sig_reg[9]/C
                         clock pessimism              0.617    16.972    
                         clock uncertainty           -0.035    16.937    
    SLICE_X44Y109        FDCE (Setup_EFF_SLICEM_C_D)
                                                      0.025    16.962    sig_reg[9]
  -------------------------------------------------------------------
                         required time                         16.962    
                         arrival time                         -17.431    
  -------------------------------------------------------------------
                         slack                                 -0.470    

Slack (VIOLATED) :        -0.470ns  (required time - arrival time)
  Source:                 rs1_q_reg[7]/C
                            (rising edge-triggered cell FDCE clocked by clk  {rise@0.000ns fall@7.000ns period=14.000ns})
  Destination:            sig_reg[9]/D
                            (rising edge-triggered cell FDCE clocked by clk  {rise@0.000ns fall@7.000ns period=14.000ns})
  Path Group:             clk
  Path Type:              Setup (Max at Slow Process Corner)
  Requirement:            14.000ns  (clk rise@14.000ns - clk rise@0.000ns)
  Data Path Delay:        14.464ns  (logic 9.304ns (64.327%)  route 5.160ns (35.673%))
  Logic Levels:           57  (CARRY8=18 DSP_A_B_DATA=3 DSP_ALU=5 DSP_M_DATA=3 DSP_MULTIPLIER=3 DSP_OUTPUT=5 DSP_PREADD_DATA=3 LUT2=4 LUT3=3 LUT4=3 LUT5=1 LUT6=5 MUXF7=1)
  Clock Path Skew:        0.004ns (DCD - SCD + CPR)
    Destination Clock Delay (DCD):    2.355ns = ( 16.355 - 14.000 ) 
    Source Clock Delay      (SCD):    2.968ns
    Clock Pessimism Removal (CPR):    0.617ns
  Clock Uncertainty:      0.035ns  ((TSJ^2 + TIJ^2)^1/2 + DJ) / 2 + PE
    Total System Jitter     (TSJ):    0.071ns
    Total Input Jitter      (TIJ):    0.000ns
    Discrete Jitter          (DJ):    0.000ns
    Phase Error              (PE):    0.000ns
  Clock Net Delay (Source):      1.734ns (routing 0.719ns, distribution 1.015ns)
  Clock Net Delay (Destination): 1.668ns (routing 0.652ns, distribution 1.016ns)

    Location             Delay type                Incr(ns)  Path(ns)    Netlist Resource(s)
  -------------------------------------------------------------------    -------------------
                         (clock clk rise edge)        0.000     0.000 r  
    D14                                               0.000     0.000 r  clk (IN)
                         net (fo=0)                   0.000     0.000    clk_IBUF_inst/I
    D14                  INBUF (Prop_INBUF_HDIOB_M_PAD_O)
                                                      1.002     1.002 r  clk_IBUF_inst/INBUF_INST/O
                         net (fo=1, routed)           0.000     1.002    clk_IBUF_inst/OUT
    D14                  IBUFCTRL (Prop_IBUFCTRL_HDIOB_M_I_O)
                                                      0.000     1.002 r  clk_IBUF_inst/IBUFCTRL_INST/O
                         net (fo=1, routed)           0.204     1.206    clk_IBUF
    BUFGCE_HDIO_X0Y7     BUFGCE (Prop_BUFCE_BUFGCE_HDIO_I_O)
                                                      0.028     1.234 r  clk_IBUF_BUFG_inst/O
    X1Y2 (CLOCK_ROOT)    net (fo=197, routed)         1.734     2.968    clk_IBUF_BUFG
    SLICE_X48Y121        FDCE                                         r  rs1_q_reg[7]/C
  -------------------------------------------------------------------    -------------------
    SLICE_X48Y121        FDCE (Prop_FFF_SLICEL_C_Q)
                                                      0.079     3.047 r  rs1_q_reg[7]/Q
                         net (fo=44, routed)          0.288     3.335    dut/u_shared_mul/u_primary_mul/rs1_q[7]
    SLICE_X48Y120        LUT4 (Prop_D6LUT_SLICEL_I2_O)
                                                      0.089     3.424 r  dut/u_shared_mul/u_primary_mul/int_prod_i_173/O
                         net (fo=1, routed)           0.009     3.433    dut/u_shared_mul/u_primary_mul/int_prod_i_173_n_0
    SLICE_X48Y120        CARRY8 (Prop_CARRY8_SLICEL_S[3]_CO[7])
                                                      0.161     3.594 r  dut/u_shared_mul/u_primary_mul/int_prod_i_157/CO[7]
                         net (fo=9, routed)           0.206     3.800    dut/u_shared_mul/u_primary_mul/mul_op_b2
    SLICE_X49Y121        LUT3 (Prop_A6LUT_SLICEM_I1_O)
                                                      0.053     3.853 r  dut/u_shared_mul/u_primary_mul/int_prod_i_140/O
                         net (fo=1, routed)           0.013     3.866    dut/u_shared_mul/u_primary_mul/int_prod_i_140_n_0
    SLICE_X49Y121        CARRY8 (Prop_CARRY8_SLICEM_S[0]_CO[7])
                                                      0.192     4.058 r  dut/u_shared_mul/u_primary_mul/int_prod_i_76/CO[7]
                         net (fo=1, routed)           0.026     4.084    dut/u_shared_mul/u_primary_mul/int_prod_i_76_n_0
    SLICE_X49Y122        CARRY8 (Prop_CARRY8_SLICEM_CI_O[7])
                                                      0.116     4.200 f  dut/u_shared_mul/u_primary_mul/int_prod_i_73/O[7]
                         net (fo=2, routed)           0.179     4.379    dut/u_shared_mul/u_primary_mul/O[7]
    SLICE_X48Y123        LUT3 (Prop_B6LUT_SLICEL_I0_O)
                                                      0.036     4.415 f  dut/u_shared_mul/u_primary_mul/int_prod_i_40/O
                         net (fo=2, routed)           0.143     4.558    dut/u_shared_mul/u_primary_mul/int_prod_i_40_n_0
    SLICE_X48Y124        LUT6 (Prop_A6LUT_SLICEL_I2_O)
                                                      0.050     4.608 f  dut/u_shared_mul/u_primary_mul/int_prod_i_17_replica/O
                         net (fo=1, routed)           0.175     4.783    dut/u_shared_mul/u_primary_mul/int_prod__1/B[15]
    DSP48E2_X7Y48        DSP_A_B_DATA (Prop_DSP_A_B_DATA_DSP48E2_B[15]_B2_DATA[15])
                                                      0.151     4.934 r  dut/u_shared_mul/u_primary_mul/int_prod__1/DSP_A_B_DATA_INST/B2_DATA[15]
                         net (fo=1, routed)           0.000     4.934    dut/u_shared_mul/u_primary_mul/int_prod__1/DSP_A_B_DATA.B2_DATA<15>
    DSP48E2_X7Y48        DSP_PREADD_DATA (Prop_DSP_PREADD_DATA_DSP48E2_B2_DATA[15]_B2B1[15])
                                                      0.073     5.007 r  dut/u_shared_mul/u_primary_mul/int_prod__1/DSP_PREADD_DATA_INST/B2B1[15]
                         net (fo=1, routed)           0.000     5.007    dut/u_shared_mul/u_primary_mul/int_prod__1/DSP_PREADD_DATA.B2B1<15>
    DSP48E2_X7Y48        DSP_MULTIPLIER (Prop_DSP_MULTIPLIER_DSP48E2_B2B1[15]_V[16])
                                                      0.609     5.616 f  dut/u_shared_mul/u_primary_mul/int_prod__1/DSP_MULTIPLIER_INST/V[16]
                         net (fo=1, routed)           0.000     5.616    dut/u_shared_mul/u_primary_mul/int_prod__1/DSP_MULTIPLIER.V<16>
    DSP48E2_X7Y48        DSP_M_DATA (Prop_DSP_M_DATA_DSP48E2_V[16]_V_DATA[16])
                                                      0.046     5.662 r  dut/u_shared_mul/u_primary_mul/int_prod__1/DSP_M_DATA_INST/V_DATA[16]
                         net (fo=1, routed)           0.000     5.662    dut/u_shared_mul/u_primary_mul/int_prod__1/DSP_M_DATA.V_DATA<16>
    DSP48E2_X7Y48        DSP_ALU (Prop_DSP_ALU_DSP48E2_V_DATA[16]_ALU_OUT[16])
                                                      0.571     6.233 f  dut/u_shared_mul/u_primary_mul/int_prod__1/DSP_ALU_INST/ALU_OUT[16]
                         net (fo=1, routed)           0.000     6.233    dut/u_shared_mul/u_primary_mul/int_prod__1/DSP_ALU.ALU_OUT<16>
    DSP48E2_X7Y48        DSP_OUTPUT (Prop_DSP_OUTPUT_DSP48E2_ALU_OUT[16]_P[16])
                                                      0.109     6.342 r  dut/u_shared_mul/u_primary_mul/int_prod__1/DSP_OUTPUT_INST/P[16]
                         net (fo=1, routed)           0.365     6.707    dut/u_shared_mul/u_primary_mul/int_prod__1_n_89
    SLICE_X49Y115        CARRY8 (Prop_CARRY8_SLICEM_S[0]_O[0])
                                                      0.065     6.772 f  dut/u_shared_mul/u_primary_mul/int_prod_carry/O[0]
                         net (fo=2, routed)           0.232     7.004    dut/u_shared_mul/u_primary_mul/int_prod__3__0[16]
    SLICE_X51Y116        LUT6 (Prop_G6LUT_SLICEL_I4_O)
                                                      0.050     7.054 f  dut/u_shared_mul/u_primary_mul/stage_a_result__0_i_3_comp/O
                         net (fo=1, routed)           0.267     7.321    dut/u_shared_mul/stage_a_result__0/A[16]
    DSP48E2_X7Y44        DSP_A_B_DATA (Prop_DSP_A_B_DATA_DSP48E2_A[16]_A2_DATA[16])
                                                      0.192     7.513 r  dut/u_shared_mul/stage_a_result__0/DSP_A_B_DATA_INST/A2_DATA[16]
                         net (fo=1, routed)           0.000     7.513    dut/u_shared_mul/stage_a_result__0/DSP_A_B_DATA.A2_DATA<16>
    DSP48E2_X7Y44        DSP_PREADD_DATA (Prop_DSP_PREADD_DATA_DSP48E2_A2_DATA[16]_A2A1[16])
                                                      0.076     7.589 r  dut/u_shared_mul/stage_a_result__0/DSP_PREADD_DATA_INST/A2A1[16]
                         net (fo=1, routed)           0.000     7.589    dut/u_shared_mul/stage_a_result__0/DSP_PREADD_DATA.A2A1<16>
    DSP48E2_X7Y44        DSP_MULTIPLIER (Prop_DSP_MULTIPLIER_DSP48E2_A2A1[16]_U[36])
                                                      0.505     8.094 f  dut/u_shared_mul/stage_a_result__0/DSP_MULTIPLIER_INST/U[36]
                         net (fo=1, routed)           0.000     8.094    dut/u_shared_mul/stage_a_result__0/DSP_MULTIPLIER.U<36>
    DSP48E2_X7Y44        DSP_M_DATA (Prop_DSP_M_DATA_DSP48E2_U[36]_U_DATA[36])
                                                      0.047     8.141 r  dut/u_shared_mul/stage_a_result__0/DSP_M_DATA_INST/U_DATA[36]
                         net (fo=1, routed)           0.000     8.141    dut/u_shared_mul/stage_a_result__0/DSP_M_DATA.U_DATA<36>
    DSP48E2_X7Y44        DSP_ALU (Prop_DSP_ALU_DSP48E2_U_DATA[36]_ALU_OUT[47])
                                                      0.585     8.726 f  dut/u_shared_mul/stage_a_result__0/DSP_ALU_INST/ALU_OUT[47]
                         net (fo=1, routed)           0.000     8.726    dut/u_shared_mul/stage_a_result__0/DSP_ALU.ALU_OUT<47>
    DSP48E2_X7Y44        DSP_OUTPUT (Prop_DSP_OUTPUT_DSP48E2_ALU_OUT[47]_PCOUT[47])
                                                      0.122     8.848 r  dut/u_shared_mul/stage_a_result__0/DSP_OUTPUT_INST/PCOUT[47]
                         net (fo=1, routed)           0.014     8.862    dut/u_shared_mul/stage_a_result__1/PCIN[47]
    DSP48E2_X7Y45        DSP_ALU (Prop_DSP_ALU_DSP48E2_PCIN[47]_ALU_OUT[4])
                                                      0.546     9.408 r  dut/u_shared_mul/stage_a_result__1/DSP_ALU_INST/ALU_OUT[4]
                         net (fo=1, routed)           0.000     9.408    dut/u_shared_mul/stage_a_result__1/DSP_ALU.ALU_OUT<4>
    DSP48E2_X7Y45        DSP_OUTPUT (Prop_DSP_OUTPUT_DSP48E2_ALU_OUT[4]_P[4])
                                                      0.109     9.517 f  dut/u_shared_mul/stage_a_result__1/DSP_OUTPUT_INST/P[4]
                         net (fo=2, routed)           0.302     9.819    dut/u_shared_mul/stage_a_result__1_n_101
    SLICE_X48Y112        LUT2 (Prop_F6LUT_SLICEL_I0_O)
                                                      0.049     9.868 f  dut/u_shared_mul/modp_tp_i_28/O
                         net (fo=1, routed)           0.011     9.879    dut/u_shared_mul/modp_tp_i_28_n_0
    SLICE_X48Y112        CARRY8 (Prop_CARRY8_SLICEL_S[5]_CO[7])
                                                      0.155    10.034 f  dut/u_shared_mul/modp_tp_i_17/CO[7]
                         net (fo=1, routed)           0.026    10.060    dut/u_shared_mul/modp_tp_i_17_n_0
    SLICE_X48Y113        CARRY8 (Prop_CARRY8_SLICEL_CI_O[1])
                                                      0.076    10.136 f  dut/u_shared_mul/modp_tp_i_16/O[1]
                         net (fo=2, routed)           0.137    10.273    dut/u_shared_mul/stage_a_result__2[25]
    SLICE_X49Y113        LUT5 (Prop_H6LUT_SLICEM_I4_O)
                                                      0.053    10.326 f  dut/u_shared_mul/modp_tp_i_7/O
                         net (fo=2, routed)           0.278    10.604    dut/u_shared_mul/modp_tp/B[8]
    DSP48E2_X8Y44        DSP_A_B_DATA (Prop_DSP_A_B_DATA_DSP48E2_B[8]_B2_DATA[8])
                                                      0.151    10.755 r  dut/u_shared_mul/modp_tp/DSP_A_B_DATA_INST/B2_DATA[8]
                         net (fo=1, routed)           0.000    10.755    dut/u_shared_mul/modp_tp/DSP_A_B_DATA.B2_DATA<8>
    DSP48E2_X8Y44        DSP_PREADD_DATA (Prop_DSP_PREADD_DATA_DSP48E2_B2_DATA[8]_B2B1[8])
                                                      0.073    10.828 r  dut/u_shared_mul/modp_tp/DSP_PREADD_DATA_INST/B2B1[8]
                         net (fo=1, routed)           0.000    10.828    dut/u_shared_mul/modp_tp/DSP_PREADD_DATA.B2B1<8>
    DSP48E2_X8Y44        DSP_MULTIPLIER (Prop_DSP_MULTIPLIER_DSP48E2_B2B1[8]_V[37])
                                                      0.609    11.437 f  dut/u_shared_mul/modp_tp/DSP_MULTIPLIER_INST/V[37]
                         net (fo=1, routed)           0.000    11.437    dut/u_shared_mul/modp_tp/DSP_MULTIPLIER.V<37>
    DSP48E2_X8Y44        DSP_M_DATA (Prop_DSP_M_DATA_DSP48E2_V[37]_V_DATA[37])
                                                      0.046    11.483 r  dut/u_shared_mul/modp_tp/DSP_M_DATA_INST/V_DATA[37]
                         net (fo=1, routed)           0.000    11.483    dut/u_shared_mul/modp_tp/DSP_M_DATA.V_DATA<37>
    DSP48E2_X8Y44        DSP_ALU (Prop_DSP_ALU_DSP48E2_V_DATA[37]_ALU_OUT[47])
                                                      0.571    12.054 f  dut/u_shared_mul/modp_tp/DSP_ALU_INST/ALU_OUT[47]
                         net (fo=1, routed)           0.000    12.054    dut/u_shared_mul/modp_tp/DSP_ALU.ALU_OUT<47>
    DSP48E2_X8Y44        DSP_OUTPUT (Prop_DSP_OUTPUT_DSP48E2_ALU_OUT[47]_PCOUT[47])
                                                      0.122    12.176 r  dut/u_shared_mul/modp_tp/DSP_OUTPUT_INST/PCOUT[47]
                         net (fo=1, routed)           0.014    12.190    dut/u_shared_mul/modp_tp__0/PCIN[47]
    DSP48E2_X8Y45        DSP_ALU (Prop_DSP_ALU_DSP48E2_PCIN[47]_ALU_OUT[0])
                                                      0.546    12.736 f  dut/u_shared_mul/modp_tp__0/DSP_ALU_INST/ALU_OUT[0]
                         net (fo=1, routed)           0.000    12.736    dut/u_shared_mul/modp_tp__0/DSP_ALU.ALU_OUT<0>
    DSP48E2_X8Y45        DSP_OUTPUT (Prop_DSP_OUTPUT_DSP48E2_ALU_OUT[0]_P[0])
                                                      0.109    12.845 r  dut/u_shared_mul/modp_tp__0/DSP_OUTPUT_INST/P[0]
                         net (fo=1, routed)           0.243    13.088    dut/u_shared_mul/modp_tp__0_n_105
    SLICE_X50Y109        LUT2 (Prop_C6LUT_SLICEM_I1_O)
                                                      0.098    13.186 r  dut/u_shared_mul/reg_B[0]_i_122/O
                         net (fo=1, routed)           0.021    13.207    dut/u_shared_mul/reg_B[0]_i_122_n_0
    SLICE_X50Y109        CARRY8 (Prop_CARRY8_SLICEM_S[2]_CO[7])
                                                      0.161    13.368 r  dut/u_shared_mul/reg_B_reg[0]_i_106/CO[7]
                         net (fo=1, routed)           0.026    13.394    dut/u_shared_mul/reg_B_reg[0]_i_106_n_0
    SLICE_X50Y110        CARRY8 (Prop_CARRY8_SLICEM_CI_O[5])
                                                      0.116    13.510 r  dut/u_shared_mul/reg_B_reg[23]_i_122/O[5]
                         net (fo=1, routed)           0.211    13.721    dut/u_shared_mul/u_primary_mul/modp_tp__3[29]
    SLICE_X49Y111        LUT4 (Prop_F6LUT_SLICEM_I3_O)
                                                      0.051    13.772 r  dut/u_shared_mul/u_primary_mul/reg_B[23]_i_106/O
                         net (fo=1, routed)           0.022    13.794    dut/u_shared_mul/u_primary_mul/reg_B[23]_i_106_n_0
    SLICE_X49Y111        CARRY8 (Prop_CARRY8_SLICEM_S[5]_CO[7])
                                                      0.159    13.953 r  dut/u_shared_mul/u_primary_mul/reg_B_reg[23]_i_31/CO[7]
                         net (fo=1, routed)           0.026    13.979    dut/u_shared_mul/u_primary_mul/reg_B_reg[23]_i_31_n_0
    SLICE_X49Y112        CARRY8 (Prop_CARRY8_SLICEM_CI_O[5])
                                                      0.116    14.095 r  dut/u_shared_mul/u_primary_mul/reg_B_reg[30]_i_19/O[5]
                         net (fo=2, routed)           0.280    14.375    dut/u_shared_mul/u_primary_mul/modp_shifted[22]
    SLICE_X52Y112        LUT2 (Prop_G6LUT_SLICEM_I0_O)
                                                      0.090    14.465 r  dut/u_shared_mul/u_primary_mul/reg_B[23]_i_33/O
                         net (fo=1, routed)           0.016    14.481    dut/u_shared_mul/u_primary_mul/reg_B[23]_i_33_n_0
    SLICE_X52Y112        CARRY8 (Prop_CARRY8_SLICEM_S[6]_CO[7])
                                                      0.117    14.598 r  dut/u_shared_mul/u_primary_mul/reg_B_reg[23]_i_10/CO[7]
                         net (fo=1, routed)           0.026    14.624    dut/u_shared_mul/u_primary_mul/reg_B_reg[23]_i_10_n_0
    SLICE_X52Y113        CARRY8 (Prop_CARRY8_SLICEM_CI_O[7])
                                                      0.116    14.740 r  dut/u_shared_mul/u_primary_mul/reg_B_reg[30]_i_7/O[7]
                         net (fo=32, routed)          0.274    15.014    dut/u_shared_mul/u_primary_mul/modp_sub[31]
    SLICE_X53Y111        LUT3 (Prop_F6LUT_SLICEM_I2_O)
                                                      0.037    15.051 r  dut/u_shared_mul/u_primary_mul/reg_B[0]_i_13/O
                         net (fo=1, routed)           0.022    15.073    dut/u_shared_mul/u_primary_mul/reg_B[0]_i_13_n_0
    SLICE_X53Y111        CARRY8 (Prop_CARRY8_SLICEM_S[5]_CO[7])
                                                      0.159    15.232 r  dut/u_shared_mul/u_primary_mul/reg_B_reg[0]_i_4/CO[7]
                         net (fo=1, routed)           0.026    15.258    dut/u_shared_mul/u_primary_mul/reg_B_reg[0]_i_4_n_0
    SLICE_X53Y112        CARRY8 (Prop_CARRY8_SLICEM_CI_O[3])
                                                      0.082    15.340 r  dut/u_shared_mul/u_primary_mul/reg_B_reg[23]_i_9/O[3]
                         net (fo=1, routed)           0.182    15.522    dut/u_shared_mul/u_primary_mul/data4[11]
    SLICE_X54Y112        LUT6 (Prop_C6LUT_SLICEL_I0_O)
                                                      0.035    15.557 r  dut/u_shared_mul/u_primary_mul/reg_B[11]_i_5/O
                         net (fo=1, routed)           0.010    15.567    dut/u_shared_mul/u_primary_mul/reg_B[11]_i_5_n_0
    SLICE_X54Y112        MUXF7 (Prop_F7MUX_CD_SLICEL_I1_O)
                                                      0.064    15.631 r  dut/u_shared_mul/u_primary_mul/reg_B_reg[11]_i_2/O
                         net (fo=15, routed)          0.299    15.930    dut/u_shared_mul/u_primary_mul/mul_res_lo[11]
    SLICE_X53Y108        LUT4 (Prop_E6LUT_SLICEM_I2_O)
                                                      0.091    16.021 r  dut/u_shared_mul/u_primary_mul/sig[15]_i_87/O
                         net (fo=1, routed)           0.014    16.035    dut/u_shared_mul/u_primary_mul/sig[15]_i_87_n_0
    SLICE_X53Y108        CARRY8 (Prop_CARRY8_SLICEM_S[4]_CO[7])
                                                      0.156    16.191 r  dut/u_shared_mul/u_primary_mul/sig_reg[15]_i_34/CO[7]
                         net (fo=1, routed)           0.026    16.217    dut/u_shared_mul/u_primary_mul/sig_reg[15]_i_34_n_0
    SLICE_X53Y109        CARRY8 (Prop_CARRY8_SLICEM_CI_O[0])
                                                      0.056    16.273 r  dut/u_shared_mul/u_primary_mul/sig_reg[15]_i_36/O[0]
                         net (fo=7, routed)           0.238    16.511    dut/u_shared_mul/u_primary_mul/p_0_in0
    SLICE_X52Y108        LUT2 (Prop_A6LUT_SLICEM_I1_O)
                                                      0.053    16.564 r  dut/u_shared_mul/u_primary_mul/sig[15]_i_75/O
                         net (fo=1, routed)           0.013    16.577    dut/u_shared_mul/u_primary_mul/sig[15]_i_75_n_0
    SLICE_X52Y108        CARRY8 (Prop_CARRY8_SLICEM_S[0]_CO[7])
                                                      0.192    16.769 r  dut/u_shared_mul/u_primary_mul/sig_reg[15]_i_33/CO[7]
                         net (fo=1, routed)           0.026    16.795    dut/u_shared_mul/u_primary_mul/sig_reg[15]_i_33_n_0
    SLICE_X52Y109        CARRY8 (Prop_CARRY8_SLICEM_CI_O[1])
                                                      0.076    16.871 r  dut/u_shared_mul/u_primary_mul/sig_reg[15]_i_8/O[1]
                         net (fo=1, routed)           0.334    17.205    dut/u_shared_mul/u_primary_mul/sig_reg[15]_i_8_n_14
    SLICE_X45Y109        LUT6 (Prop_D6LUT_SLICEL_I3_O)
                                                      0.050    17.255 r  dut/u_shared_mul/u_primary_mul/sig[9]_i_3/O
                         net (fo=1, routed)           0.084    17.339    dut/u_shared_mul/u_primary_mul/sig[9]_i_3_n_0
    SLICE_X44Y109        LUT6 (Prop_E6LUT_SLICEM_I2_O)
                                                      0.037    17.376 r  dut/u_shared_mul/u_primary_mul/sig[9]_i_1/O
                         net (fo=1, routed)           0.055    17.431    dut_n_23
    SLICE_X44Y109        FDCE                                         r  sig_reg[9]/D
  -------------------------------------------------------------------    -------------------

                         (clock clk rise edge)       14.000    14.000 r  
    D14                                               0.000    14.000 r  clk (IN)
                         net (fo=0)                   0.000    14.000    clk_IBUF_inst/I
    D14                  INBUF (Prop_INBUF_HDIOB_M_PAD_O)
                                                      0.495    14.495 r  clk_IBUF_inst/INBUF_INST/O
                         net (fo=1, routed)           0.000    14.495    clk_IBUF_inst/OUT
    D14                  IBUFCTRL (Prop_IBUFCTRL_HDIOB_M_I_O)
                                                      0.000    14.495 r  clk_IBUF_inst/IBUFCTRL_INST/O
                         net (fo=1, routed)           0.169    14.664    clk_IBUF
    BUFGCE_HDIO_X0Y7     BUFGCE (Prop_BUFCE_BUFGCE_HDIO_I_O)
                                                      0.024    14.688 r  clk_IBUF_BUFG_inst/O
    X1Y2 (CLOCK_ROOT)    net (fo=197, routed)         1.668    16.355    clk_IBUF_BUFG
    SLICE_X44Y109        FDCE                                         r  sig_reg[9]/C
                         clock pessimism              0.617    16.972    
                         clock uncertainty           -0.035    16.937    
    SLICE_X44Y109        FDCE (Setup_EFF_SLICEM_C_D)
                                                      0.025    16.962    sig_reg[9]
  -------------------------------------------------------------------
                         required time                         16.962    
                         arrival time                         -17.431    
  -------------------------------------------------------------------
                         slack                                 -0.470    

Slack (VIOLATED) :        -0.470ns  (required time - arrival time)
  Source:                 rs1_q_reg[7]/C
                            (rising edge-triggered cell FDCE clocked by clk  {rise@0.000ns fall@7.000ns period=14.000ns})
  Destination:            sig_reg[9]/D
                            (rising edge-triggered cell FDCE clocked by clk  {rise@0.000ns fall@7.000ns period=14.000ns})
  Path Group:             clk
  Path Type:              Setup (Max at Slow Process Corner)
  Requirement:            14.000ns  (clk rise@14.000ns - clk rise@0.000ns)
  Data Path Delay:        14.464ns  (logic 9.304ns (64.327%)  route 5.160ns (35.673%))
  Logic Levels:           57  (CARRY8=18 DSP_A_B_DATA=3 DSP_ALU=5 DSP_M_DATA=3 DSP_MULTIPLIER=3 DSP_OUTPUT=5 DSP_PREADD_DATA=3 LUT2=4 LUT3=3 LUT4=3 LUT5=1 LUT6=5 MUXF7=1)
  Clock Path Skew:        0.004ns (DCD - SCD + CPR)
    Destination Clock Delay (DCD):    2.355ns = ( 16.355 - 14.000 ) 
    Source Clock Delay      (SCD):    2.968ns
    Clock Pessimism Removal (CPR):    0.617ns
  Clock Uncertainty:      0.035ns  ((TSJ^2 + TIJ^2)^1/2 + DJ) / 2 + PE
    Total System Jitter     (TSJ):    0.071ns
    Total Input Jitter      (TIJ):    0.000ns
    Discrete Jitter          (DJ):    0.000ns
    Phase Error              (PE):    0.000ns
  Clock Net Delay (Source):      1.734ns (routing 0.719ns, distribution 1.015ns)
  Clock Net Delay (Destination): 1.668ns (routing 0.652ns, distribution 1.016ns)

    Location             Delay type                Incr(ns)  Path(ns)    Netlist Resource(s)
  -------------------------------------------------------------------    -------------------
                         (clock clk rise edge)        0.000     0.000 r  
    D14                                               0.000     0.000 r  clk (IN)
                         net (fo=0)                   0.000     0.000    clk_IBUF_inst/I
    D14                  INBUF (Prop_INBUF_HDIOB_M_PAD_O)
                                                      1.002     1.002 r  clk_IBUF_inst/INBUF_INST/O
                         net (fo=1, routed)           0.000     1.002    clk_IBUF_inst/OUT
    D14                  IBUFCTRL (Prop_IBUFCTRL_HDIOB_M_I_O)
                                                      0.000     1.002 r  clk_IBUF_inst/IBUFCTRL_INST/O
                         net (fo=1, routed)           0.204     1.206    clk_IBUF
    BUFGCE_HDIO_X0Y7     BUFGCE (Prop_BUFCE_BUFGCE_HDIO_I_O)
                                                      0.028     1.234 r  clk_IBUF_BUFG_inst/O
    X1Y2 (CLOCK_ROOT)    net (fo=197, routed)         1.734     2.968    clk_IBUF_BUFG
    SLICE_X48Y121        FDCE                                         r  rs1_q_reg[7]/C
  -------------------------------------------------------------------    -------------------
    SLICE_X48Y121        FDCE (Prop_FFF_SLICEL_C_Q)
                                                      0.079     3.047 r  rs1_q_reg[7]/Q
                         net (fo=44, routed)          0.288     3.335    dut/u_shared_mul/u_primary_mul/rs1_q[7]
    SLICE_X48Y120        LUT4 (Prop_D6LUT_SLICEL_I2_O)
                                                      0.089     3.424 r  dut/u_shared_mul/u_primary_mul/int_prod_i_173/O
                         net (fo=1, routed)           0.009     3.433    dut/u_shared_mul/u_primary_mul/int_prod_i_173_n_0
    SLICE_X48Y120        CARRY8 (Prop_CARRY8_SLICEL_S[3]_CO[7])
                                                      0.161     3.594 r  dut/u_shared_mul/u_primary_mul/int_prod_i_157/CO[7]
                         net (fo=9, routed)           0.206     3.800    dut/u_shared_mul/u_primary_mul/mul_op_b2
    SLICE_X49Y121        LUT3 (Prop_A6LUT_SLICEM_I1_O)
                                                      0.053     3.853 r  dut/u_shared_mul/u_primary_mul/int_prod_i_140/O
                         net (fo=1, routed)           0.013     3.866    dut/u_shared_mul/u_primary_mul/int_prod_i_140_n_0
    SLICE_X49Y121        CARRY8 (Prop_CARRY8_SLICEM_S[0]_CO[7])
                                                      0.192     4.058 r  dut/u_shared_mul/u_primary_mul/int_prod_i_76/CO[7]
                         net (fo=1, routed)           0.026     4.084    dut/u_shared_mul/u_primary_mul/int_prod_i_76_n_0
    SLICE_X49Y122        CARRY8 (Prop_CARRY8_SLICEM_CI_O[7])
                                                      0.116     4.200 f  dut/u_shared_mul/u_primary_mul/int_prod_i_73/O[7]
                         net (fo=2, routed)           0.179     4.379    dut/u_shared_mul/u_primary_mul/O[7]
    SLICE_X48Y123        LUT3 (Prop_B6LUT_SLICEL_I0_O)
                                                      0.036     4.415 f  dut/u_shared_mul/u_primary_mul/int_prod_i_40/O
                         net (fo=2, routed)           0.143     4.558    dut/u_shared_mul/u_primary_mul/int_prod_i_40_n_0
    SLICE_X48Y124        LUT6 (Prop_A6LUT_SLICEL_I2_O)
                                                      0.050     4.608 f  dut/u_shared_mul/u_primary_mul/int_prod_i_17_replica/O
                         net (fo=1, routed)           0.175     4.783    dut/u_shared_mul/u_primary_mul/int_prod__1/B[15]
    DSP48E2_X7Y48        DSP_A_B_DATA (Prop_DSP_A_B_DATA_DSP48E2_B[15]_B2_DATA[15])
                                                      0.151     4.934 r  dut/u_shared_mul/u_primary_mul/int_prod__1/DSP_A_B_DATA_INST/B2_DATA[15]
                         net (fo=1, routed)           0.000     4.934    dut/u_shared_mul/u_primary_mul/int_prod__1/DSP_A_B_DATA.B2_DATA<15>
    DSP48E2_X7Y48        DSP_PREADD_DATA (Prop_DSP_PREADD_DATA_DSP48E2_B2_DATA[15]_B2B1[15])
                                                      0.073     5.007 r  dut/u_shared_mul/u_primary_mul/int_prod__1/DSP_PREADD_DATA_INST/B2B1[15]
                         net (fo=1, routed)           0.000     5.007    dut/u_shared_mul/u_primary_mul/int_prod__1/DSP_PREADD_DATA.B2B1<15>
    DSP48E2_X7Y48        DSP_MULTIPLIER (Prop_DSP_MULTIPLIER_DSP48E2_B2B1[15]_V[16])
                                                      0.609     5.616 f  dut/u_shared_mul/u_primary_mul/int_prod__1/DSP_MULTIPLIER_INST/V[16]
                         net (fo=1, routed)           0.000     5.616    dut/u_shared_mul/u_primary_mul/int_prod__1/DSP_MULTIPLIER.V<16>
    DSP48E2_X7Y48        DSP_M_DATA (Prop_DSP_M_DATA_DSP48E2_V[16]_V_DATA[16])
                                                      0.046     5.662 r  dut/u_shared_mul/u_primary_mul/int_prod__1/DSP_M_DATA_INST/V_DATA[16]
                         net (fo=1, routed)           0.000     5.662    dut/u_shared_mul/u_primary_mul/int_prod__1/DSP_M_DATA.V_DATA<16>
    DSP48E2_X7Y48        DSP_ALU (Prop_DSP_ALU_DSP48E2_V_DATA[16]_ALU_OUT[16])
                                                      0.571     6.233 f  dut/u_shared_mul/u_primary_mul/int_prod__1/DSP_ALU_INST/ALU_OUT[16]
                         net (fo=1, routed)           0.000     6.233    dut/u_shared_mul/u_primary_mul/int_prod__1/DSP_ALU.ALU_OUT<16>
    DSP48E2_X7Y48        DSP_OUTPUT (Prop_DSP_OUTPUT_DSP48E2_ALU_OUT[16]_P[16])
                                                      0.109     6.342 r  dut/u_shared_mul/u_primary_mul/int_prod__1/DSP_OUTPUT_INST/P[16]
                         net (fo=1, routed)           0.365     6.707    dut/u_shared_mul/u_primary_mul/int_prod__1_n_89
    SLICE_X49Y115        CARRY8 (Prop_CARRY8_SLICEM_S[0]_O[0])
                                                      0.065     6.772 f  dut/u_shared_mul/u_primary_mul/int_prod_carry/O[0]
                         net (fo=2, routed)           0.232     7.004    dut/u_shared_mul/u_primary_mul/int_prod__3__0[16]
    SLICE_X51Y116        LUT6 (Prop_G6LUT_SLICEL_I4_O)
                                                      0.050     7.054 f  dut/u_shared_mul/u_primary_mul/stage_a_result__0_i_3_comp/O
                         net (fo=1, routed)           0.267     7.321    dut/u_shared_mul/stage_a_result__0/A[16]
    DSP48E2_X7Y44        DSP_A_B_DATA (Prop_DSP_A_B_DATA_DSP48E2_A[16]_A2_DATA[16])
                                                      0.192     7.513 r  dut/u_shared_mul/stage_a_result__0/DSP_A_B_DATA_INST/A2_DATA[16]
                         net (fo=1, routed)           0.000     7.513    dut/u_shared_mul/stage_a_result__0/DSP_A_B_DATA.A2_DATA<16>
    DSP48E2_X7Y44        DSP_PREADD_DATA (Prop_DSP_PREADD_DATA_DSP48E2_A2_DATA[16]_A2A1[16])
                                                      0.076     7.589 r  dut/u_shared_mul/stage_a_result__0/DSP_PREADD_DATA_INST/A2A1[16]
                         net (fo=1, routed)           0.000     7.589    dut/u_shared_mul/stage_a_result__0/DSP_PREADD_DATA.A2A1<16>
    DSP48E2_X7Y44        DSP_MULTIPLIER (Prop_DSP_MULTIPLIER_DSP48E2_A2A1[16]_U[36])
                                                      0.505     8.094 f  dut/u_shared_mul/stage_a_result__0/DSP_MULTIPLIER_INST/U[36]
                         net (fo=1, routed)           0.000     8.094    dut/u_shared_mul/stage_a_result__0/DSP_MULTIPLIER.U<36>
    DSP48E2_X7Y44        DSP_M_DATA (Prop_DSP_M_DATA_DSP48E2_U[36]_U_DATA[36])
                                                      0.047     8.141 r  dut/u_shared_mul/stage_a_result__0/DSP_M_DATA_INST/U_DATA[36]
                         net (fo=1, routed)           0.000     8.141    dut/u_shared_mul/stage_a_result__0/DSP_M_DATA.U_DATA<36>
    DSP48E2_X7Y44        DSP_ALU (Prop_DSP_ALU_DSP48E2_U_DATA[36]_ALU_OUT[47])
                                                      0.585     8.726 f  dut/u_shared_mul/stage_a_result__0/DSP_ALU_INST/ALU_OUT[47]
                         net (fo=1, routed)           0.000     8.726    dut/u_shared_mul/stage_a_result__0/DSP_ALU.ALU_OUT<47>
    DSP48E2_X7Y44        DSP_OUTPUT (Prop_DSP_OUTPUT_DSP48E2_ALU_OUT[47]_PCOUT[47])
                                                      0.122     8.848 r  dut/u_shared_mul/stage_a_result__0/DSP_OUTPUT_INST/PCOUT[47]
                         net (fo=1, routed)           0.014     8.862    dut/u_shared_mul/stage_a_result__1/PCIN[47]
    DSP48E2_X7Y45        DSP_ALU (Prop_DSP_ALU_DSP48E2_PCIN[47]_ALU_OUT[4])
                                                      0.546     9.408 f  dut/u_shared_mul/stage_a_result__1/DSP_ALU_INST/ALU_OUT[4]
                         net (fo=1, routed)           0.000     9.408    dut/u_shared_mul/stage_a_result__1/DSP_ALU.ALU_OUT<4>
    DSP48E2_X7Y45        DSP_OUTPUT (Prop_DSP_OUTPUT_DSP48E2_ALU_OUT[4]_P[4])
                                                      0.109     9.517 r  dut/u_shared_mul/stage_a_result__1/DSP_OUTPUT_INST/P[4]
                         net (fo=2, routed)           0.302     9.819    dut/u_shared_mul/stage_a_result__1_n_101
    SLICE_X48Y112        LUT2 (Prop_F6LUT_SLICEL_I0_O)
                                                      0.049     9.868 r  dut/u_shared_mul/modp_tp_i_28/O
                         net (fo=1, routed)           0.011     9.879    dut/u_shared_mul/modp_tp_i_28_n_0
    SLICE_X48Y112        CARRY8 (Prop_CARRY8_SLICEL_S[5]_CO[7])
                                                      0.155    10.034 r  dut/u_shared_mul/modp_tp_i_17/CO[7]
                         net (fo=1, routed)           0.026    10.060    dut/u_shared_mul/modp_tp_i_17_n_0
    SLICE_X48Y113        CARRY8 (Prop_CARRY8_SLICEL_CI_O[1])
                                                      0.076    10.136 f  dut/u_shared_mul/modp_tp_i_16/O[1]
                         net (fo=2, routed)           0.137    10.273    dut/u_shared_mul/stage_a_result__2[25]
    SLICE_X49Y113        LUT5 (Prop_H6LUT_SLICEM_I4_O)
                                                      0.053    10.326 f  dut/u_shared_mul/modp_tp_i_7/O
                         net (fo=2, routed)           0.278    10.604    dut/u_shared_mul/modp_tp/B[8]
    DSP48E2_X8Y44        DSP_A_B_DATA (Prop_DSP_A_B_DATA_DSP48E2_B[8]_B2_DATA[8])
                                                      0.151    10.755 r  dut/u_shared_mul/modp_tp/DSP_A_B_DATA_INST/B2_DATA[8]
                         net (fo=1, routed)           0.000    10.755    dut/u_shared_mul/modp_tp/DSP_A_B_DATA.B2_DATA<8>
    DSP48E2_X8Y44        DSP_PREADD_DATA (Prop_DSP_PREADD_DATA_DSP48E2_B2_DATA[8]_B2B1[8])
                                                      0.073    10.828 r  dut/u_shared_mul/modp_tp/DSP_PREADD_DATA_INST/B2B1[8]
                         net (fo=1, routed)           0.000    10.828    dut/u_shared_mul/modp_tp/DSP_PREADD_DATA.B2B1<8>
    DSP48E2_X8Y44        DSP_MULTIPLIER (Prop_DSP_MULTIPLIER_DSP48E2_B2B1[8]_V[37])
                                                      0.609    11.437 f  dut/u_shared_mul/modp_tp/DSP_MULTIPLIER_INST/V[37]
                         net (fo=1, routed)           0.000    11.437    dut/u_shared_mul/modp_tp/DSP_MULTIPLIER.V<37>
    DSP48E2_X8Y44        DSP_M_DATA (Prop_DSP_M_DATA_DSP48E2_V[37]_V_DATA[37])
                                                      0.046    11.483 r  dut/u_shared_mul/modp_tp/DSP_M_DATA_INST/V_DATA[37]
                         net (fo=1, routed)           0.000    11.483    dut/u_shared_mul/modp_tp/DSP_M_DATA.V_DATA<37>
    DSP48E2_X8Y44        DSP_ALU (Prop_DSP_ALU_DSP48E2_V_DATA[37]_ALU_OUT[47])
                                                      0.571    12.054 f  dut/u_shared_mul/modp_tp/DSP_ALU_INST/ALU_OUT[47]
                         net (fo=1, routed)           0.000    12.054    dut/u_shared_mul/modp_tp/DSP_ALU.ALU_OUT<47>
    DSP48E2_X8Y44        DSP_OUTPUT (Prop_DSP_OUTPUT_DSP48E2_ALU_OUT[47]_PCOUT[47])
                                                      0.122    12.176 r  dut/u_shared_mul/modp_tp/DSP_OUTPUT_INST/PCOUT[47]
                         net (fo=1, routed)           0.014    12.190    dut/u_shared_mul/modp_tp__0/PCIN[47]
    DSP48E2_X8Y45        DSP_ALU (Prop_DSP_ALU_DSP48E2_PCIN[47]_ALU_OUT[0])
                                                      0.546    12.736 r  dut/u_shared_mul/modp_tp__0/DSP_ALU_INST/ALU_OUT[0]
                         net (fo=1, routed)           0.000    12.736    dut/u_shared_mul/modp_tp__0/DSP_ALU.ALU_OUT<0>
    DSP48E2_X8Y45        DSP_OUTPUT (Prop_DSP_OUTPUT_DSP48E2_ALU_OUT[0]_P[0])
                                                      0.109    12.845 f  dut/u_shared_mul/modp_tp__0/DSP_OUTPUT_INST/P[0]
                         net (fo=1, routed)           0.243    13.088    dut/u_shared_mul/modp_tp__0_n_105
    SLICE_X50Y109        LUT2 (Prop_C6LUT_SLICEM_I1_O)
                                                      0.098    13.186 r  dut/u_shared_mul/reg_B[0]_i_122/O
                         net (fo=1, routed)           0.021    13.207    dut/u_shared_mul/reg_B[0]_i_122_n_0
    SLICE_X50Y109        CARRY8 (Prop_CARRY8_SLICEM_S[2]_CO[7])
                                                      0.161    13.368 r  dut/u_shared_mul/reg_B_reg[0]_i_106/CO[7]
                         net (fo=1, routed)           0.026    13.394    dut/u_shared_mul/reg_B_reg[0]_i_106_n_0
    SLICE_X50Y110        CARRY8 (Prop_CARRY8_SLICEM_CI_O[5])
                                                      0.116    13.510 r  dut/u_shared_mul/reg_B_reg[23]_i_122/O[5]
                         net (fo=1, routed)           0.211    13.721    dut/u_shared_mul/u_primary_mul/modp_tp__3[29]
    SLICE_X49Y111        LUT4 (Prop_F6LUT_SLICEM_I3_O)
                                                      0.051    13.772 r  dut/u_shared_mul/u_primary_mul/reg_B[23]_i_106/O
                         net (fo=1, routed)           0.022    13.794    dut/u_shared_mul/u_primary_mul/reg_B[23]_i_106_n_0
    SLICE_X49Y111        CARRY8 (Prop_CARRY8_SLICEM_S[5]_CO[7])
                                                      0.159    13.953 r  dut/u_shared_mul/u_primary_mul/reg_B_reg[23]_i_31/CO[7]
                         net (fo=1, routed)           0.026    13.979    dut/u_shared_mul/u_primary_mul/reg_B_reg[23]_i_31_n_0
    SLICE_X49Y112        CARRY8 (Prop_CARRY8_SLICEM_CI_O[5])
                                                      0.116    14.095 r  dut/u_shared_mul/u_primary_mul/reg_B_reg[30]_i_19/O[5]
                         net (fo=2, routed)           0.280    14.375    dut/u_shared_mul/u_primary_mul/modp_shifted[22]
    SLICE_X52Y112        LUT2 (Prop_G6LUT_SLICEM_I0_O)
                                                      0.090    14.465 r  dut/u_shared_mul/u_primary_mul/reg_B[23]_i_33/O
                         net (fo=1, routed)           0.016    14.481    dut/u_shared_mul/u_primary_mul/reg_B[23]_i_33_n_0
    SLICE_X52Y112        CARRY8 (Prop_CARRY8_SLICEM_S[6]_CO[7])
                                                      0.117    14.598 r  dut/u_shared_mul/u_primary_mul/reg_B_reg[23]_i_10/CO[7]
                         net (fo=1, routed)           0.026    14.624    dut/u_shared_mul/u_primary_mul/reg_B_reg[23]_i_10_n_0
    SLICE_X52Y113        CARRY8 (Prop_CARRY8_SLICEM_CI_O[7])
                                                      0.116    14.740 r  dut/u_shared_mul/u_primary_mul/reg_B_reg[30]_i_7/O[7]
                         net (fo=32, routed)          0.274    15.014    dut/u_shared_mul/u_primary_mul/modp_sub[31]
    SLICE_X53Y111        LUT3 (Prop_F6LUT_SLICEM_I2_O)
                                                      0.037    15.051 r  dut/u_shared_mul/u_primary_mul/reg_B[0]_i_13/O
                         net (fo=1, routed)           0.022    15.073    dut/u_shared_mul/u_primary_mul/reg_B[0]_i_13_n_0
    SLICE_X53Y111        CARRY8 (Prop_CARRY8_SLICEM_S[5]_CO[7])
                                                      0.159    15.232 r  dut/u_shared_mul/u_primary_mul/reg_B_reg[0]_i_4/CO[7]
                         net (fo=1, routed)           0.026    15.258    dut/u_shared_mul/u_primary_mul/reg_B_reg[0]_i_4_n_0
    SLICE_X53Y112        CARRY8 (Prop_CARRY8_SLICEM_CI_O[3])
                                                      0.082    15.340 r  dut/u_shared_mul/u_primary_mul/reg_B_reg[23]_i_9/O[3]
                         net (fo=1, routed)           0.182    15.522    dut/u_shared_mul/u_primary_mul/data4[11]
    SLICE_X54Y112        LUT6 (Prop_C6LUT_SLICEL_I0_O)
                                                      0.035    15.557 r  dut/u_shared_mul/u_primary_mul/reg_B[11]_i_5/O
                         net (fo=1, routed)           0.010    15.567    dut/u_shared_mul/u_primary_mul/reg_B[11]_i_5_n_0
    SLICE_X54Y112        MUXF7 (Prop_F7MUX_CD_SLICEL_I1_O)
                                                      0.064    15.631 r  dut/u_shared_mul/u_primary_mul/reg_B_reg[11]_i_2/O
                         net (fo=15, routed)          0.299    15.930    dut/u_shared_mul/u_primary_mul/mul_res_lo[11]
    SLICE_X53Y108        LUT4 (Prop_E6LUT_SLICEM_I2_O)
                                                      0.091    16.021 r  dut/u_shared_mul/u_primary_mul/sig[15]_i_87/O
                         net (fo=1, routed)           0.014    16.035    dut/u_shared_mul/u_primary_mul/sig[15]_i_87_n_0
    SLICE_X53Y108        CARRY8 (Prop_CARRY8_SLICEM_S[4]_CO[7])
                                                      0.156    16.191 r  dut/u_shared_mul/u_primary_mul/sig_reg[15]_i_34/CO[7]
                         net (fo=1, routed)           0.026    16.217    dut/u_shared_mul/u_primary_mul/sig_reg[15]_i_34_n_0
    SLICE_X53Y109        CARRY8 (Prop_CARRY8_SLICEM_CI_O[0])
                                                      0.056    16.273 r  dut/u_shared_mul/u_primary_mul/sig_reg[15]_i_36/O[0]
                         net (fo=7, routed)           0.238    16.511    dut/u_shared_mul/u_primary_mul/p_0_in0
    SLICE_X52Y108        LUT2 (Prop_A6LUT_SLICEM_I1_O)
                                                      0.053    16.564 r  dut/u_shared_mul/u_primary_mul/sig[15]_i_75/O
                         net (fo=1, routed)           0.013    16.577    dut/u_shared_mul/u_primary_mul/sig[15]_i_75_n_0
    SLICE_X52Y108        CARRY8 (Prop_CARRY8_SLICEM_S[0]_CO[7])
                                                      0.192    16.769 r  dut/u_shared_mul/u_primary_mul/sig_reg[15]_i_33/CO[7]
                         net (fo=1, routed)           0.026    16.795    dut/u_shared_mul/u_primary_mul/sig_reg[15]_i_33_n_0
    SLICE_X52Y109        CARRY8 (Prop_CARRY8_SLICEM_CI_O[1])
                                                      0.076    16.871 r  dut/u_shared_mul/u_primary_mul/sig_reg[15]_i_8/O[1]
                         net (fo=1, routed)           0.334    17.205    dut/u_shared_mul/u_primary_mul/sig_reg[15]_i_8_n_14
    SLICE_X45Y109        LUT6 (Prop_D6LUT_SLICEL_I3_O)
                                                      0.050    17.255 r  dut/u_shared_mul/u_primary_mul/sig[9]_i_3/O
                         net (fo=1, routed)           0.084    17.339    dut/u_shared_mul/u_primary_mul/sig[9]_i_3_n_0
    SLICE_X44Y109        LUT6 (Prop_E6LUT_SLICEM_I2_O)
                                                      0.037    17.376 r  dut/u_shared_mul/u_primary_mul/sig[9]_i_1/O
                         net (fo=1, routed)           0.055    17.431    dut_n_23
    SLICE_X44Y109        FDCE                                         r  sig_reg[9]/D
  -------------------------------------------------------------------    -------------------

                         (clock clk rise edge)       14.000    14.000 r  
    D14                                               0.000    14.000 r  clk (IN)
                         net (fo=0)                   0.000    14.000    clk_IBUF_inst/I
    D14                  INBUF (Prop_INBUF_HDIOB_M_PAD_O)
                                                      0.495    14.495 r  clk_IBUF_inst/INBUF_INST/O
                         net (fo=1, routed)           0.000    14.495    clk_IBUF_inst/OUT
    D14                  IBUFCTRL (Prop_IBUFCTRL_HDIOB_M_I_O)
                                                      0.000    14.495 r  clk_IBUF_inst/IBUFCTRL_INST/O
                         net (fo=1, routed)           0.169    14.664    clk_IBUF
    BUFGCE_HDIO_X0Y7     BUFGCE (Prop_BUFCE_BUFGCE_HDIO_I_O)
                                                      0.024    14.688 r  clk_IBUF_BUFG_inst/O
    X1Y2 (CLOCK_ROOT)    net (fo=197, routed)         1.668    16.355    clk_IBUF_BUFG
    SLICE_X44Y109        FDCE                                         r  sig_reg[9]/C
                         clock pessimism              0.617    16.972    
                         clock uncertainty           -0.035    16.937    
    SLICE_X44Y109        FDCE (Setup_EFF_SLICEM_C_D)
                                                      0.025    16.962    sig_reg[9]
  -------------------------------------------------------------------
                         required time                         16.962    
                         arrival time                         -17.431    
  -------------------------------------------------------------------
                         slack                                 -0.470    

Slack (VIOLATED) :        -0.470ns  (required time - arrival time)
  Source:                 rs1_q_reg[7]/C
                            (rising edge-triggered cell FDCE clocked by clk  {rise@0.000ns fall@7.000ns period=14.000ns})
  Destination:            sig_reg[9]/D
                            (rising edge-triggered cell FDCE clocked by clk  {rise@0.000ns fall@7.000ns period=14.000ns})
  Path Group:             clk
  Path Type:              Setup (Max at Slow Process Corner)
  Requirement:            14.000ns  (clk rise@14.000ns - clk rise@0.000ns)
  Data Path Delay:        14.464ns  (logic 9.304ns (64.327%)  route 5.160ns (35.673%))
  Logic Levels:           57  (CARRY8=18 DSP_A_B_DATA=3 DSP_ALU=5 DSP_M_DATA=3 DSP_MULTIPLIER=3 DSP_OUTPUT=5 DSP_PREADD_DATA=3 LUT2=4 LUT3=3 LUT4=3 LUT5=1 LUT6=5 MUXF7=1)
  Clock Path Skew:        0.004ns (DCD - SCD + CPR)
    Destination Clock Delay (DCD):    2.355ns = ( 16.355 - 14.000 ) 
    Source Clock Delay      (SCD):    2.968ns
    Clock Pessimism Removal (CPR):    0.617ns
  Clock Uncertainty:      0.035ns  ((TSJ^2 + TIJ^2)^1/2 + DJ) / 2 + PE
    Total System Jitter     (TSJ):    0.071ns
    Total Input Jitter      (TIJ):    0.000ns
    Discrete Jitter          (DJ):    0.000ns
    Phase Error              (PE):    0.000ns
  Clock Net Delay (Source):      1.734ns (routing 0.719ns, distribution 1.015ns)
  Clock Net Delay (Destination): 1.668ns (routing 0.652ns, distribution 1.016ns)

    Location             Delay type                Incr(ns)  Path(ns)    Netlist Resource(s)
  -------------------------------------------------------------------    -------------------
                         (clock clk rise edge)        0.000     0.000 r  
    D14                                               0.000     0.000 r  clk (IN)
                         net (fo=0)                   0.000     0.000    clk_IBUF_inst/I
    D14                  INBUF (Prop_INBUF_HDIOB_M_PAD_O)
                                                      1.002     1.002 r  clk_IBUF_inst/INBUF_INST/O
                         net (fo=1, routed)           0.000     1.002    clk_IBUF_inst/OUT
    D14                  IBUFCTRL (Prop_IBUFCTRL_HDIOB_M_I_O)
                                                      0.000     1.002 r  clk_IBUF_inst/IBUFCTRL_INST/O
                         net (fo=1, routed)           0.204     1.206    clk_IBUF
    BUFGCE_HDIO_X0Y7     BUFGCE (Prop_BUFCE_BUFGCE_HDIO_I_O)
                                                      0.028     1.234 r  clk_IBUF_BUFG_inst/O
    X1Y2 (CLOCK_ROOT)    net (fo=197, routed)         1.734     2.968    clk_IBUF_BUFG
    SLICE_X48Y121        FDCE                                         r  rs1_q_reg[7]/C
  -------------------------------------------------------------------    -------------------
    SLICE_X48Y121        FDCE (Prop_FFF_SLICEL_C_Q)
                                                      0.079     3.047 r  rs1_q_reg[7]/Q
                         net (fo=44, routed)          0.288     3.335    dut/u_shared_mul/u_primary_mul/rs1_q[7]
    SLICE_X48Y120        LUT4 (Prop_D6LUT_SLICEL_I2_O)
                                                      0.089     3.424 r  dut/u_shared_mul/u_primary_mul/int_prod_i_173/O
                         net (fo=1, routed)           0.009     3.433    dut/u_shared_mul/u_primary_mul/int_prod_i_173_n_0
    SLICE_X48Y120        CARRY8 (Prop_CARRY8_SLICEL_S[3]_CO[7])
                                                      0.161     3.594 r  dut/u_shared_mul/u_primary_mul/int_prod_i_157/CO[7]
                         net (fo=9, routed)           0.206     3.800    dut/u_shared_mul/u_primary_mul/mul_op_b2
    SLICE_X49Y121        LUT3 (Prop_A6LUT_SLICEM_I1_O)
                                                      0.053     3.853 r  dut/u_shared_mul/u_primary_mul/int_prod_i_140/O
                         net (fo=1, routed)           0.013     3.866    dut/u_shared_mul/u_primary_mul/int_prod_i_140_n_0
    SLICE_X49Y121        CARRY8 (Prop_CARRY8_SLICEM_S[0]_CO[7])
                                                      0.192     4.058 r  dut/u_shared_mul/u_primary_mul/int_prod_i_76/CO[7]
                         net (fo=1, routed)           0.026     4.084    dut/u_shared_mul/u_primary_mul/int_prod_i_76_n_0
    SLICE_X49Y122        CARRY8 (Prop_CARRY8_SLICEM_CI_O[7])
                                                      0.116     4.200 f  dut/u_shared_mul/u_primary_mul/int_prod_i_73/O[7]
                         net (fo=2, routed)           0.179     4.379    dut/u_shared_mul/u_primary_mul/O[7]
    SLICE_X48Y123        LUT3 (Prop_B6LUT_SLICEL_I0_O)
                                                      0.036     4.415 f  dut/u_shared_mul/u_primary_mul/int_prod_i_40/O
                         net (fo=2, routed)           0.143     4.558    dut/u_shared_mul/u_primary_mul/int_prod_i_40_n_0
    SLICE_X48Y124        LUT6 (Prop_A6LUT_SLICEL_I2_O)
                                                      0.050     4.608 f  dut/u_shared_mul/u_primary_mul/int_prod_i_17_replica/O
                         net (fo=1, routed)           0.175     4.783    dut/u_shared_mul/u_primary_mul/int_prod__1/B[15]
    DSP48E2_X7Y48        DSP_A_B_DATA (Prop_DSP_A_B_DATA_DSP48E2_B[15]_B2_DATA[15])
                                                      0.151     4.934 r  dut/u_shared_mul/u_primary_mul/int_prod__1/DSP_A_B_DATA_INST/B2_DATA[15]
                         net (fo=1, routed)           0.000     4.934    dut/u_shared_mul/u_primary_mul/int_prod__1/DSP_A_B_DATA.B2_DATA<15>
    DSP48E2_X7Y48        DSP_PREADD_DATA (Prop_DSP_PREADD_DATA_DSP48E2_B2_DATA[15]_B2B1[15])
                                                      0.073     5.007 r  dut/u_shared_mul/u_primary_mul/int_prod__1/DSP_PREADD_DATA_INST/B2B1[15]
                         net (fo=1, routed)           0.000     5.007    dut/u_shared_mul/u_primary_mul/int_prod__1/DSP_PREADD_DATA.B2B1<15>
    DSP48E2_X7Y48        DSP_MULTIPLIER (Prop_DSP_MULTIPLIER_DSP48E2_B2B1[15]_V[16])
                                                      0.609     5.616 f  dut/u_shared_mul/u_primary_mul/int_prod__1/DSP_MULTIPLIER_INST/V[16]
                         net (fo=1, routed)           0.000     5.616    dut/u_shared_mul/u_primary_mul/int_prod__1/DSP_MULTIPLIER.V<16>
    DSP48E2_X7Y48        DSP_M_DATA (Prop_DSP_M_DATA_DSP48E2_V[16]_V_DATA[16])
                                                      0.046     5.662 r  dut/u_shared_mul/u_primary_mul/int_prod__1/DSP_M_DATA_INST/V_DATA[16]
                         net (fo=1, routed)           0.000     5.662    dut/u_shared_mul/u_primary_mul/int_prod__1/DSP_M_DATA.V_DATA<16>
    DSP48E2_X7Y48        DSP_ALU (Prop_DSP_ALU_DSP48E2_V_DATA[16]_ALU_OUT[16])
                                                      0.571     6.233 f  dut/u_shared_mul/u_primary_mul/int_prod__1/DSP_ALU_INST/ALU_OUT[16]
                         net (fo=1, routed)           0.000     6.233    dut/u_shared_mul/u_primary_mul/int_prod__1/DSP_ALU.ALU_OUT<16>
    DSP48E2_X7Y48        DSP_OUTPUT (Prop_DSP_OUTPUT_DSP48E2_ALU_OUT[16]_P[16])
                                                      0.109     6.342 r  dut/u_shared_mul/u_primary_mul/int_prod__1/DSP_OUTPUT_INST/P[16]
                         net (fo=1, routed)           0.365     6.707    dut/u_shared_mul/u_primary_mul/int_prod__1_n_89
    SLICE_X49Y115        CARRY8 (Prop_CARRY8_SLICEM_S[0]_O[0])
                                                      0.065     6.772 f  dut/u_shared_mul/u_primary_mul/int_prod_carry/O[0]
                         net (fo=2, routed)           0.232     7.004    dut/u_shared_mul/u_primary_mul/int_prod__3__0[16]
    SLICE_X51Y116        LUT6 (Prop_G6LUT_SLICEL_I4_O)
                                                      0.050     7.054 f  dut/u_shared_mul/u_primary_mul/stage_a_result__0_i_3_comp/O
                         net (fo=1, routed)           0.267     7.321    dut/u_shared_mul/stage_a_result__0/A[16]
    DSP48E2_X7Y44        DSP_A_B_DATA (Prop_DSP_A_B_DATA_DSP48E2_A[16]_A2_DATA[16])
                                                      0.192     7.513 r  dut/u_shared_mul/stage_a_result__0/DSP_A_B_DATA_INST/A2_DATA[16]
                         net (fo=1, routed)           0.000     7.513    dut/u_shared_mul/stage_a_result__0/DSP_A_B_DATA.A2_DATA<16>
    DSP48E2_X7Y44        DSP_PREADD_DATA (Prop_DSP_PREADD_DATA_DSP48E2_A2_DATA[16]_A2A1[16])
                                                      0.076     7.589 r  dut/u_shared_mul/stage_a_result__0/DSP_PREADD_DATA_INST/A2A1[16]
                         net (fo=1, routed)           0.000     7.589    dut/u_shared_mul/stage_a_result__0/DSP_PREADD_DATA.A2A1<16>
    DSP48E2_X7Y44        DSP_MULTIPLIER (Prop_DSP_MULTIPLIER_DSP48E2_A2A1[16]_U[36])
                                                      0.505     8.094 f  dut/u_shared_mul/stage_a_result__0/DSP_MULTIPLIER_INST/U[36]
                         net (fo=1, routed)           0.000     8.094    dut/u_shared_mul/stage_a_result__0/DSP_MULTIPLIER.U<36>
    DSP48E2_X7Y44        DSP_M_DATA (Prop_DSP_M_DATA_DSP48E2_U[36]_U_DATA[36])
                                                      0.047     8.141 r  dut/u_shared_mul/stage_a_result__0/DSP_M_DATA_INST/U_DATA[36]
                         net (fo=1, routed)           0.000     8.141    dut/u_shared_mul/stage_a_result__0/DSP_M_DATA.U_DATA<36>
    DSP48E2_X7Y44        DSP_ALU (Prop_DSP_ALU_DSP48E2_U_DATA[36]_ALU_OUT[47])
                                                      0.585     8.726 f  dut/u_shared_mul/stage_a_result__0/DSP_ALU_INST/ALU_OUT[47]
                         net (fo=1, routed)           0.000     8.726    dut/u_shared_mul/stage_a_result__0/DSP_ALU.ALU_OUT<47>
    DSP48E2_X7Y44        DSP_OUTPUT (Prop_DSP_OUTPUT_DSP48E2_ALU_OUT[47]_PCOUT[47])
                                                      0.122     8.848 r  dut/u_shared_mul/stage_a_result__0/DSP_OUTPUT_INST/PCOUT[47]
                         net (fo=1, routed)           0.014     8.862    dut/u_shared_mul/stage_a_result__1/PCIN[47]
    DSP48E2_X7Y45        DSP_ALU (Prop_DSP_ALU_DSP48E2_PCIN[47]_ALU_OUT[4])
                                                      0.546     9.408 f  dut/u_shared_mul/stage_a_result__1/DSP_ALU_INST/ALU_OUT[4]
                         net (fo=1, routed)           0.000     9.408    dut/u_shared_mul/stage_a_result__1/DSP_ALU.ALU_OUT<4>
    DSP48E2_X7Y45        DSP_OUTPUT (Prop_DSP_OUTPUT_DSP48E2_ALU_OUT[4]_P[4])
                                                      0.109     9.517 r  dut/u_shared_mul/stage_a_result__1/DSP_OUTPUT_INST/P[4]
                         net (fo=2, routed)           0.302     9.819    dut/u_shared_mul/stage_a_result__1_n_101
    SLICE_X48Y112        LUT2 (Prop_F6LUT_SLICEL_I0_O)
                                                      0.049     9.868 r  dut/u_shared_mul/modp_tp_i_28/O
                         net (fo=1, routed)           0.011     9.879    dut/u_shared_mul/modp_tp_i_28_n_0
    SLICE_X48Y112        CARRY8 (Prop_CARRY8_SLICEL_S[5]_CO[7])
                                                      0.155    10.034 f  dut/u_shared_mul/modp_tp_i_17/CO[7]
                         net (fo=1, routed)           0.026    10.060    dut/u_shared_mul/modp_tp_i_17_n_0
    SLICE_X48Y113        CARRY8 (Prop_CARRY8_SLICEL_CI_O[1])
                                                      0.076    10.136 f  dut/u_shared_mul/modp_tp_i_16/O[1]
                         net (fo=2, routed)           0.137    10.273    dut/u_shared_mul/stage_a_result__2[25]
    SLICE_X49Y113        LUT5 (Prop_H6LUT_SLICEM_I4_O)
                                                      0.053    10.326 f  dut/u_shared_mul/modp_tp_i_7/O
                         net (fo=2, routed)           0.278    10.604    dut/u_shared_mul/modp_tp/B[8]
    DSP48E2_X8Y44        DSP_A_B_DATA (Prop_DSP_A_B_DATA_DSP48E2_B[8]_B2_DATA[8])
                                                      0.151    10.755 r  dut/u_shared_mul/modp_tp/DSP_A_B_DATA_INST/B2_DATA[8]
                         net (fo=1, routed)           0.000    10.755    dut/u_shared_mul/modp_tp/DSP_A_B_DATA.B2_DATA<8>
    DSP48E2_X8Y44        DSP_PREADD_DATA (Prop_DSP_PREADD_DATA_DSP48E2_B2_DATA[8]_B2B1[8])
                                                      0.073    10.828 r  dut/u_shared_mul/modp_tp/DSP_PREADD_DATA_INST/B2B1[8]
                         net (fo=1, routed)           0.000    10.828    dut/u_shared_mul/modp_tp/DSP_PREADD_DATA.B2B1<8>
    DSP48E2_X8Y44        DSP_MULTIPLIER (Prop_DSP_MULTIPLIER_DSP48E2_B2B1[8]_V[37])
                                                      0.609    11.437 f  dut/u_shared_mul/modp_tp/DSP_MULTIPLIER_INST/V[37]
                         net (fo=1, routed)           0.000    11.437    dut/u_shared_mul/modp_tp/DSP_MULTIPLIER.V<37>
    DSP48E2_X8Y44        DSP_M_DATA (Prop_DSP_M_DATA_DSP48E2_V[37]_V_DATA[37])
                                                      0.046    11.483 r  dut/u_shared_mul/modp_tp/DSP_M_DATA_INST/V_DATA[37]
                         net (fo=1, routed)           0.000    11.483    dut/u_shared_mul/modp_tp/DSP_M_DATA.V_DATA<37>
    DSP48E2_X8Y44        DSP_ALU (Prop_DSP_ALU_DSP48E2_V_DATA[37]_ALU_OUT[47])
                                                      0.571    12.054 f  dut/u_shared_mul/modp_tp/DSP_ALU_INST/ALU_OUT[47]
                         net (fo=1, routed)           0.000    12.054    dut/u_shared_mul/modp_tp/DSP_ALU.ALU_OUT<47>
    DSP48E2_X8Y44        DSP_OUTPUT (Prop_DSP_OUTPUT_DSP48E2_ALU_OUT[47]_PCOUT[47])
                                                      0.122    12.176 r  dut/u_shared_mul/modp_tp/DSP_OUTPUT_INST/PCOUT[47]
                         net (fo=1, routed)           0.014    12.190    dut/u_shared_mul/modp_tp__0/PCIN[47]
    DSP48E2_X8Y45        DSP_ALU (Prop_DSP_ALU_DSP48E2_PCIN[47]_ALU_OUT[0])
                                                      0.546    12.736 r  dut/u_shared_mul/modp_tp__0/DSP_ALU_INST/ALU_OUT[0]
                         net (fo=1, routed)           0.000    12.736    dut/u_shared_mul/modp_tp__0/DSP_ALU.ALU_OUT<0>
    DSP48E2_X8Y45        DSP_OUTPUT (Prop_DSP_OUTPUT_DSP48E2_ALU_OUT[0]_P[0])
                                                      0.109    12.845 f  dut/u_shared_mul/modp_tp__0/DSP_OUTPUT_INST/P[0]
                         net (fo=1, routed)           0.243    13.088    dut/u_shared_mul/modp_tp__0_n_105
    SLICE_X50Y109        LUT2 (Prop_C6LUT_SLICEM_I1_O)
                                                      0.098    13.186 r  dut/u_shared_mul/reg_B[0]_i_122/O
                         net (fo=1, routed)           0.021    13.207    dut/u_shared_mul/reg_B[0]_i_122_n_0
    SLICE_X50Y109        CARRY8 (Prop_CARRY8_SLICEM_S[2]_CO[7])
                                                      0.161    13.368 r  dut/u_shared_mul/reg_B_reg[0]_i_106/CO[7]
                         net (fo=1, routed)           0.026    13.394    dut/u_shared_mul/reg_B_reg[0]_i_106_n_0
    SLICE_X50Y110        CARRY8 (Prop_CARRY8_SLICEM_CI_O[5])
                                                      0.116    13.510 r  dut/u_shared_mul/reg_B_reg[23]_i_122/O[5]
                         net (fo=1, routed)           0.211    13.721    dut/u_shared_mul/u_primary_mul/modp_tp__3[29]
    SLICE_X49Y111        LUT4 (Prop_F6LUT_SLICEM_I3_O)
                                                      0.051    13.772 r  dut/u_shared_mul/u_primary_mul/reg_B[23]_i_106/O
                         net (fo=1, routed)           0.022    13.794    dut/u_shared_mul/u_primary_mul/reg_B[23]_i_106_n_0
    SLICE_X49Y111        CARRY8 (Prop_CARRY8_SLICEM_S[5]_CO[7])
                                                      0.159    13.953 r  dut/u_shared_mul/u_primary_mul/reg_B_reg[23]_i_31/CO[7]
                         net (fo=1, routed)           0.026    13.979    dut/u_shared_mul/u_primary_mul/reg_B_reg[23]_i_31_n_0
    SLICE_X49Y112        CARRY8 (Prop_CARRY8_SLICEM_CI_O[5])
                                                      0.116    14.095 r  dut/u_shared_mul/u_primary_mul/reg_B_reg[30]_i_19/O[5]
                         net (fo=2, routed)           0.280    14.375    dut/u_shared_mul/u_primary_mul/modp_shifted[22]
    SLICE_X52Y112        LUT2 (Prop_G6LUT_SLICEM_I0_O)
                                                      0.090    14.465 r  dut/u_shared_mul/u_primary_mul/reg_B[23]_i_33/O
                         net (fo=1, routed)           0.016    14.481    dut/u_shared_mul/u_primary_mul/reg_B[23]_i_33_n_0
    SLICE_X52Y112        CARRY8 (Prop_CARRY8_SLICEM_S[6]_CO[7])
                                                      0.117    14.598 r  dut/u_shared_mul/u_primary_mul/reg_B_reg[23]_i_10/CO[7]
                         net (fo=1, routed)           0.026    14.624    dut/u_shared_mul/u_primary_mul/reg_B_reg[23]_i_10_n_0
    SLICE_X52Y113        CARRY8 (Prop_CARRY8_SLICEM_CI_O[7])
                                                      0.116    14.740 r  dut/u_shared_mul/u_primary_mul/reg_B_reg[30]_i_7/O[7]
                         net (fo=32, routed)          0.274    15.014    dut/u_shared_mul/u_primary_mul/modp_sub[31]
    SLICE_X53Y111        LUT3 (Prop_F6LUT_SLICEM_I2_O)
                                                      0.037    15.051 r  dut/u_shared_mul/u_primary_mul/reg_B[0]_i_13/O
                         net (fo=1, routed)           0.022    15.073    dut/u_shared_mul/u_primary_mul/reg_B[0]_i_13_n_0
    SLICE_X53Y111        CARRY8 (Prop_CARRY8_SLICEM_S[5]_CO[7])
                                                      0.159    15.232 r  dut/u_shared_mul/u_primary_mul/reg_B_reg[0]_i_4/CO[7]
                         net (fo=1, routed)           0.026    15.258    dut/u_shared_mul/u_primary_mul/reg_B_reg[0]_i_4_n_0
    SLICE_X53Y112        CARRY8 (Prop_CARRY8_SLICEM_CI_O[3])
                                                      0.082    15.340 r  dut/u_shared_mul/u_primary_mul/reg_B_reg[23]_i_9/O[3]
                         net (fo=1, routed)           0.182    15.522    dut/u_shared_mul/u_primary_mul/data4[11]
    SLICE_X54Y112        LUT6 (Prop_C6LUT_SLICEL_I0_O)
                                                      0.035    15.557 r  dut/u_shared_mul/u_primary_mul/reg_B[11]_i_5/O
                         net (fo=1, routed)           0.010    15.567    dut/u_shared_mul/u_primary_mul/reg_B[11]_i_5_n_0
    SLICE_X54Y112        MUXF7 (Prop_F7MUX_CD_SLICEL_I1_O)
                                                      0.064    15.631 r  dut/u_shared_mul/u_primary_mul/reg_B_reg[11]_i_2/O
                         net (fo=15, routed)          0.299    15.930    dut/u_shared_mul/u_primary_mul/mul_res_lo[11]
    SLICE_X53Y108        LUT4 (Prop_E6LUT_SLICEM_I2_O)
                                                      0.091    16.021 r  dut/u_shared_mul/u_primary_mul/sig[15]_i_87/O
                         net (fo=1, routed)           0.014    16.035    dut/u_shared_mul/u_primary_mul/sig[15]_i_87_n_0
    SLICE_X53Y108        CARRY8 (Prop_CARRY8_SLICEM_S[4]_CO[7])
                                                      0.156    16.191 r  dut/u_shared_mul/u_primary_mul/sig_reg[15]_i_34/CO[7]
                         net (fo=1, routed)           0.026    16.217    dut/u_shared_mul/u_primary_mul/sig_reg[15]_i_34_n_0
    SLICE_X53Y109        CARRY8 (Prop_CARRY8_SLICEM_CI_O[0])
                                                      0.056    16.273 r  dut/u_shared_mul/u_primary_mul/sig_reg[15]_i_36/O[0]
                         net (fo=7, routed)           0.238    16.511    dut/u_shared_mul/u_primary_mul/p_0_in0
    SLICE_X52Y108        LUT2 (Prop_A6LUT_SLICEM_I1_O)
                                                      0.053    16.564 r  dut/u_shared_mul/u_primary_mul/sig[15]_i_75/O
                         net (fo=1, routed)           0.013    16.577    dut/u_shared_mul/u_primary_mul/sig[15]_i_75_n_0
    SLICE_X52Y108        CARRY8 (Prop_CARRY8_SLICEM_S[0]_CO[7])
                                                      0.192    16.769 r  dut/u_shared_mul/u_primary_mul/sig_reg[15]_i_33/CO[7]
                         net (fo=1, routed)           0.026    16.795    dut/u_shared_mul/u_primary_mul/sig_reg[15]_i_33_n_0
    SLICE_X52Y109        CARRY8 (Prop_CARRY8_SLICEM_CI_O[1])
                                                      0.076    16.871 r  dut/u_shared_mul/u_primary_mul/sig_reg[15]_i_8/O[1]
                         net (fo=1, routed)           0.334    17.205    dut/u_shared_mul/u_primary_mul/sig_reg[15]_i_8_n_14
    SLICE_X45Y109        LUT6 (Prop_D6LUT_SLICEL_I3_O)
                                                      0.050    17.255 r  dut/u_shared_mul/u_primary_mul/sig[9]_i_3/O
                         net (fo=1, routed)           0.084    17.339    dut/u_shared_mul/u_primary_mul/sig[9]_i_3_n_0
    SLICE_X44Y109        LUT6 (Prop_E6LUT_SLICEM_I2_O)
                                                      0.037    17.376 r  dut/u_shared_mul/u_primary_mul/sig[9]_i_1/O
                         net (fo=1, routed)           0.055    17.431    dut_n_23
    SLICE_X44Y109        FDCE                                         r  sig_reg[9]/D
  -------------------------------------------------------------------    -------------------

                         (clock clk rise edge)       14.000    14.000 r  
    D14                                               0.000    14.000 r  clk (IN)
                         net (fo=0)                   0.000    14.000    clk_IBUF_inst/I
    D14                  INBUF (Prop_INBUF_HDIOB_M_PAD_O)
                                                      0.495    14.495 r  clk_IBUF_inst/INBUF_INST/O
                         net (fo=1, routed)           0.000    14.495    clk_IBUF_inst/OUT
    D14                  IBUFCTRL (Prop_IBUFCTRL_HDIOB_M_I_O)
                                                      0.000    14.495 r  clk_IBUF_inst/IBUFCTRL_INST/O
                         net (fo=1, routed)           0.169    14.664    clk_IBUF
    BUFGCE_HDIO_X0Y7     BUFGCE (Prop_BUFCE_BUFGCE_HDIO_I_O)
                                                      0.024    14.688 r  clk_IBUF_BUFG_inst/O
    X1Y2 (CLOCK_ROOT)    net (fo=197, routed)         1.668    16.355    clk_IBUF_BUFG
    SLICE_X44Y109        FDCE                                         r  sig_reg[9]/C
                         clock pessimism              0.617    16.972    
                         clock uncertainty           -0.035    16.937    
    SLICE_X44Y109        FDCE (Setup_EFF_SLICEM_C_D)
                                                      0.025    16.962    sig_reg[9]
  -------------------------------------------------------------------
                         required time                         16.962    
                         arrival time                         -17.431    
  -------------------------------------------------------------------
                         slack                                 -0.470    




