Copyright 1986-2022 Xilinx, Inc. All Rights Reserved. Copyright 2022-2024 Advanced Micro Devices, Inc. All Rights Reserved.
---------------------------------------------------------------------------------------------------------------------------------------------
| Tool Version : Vivado v.2024.2 (win64) Build 5239630 Fri Nov 08 22:35:27 MST 2024
| Date         : Wed Sep  9 09:32:20 2026
| Host         : DESKTOP-OKV77IV running 64-bit major release  (build 9200)
| Command      : report_timing -delay_type max -max_paths 10 -nworst 10 -file reports/m0_followup/task5_after_routed_paths.rpt
| Design       : horcrux_char_wrapper
| Device       : 7z020-clg400
| Speed File   : -1  PRODUCTION 1.12 2019-11-22
| Design State : Routed
---------------------------------------------------------------------------------------------------------------------------------------------

Timing Report

Slack (MET) :             0.585ns  (required time - arrival time)
  Source:                 dut/id_stage_i/rs_values_o_reg[rs1][28]/C
                            (rising edge-triggered cell FDCE clocked by clk  {rise@0.000ns fall@22.500ns period=45.000ns})
  Destination:            sig_reg[18]/D
                            (rising edge-triggered cell FDCE clocked by clk  {rise@0.000ns fall@22.500ns period=45.000ns})
  Path Group:             clk
  Path Type:              Setup (Max at Slow Process Corner)
  Requirement:            45.000ns  (clk rise@45.000ns - clk rise@0.000ns)
  Data Path Delay:        44.341ns  (logic 27.675ns (62.414%)  route 16.666ns (37.586%))
  Logic Levels:           53  (CARRY4=26 DSP48E1=5 LUT2=7 LUT3=2 LUT4=5 LUT5=3 LUT6=4 MUXF7=1)
  Clock Path Skew:        -0.068ns (DCD - SCD + CPR)
    Destination Clock Delay (DCD):    4.470ns = ( 49.470 - 45.000 ) 
    Source Clock Delay      (SCD):    4.996ns
    Clock Pessimism Removal (CPR):    0.458ns
  Clock Uncertainty:      0.035ns  ((TSJ^2 + TIJ^2)^1/2 + DJ) / 2 + PE
    Total System Jitter     (TSJ):    0.071ns
    Total Input Jitter      (TIJ):    0.000ns
    Discrete Jitter          (DJ):    0.000ns
    Phase Error              (PE):    0.000ns

    Location             Delay type                Incr(ns)  Path(ns)    Netlist Resource(s)
  -------------------------------------------------------------------    -------------------
                         (clock clk rise edge)        0.000     0.000 r  
    U7                                                0.000     0.000 r  clk (IN)
                         net (fo=0)                   0.000     0.000    clk
    U7                   IBUF (Prop_ibuf_I_O)         1.058     1.058 r  clk_IBUF_inst/O
                         net (fo=1, routed)           2.171     3.229    clk_IBUF
    BUFGCTRL_X0Y0        BUFG (Prop_bufg_I_O)         0.101     3.330 r  clk_IBUF_BUFG_inst/O
                         net (fo=4221, routed)        1.666     4.996    dut/id_stage_i/clk_IBUF_BUFG
    SLICE_X37Y6          FDCE                                         r  dut/id_stage_i/rs_values_o_reg[rs1][28]/C
  -------------------------------------------------------------------    -------------------
    SLICE_X37Y6          FDCE (Prop_fdce_C_Q)         0.456     5.452 r  dut/id_stage_i/rs_values_o_reg[rs1][28]/Q
                         net (fo=153, routed)         1.079     6.532    dut/id_stage_i/rs_values_o[rs1][21]
    SLICE_X37Y5          LUT4 (Prop_lut4_I0_O)        0.124     6.656 r  dut/id_stage_i/int_prod_i_165/O
                         net (fo=1, routed)           0.000     6.656    dut/id_stage_i/int_prod_i_165_n_0
    SLICE_X37Y5          CARRY4 (Prop_carry4_S[2]_CO[3])
                                                      0.398     7.054 r  dut/id_stage_i/int_prod_i_156/CO[3]
                         net (fo=9, routed)           1.181     8.235    dut/id_stage_i/i_horcrux/multiplier_tree_inst/mul_op_b2
    SLICE_X36Y2          LUT4 (Prop_lut4_I1_O)        0.124     8.359 r  dut/id_stage_i/int_prod_i_146/O
                         net (fo=1, routed)           0.000     8.359    dut/id_stage_i/int_prod_i_146_n_0
    SLICE_X36Y2          CARRY4 (Prop_carry4_S[1]_CO[3])
                                                      0.533     8.892 r  dut/id_stage_i/int_prod_i_84/CO[3]
                         net (fo=1, routed)           0.000     8.892    dut/id_stage_i/int_prod_i_84_n_0
    SLICE_X36Y3          CARRY4 (Prop_carry4_CI_CO[3])
                                                      0.117     9.009 r  dut/id_stage_i/int_prod_i_81/CO[3]
                         net (fo=1, routed)           0.000     9.009    dut/id_stage_i/int_prod_i_81_n_0
    SLICE_X36Y4          CARRY4 (Prop_carry4_CI_CO[3])
                                                      0.117     9.126 r  dut/id_stage_i/int_prod_i_78/CO[3]
                         net (fo=1, routed)           0.000     9.126    dut/id_stage_i/int_prod_i_78_n_0
    SLICE_X36Y5          CARRY4 (Prop_carry4_CI_O[2])
                                                      0.239     9.365 r  dut/id_stage_i/int_prod_i_75/O[2]
                         net (fo=2, routed)           0.811    10.176    dut/id_stage_i/i_horcrux/multiplier_tree_inst/data2[14]
    SLICE_X36Y7          LUT3 (Prop_lut3_I0_O)        0.301    10.477 r  dut/id_stage_i/int_prod_i_42/O
                         net (fo=1, routed)           0.541    11.018    dut/id_stage_i/int_prod_i_42_n_0
    SLICE_X36Y7          LUT6 (Prop_lut6_I2_O)        0.124    11.142 r  dut/id_stage_i/int_prod_i_18/O
                         net (fo=35, routed)          0.495    11.637    dut/i_horcrux/multiplier_tree_inst/u_shared_mul/u_primary_mul/B[14]
    DSP48_X2Y2           DSP48E1 (Prop_dsp48e1_B[14]_PCOUT[47])
                                                      3.851    15.488 r  dut/i_horcrux/multiplier_tree_inst/u_shared_mul/u_primary_mul/int_prod__1/PCOUT[47]
                         net (fo=1, routed)           0.002    15.490    dut/i_horcrux/multiplier_tree_inst/u_shared_mul/u_primary_mul/int_prod__1_n_106
    DSP48_X2Y3           DSP48E1 (Prop_dsp48e1_PCIN[47]_P[0])
                                                      1.518    17.008 r  dut/i_horcrux/multiplier_tree_inst/u_shared_mul/u_primary_mul/int_prod__2/P[0]
                         net (fo=2, routed)           0.846    17.853    dut/i_horcrux/multiplier_tree_inst/u_shared_mul/u_primary_mul/int_prod__2_n_105
    SLICE_X34Y1          LUT2 (Prop_lut2_I0_O)        0.124    17.977 r  dut/i_horcrux/multiplier_tree_inst/u_shared_mul/u_primary_mul/int_prod_carry_i_3/O
                         net (fo=1, routed)           0.000    17.977    dut/i_horcrux/multiplier_tree_inst/u_shared_mul/u_primary_mul/int_prod_carry_i_3_n_0
    SLICE_X34Y1          CARRY4 (Prop_carry4_S[1]_CO[3])
                                                      0.533    18.510 r  dut/i_horcrux/multiplier_tree_inst/u_shared_mul/u_primary_mul/int_prod_carry/CO[3]
                         net (fo=1, routed)           0.000    18.510    dut/i_horcrux/multiplier_tree_inst/u_shared_mul/u_primary_mul/int_prod_carry_n_0
    SLICE_X34Y2          CARRY4 (Prop_carry4_CI_O[2])
                                                      0.239    18.749 r  dut/i_horcrux/multiplier_tree_inst/u_shared_mul/u_primary_mul/int_prod_carry__0/O[2]
                         net (fo=1, routed)           0.848    19.598    dut/id_stage_i/int_prod__140[6]
    SLICE_X35Y2          LUT6 (Prop_lut6_I5_O)        0.301    19.899 r  dut/id_stage_i/stage_a_result_i_40/O
                         net (fo=8, routed)           0.924    20.823    dut/id_stage_i/i_horcrux/multiplier_tree_inst/u_shared_mul/full_prod[22]
    SLICE_X23Y2          LUT4 (Prop_lut4_I3_O)        0.124    20.947 r  dut/id_stage_i/stage_a_result_i_16/O
                         net (fo=1, routed)           0.540    21.487    dut/i_horcrux/multiplier_tree_inst/u_shared_mul/stage_a_result_0[5]
    DSP48_X1Y0           DSP48E1 (Prop_dsp48e1_A[5]_P[3])
                                                      3.841    25.328 r  dut/i_horcrux/multiplier_tree_inst/u_shared_mul/stage_a_result/P[3]
                         net (fo=1, routed)           0.849    26.177    dut/i_horcrux/multiplier_tree_inst/u_shared_mul/stage_a_result_n_102
    SLICE_X20Y7          LUT2 (Prop_lut2_I1_O)        0.124    26.301 r  dut/i_horcrux/multiplier_tree_inst/u_shared_mul/modp_tp_i_31/O
                         net (fo=1, routed)           0.000    26.301    dut/i_horcrux/multiplier_tree_inst/u_shared_mul/modp_tp_i_31_n_0
    SLICE_X20Y7          CARRY4 (Prop_carry4_S[0]_CO[3])
                                                      0.513    26.814 r  dut/i_horcrux/multiplier_tree_inst/u_shared_mul/modp_tp_i_18/CO[3]
                         net (fo=1, routed)           0.000    26.814    dut/i_horcrux/multiplier_tree_inst/u_shared_mul/modp_tp_i_18_n_0
    SLICE_X20Y8          CARRY4 (Prop_carry4_CI_CO[3])
                                                      0.117    26.931 r  dut/i_horcrux/multiplier_tree_inst/u_shared_mul/modp_tp_i_17/CO[3]
                         net (fo=1, routed)           0.000    26.931    dut/i_horcrux/multiplier_tree_inst/u_shared_mul/modp_tp_i_17_n_0
    SLICE_X20Y9          CARRY4 (Prop_carry4_CI_O[2])
                                                      0.239    27.170 r  dut/i_horcrux/multiplier_tree_inst/u_shared_mul/modp_tp_i_16/O[2]
                         net (fo=2, routed)           0.665    27.835    dut/id_stage_i/stage_a_result__2[14]
    SLICE_X20Y13         LUT5 (Prop_lut5_I4_O)        0.301    28.136 r  dut/id_stage_i/modp_tp_i_2/O
                         net (fo=2, routed)           0.576    28.712    dut/i_horcrux/multiplier_tree_inst/u_shared_mul/modp_tp_0[14]
    DSP48_X1Y4           DSP48E1 (Prop_dsp48e1_B[13]_PCOUT[47])
                                                      3.851    32.563 r  dut/i_horcrux/multiplier_tree_inst/u_shared_mul/modp_tp/PCOUT[47]
                         net (fo=1, routed)           0.002    32.565    dut/i_horcrux/multiplier_tree_inst/u_shared_mul/modp_tp_n_106
    DSP48_X1Y5           DSP48E1 (Prop_dsp48e1_PCIN[47]_P[3])
                                                      1.518    34.083 r  dut/i_horcrux/multiplier_tree_inst/u_shared_mul/modp_tp__0/P[3]
                         net (fo=1, routed)           1.030    35.113    dut/i_horcrux/multiplier_tree_inst/u_shared_mul/modp_tp__0_n_102
    SLICE_X30Y11         LUT2 (Prop_lut2_I1_O)        0.124    35.237 r  dut/i_horcrux/multiplier_tree_inst/u_shared_mul/reg_B[11]_i_51/O
                         net (fo=1, routed)           0.000    35.237    dut/i_horcrux/multiplier_tree_inst/u_shared_mul/reg_B[11]_i_51_n_0
    SLICE_X30Y11         CARRY4 (Prop_carry4_S[1]_CO[3])
                                                      0.533    35.770 r  dut/i_horcrux/multiplier_tree_inst/u_shared_mul/reg_B_reg[11]_i_48/CO[3]
                         net (fo=1, routed)           0.000    35.770    dut/i_horcrux/multiplier_tree_inst/u_shared_mul/reg_B_reg[11]_i_48_n_0
    SLICE_X30Y12         CARRY4 (Prop_carry4_CI_CO[3])
                                                      0.117    35.887 r  dut/i_horcrux/multiplier_tree_inst/u_shared_mul/reg_B_reg[15]_i_41/CO[3]
                         net (fo=1, routed)           0.000    35.887    dut/i_horcrux/multiplier_tree_inst/u_shared_mul/reg_B_reg[15]_i_41_n_0
    SLICE_X30Y13         CARRY4 (Prop_carry4_CI_CO[3])
                                                      0.117    36.004 r  dut/i_horcrux/multiplier_tree_inst/u_shared_mul/reg_B_reg[19]_i_71/CO[3]
                         net (fo=1, routed)           0.000    36.004    dut/i_horcrux/multiplier_tree_inst/u_shared_mul/reg_B_reg[19]_i_71_n_0
    SLICE_X30Y14         CARRY4 (Prop_carry4_CI_CO[3])
                                                      0.117    36.121 r  dut/i_horcrux/multiplier_tree_inst/u_shared_mul/reg_B_reg[23]_i_77/CO[3]
                         net (fo=1, routed)           0.000    36.121    dut/i_horcrux/multiplier_tree_inst/u_shared_mul/reg_B_reg[23]_i_77_n_0
    SLICE_X30Y15         CARRY4 (Prop_carry4_CI_O[0])
                                                      0.219    36.340 r  dut/i_horcrux/multiplier_tree_inst/u_shared_mul/reg_B_reg[27]_i_73/O[0]
                         net (fo=1, routed)           0.625    36.965    dut/id_stage_i/modp_tp__3[36]
    SLICE_X31Y15         LUT4 (Prop_lut4_I3_O)        0.295    37.260 r  dut/id_stage_i/reg_B[27]_i_72/O
                         net (fo=1, routed)           0.000    37.260    dut/id_stage_i/reg_B[27]_i_72_n_0
    SLICE_X31Y15         CARRY4 (Prop_carry4_S[0]_CO[3])
                                                      0.532    37.792 r  dut/id_stage_i/reg_B_reg[27]_i_47/CO[3]
                         net (fo=1, routed)           0.000    37.792    dut/id_stage_i/reg_B_reg[27]_i_47_n_0
    SLICE_X31Y16         CARRY4 (Prop_carry4_CI_O[0])
                                                      0.222    38.014 r  dut/id_stage_i/reg_B_reg[31]_i_43/O[0]
                         net (fo=2, routed)           0.550    38.564    dut/id_stage_i/i_horcrux/multiplier_tree_inst/u_shared_mul/modp_shifted[25]
    SLICE_X32Y15         LUT2 (Prop_lut2_I0_O)        0.299    38.863 r  dut/id_stage_i/reg_B[27]_i_50/O
                         net (fo=1, routed)           0.000    38.863    dut/id_stage_i/reg_B[27]_i_50_n_0
    SLICE_X32Y15         CARRY4 (Prop_carry4_S[1]_CO[3])
                                                      0.533    39.396 r  dut/id_stage_i/reg_B_reg[27]_i_36/CO[3]
                         net (fo=1, routed)           0.000    39.396    dut/id_stage_i/reg_B_reg[27]_i_36_n_0
    SLICE_X32Y16         CARRY4 (Prop_carry4_CI_O[3])
                                                      0.315    39.711 r  dut/id_stage_i/reg_B_reg[31]_i_14/O[3]
                         net (fo=32, routed)          0.719    40.431    dut/id_stage_i/i_horcrux/multiplier_tree_inst/u_shared_mul/modp_sub[31]
    SLICE_X33Y11         LUT3 (Prop_lut3_I2_O)        0.307    40.738 r  dut/id_stage_i/reg_B[0]_i_14/O
                         net (fo=1, routed)           0.000    40.738    dut/id_stage_i/reg_B[0]_i_14_n_0
    SLICE_X33Y11         CARRY4 (Prop_carry4_S[1]_CO[3])
                                                      0.550    41.288 r  dut/id_stage_i/reg_B_reg[0]_i_4/CO[3]
                         net (fo=1, routed)           0.000    41.288    dut/id_stage_i/reg_B_reg[0]_i_4_n_0
    SLICE_X33Y12         CARRY4 (Prop_carry4_CI_CO[3])
                                                      0.114    41.402 r  dut/id_stage_i/reg_B_reg[7]_i_11/CO[3]
                         net (fo=1, routed)           0.000    41.402    dut/id_stage_i/reg_B_reg[7]_i_11_n_0
    SLICE_X33Y13         CARRY4 (Prop_carry4_CI_CO[3])
                                                      0.114    41.516 r  dut/id_stage_i/reg_B_reg[11]_i_9/CO[3]
                         net (fo=1, routed)           0.000    41.516    dut/id_stage_i/reg_B_reg[11]_i_9_n_0
    SLICE_X33Y14         CARRY4 (Prop_carry4_CI_O[2])
                                                      0.239    41.755 r  dut/id_stage_i/reg_B_reg[15]_i_7/O[2]
                         net (fo=1, routed)           0.733    42.487    dut/id_stage_i/i_horcrux/multiplier_tree_inst/u_shared_mul/data4[14]
    SLICE_X34Y17         LUT4 (Prop_lut4_I0_O)        0.302    42.789 r  dut/id_stage_i/reg_B[14]_i_4/O
                         net (fo=1, routed)           0.598    43.388    dut/id_stage_i/reg_B[14]_i_4_n_0
    SLICE_X34Y17         LUT5 (Prop_lut5_I0_O)        0.124    43.512 r  dut/id_stage_i/reg_B[14]_i_2/O
                         net (fo=15, routed)          0.543    44.055    dut/id_stage_i/i_horcrux/multiplier_tree_inst/mul_res_lo[14]
    SLICE_X41Y17         LUT2 (Prop_lut2_I1_O)        0.124    44.179 r  dut/id_stage_i/sig[31]_i_64/O
                         net (fo=1, routed)           0.000    44.179    dut/id_stage_i/sig[31]_i_64_n_0
    SLICE_X41Y17         CARRY4 (Prop_carry4_S[2]_CO[3])
                                                      0.398    44.577 r  dut/id_stage_i/sig_reg[31]_i_42/CO[3]
                         net (fo=1, routed)           0.000    44.577    dut/id_stage_i/sig_reg[31]_i_42_n_0
    SLICE_X41Y18         CARRY4 (Prop_carry4_CI_CO[0])
                                                      0.271    44.848 r  dut/id_stage_i/sig_reg[31]_i_43/CO[0]
                         net (fo=6, routed)           0.349    45.196    dut/id_stage_i/sig_reg[31]_i_43_n_3
    SLICE_X42Y17         LUT2 (Prop_lut2_I1_O)        0.373    45.569 r  dut/id_stage_i/sig[19]_i_30/O
                         net (fo=1, routed)           0.000    45.569    dut/id_stage_i/sig[19]_i_30_n_0
    SLICE_X42Y17         CARRY4 (Prop_carry4_S[0]_O[2])
                                                      0.544    46.113 r  dut/id_stage_i/sig_reg[19]_i_18/O[2]
                         net (fo=1, routed)           0.575    46.688    dut/id_stage_i/i_horcrux/multiplier_tree_inst/result_o0[2]
    SLICE_X41Y19         LUT6 (Prop_lut6_I3_O)        0.301    46.989 r  dut/id_stage_i/sig[18]_i_17/O
                         net (fo=1, routed)           0.000    46.989    dut/id_stage_i/sig[18]_i_17_n_0
    SLICE_X41Y19         MUXF7 (Prop_muxf7_I1_O)      0.217    47.206 r  dut/id_stage_i/sig_reg[18]_i_9/O
                         net (fo=1, routed)           0.637    47.843    dut/id_stage_i/sig_reg[18]_i_9_n_0
    SLICE_X49Y19         LUT5 (Prop_lut5_I4_O)        0.299    48.142 r  dut/id_stage_i/sig[18]_i_5/O
                         net (fo=1, routed)           0.544    48.687    dut/id_stage_i/sig[18]_i_5_n_0
    SLICE_X49Y16         LUT6 (Prop_lut6_I4_O)        0.124    48.811 r  dut/id_stage_i/sig[18]_i_2/O
                         net (fo=1, routed)           0.403    49.214    dut/id_stage_i/rd_values[rd1][18]
    SLICE_X49Y16         LUT2 (Prop_lut2_I0_O)        0.124    49.338 r  dut/id_stage_i/sig[18]_i_1/O
                         net (fo=1, routed)           0.000    49.338    dut_n_13
    SLICE_X49Y16         FDCE                                         r  sig_reg[18]/D
  -------------------------------------------------------------------    -------------------

                         (clock clk rise edge)       45.000    45.000 r  
    U7                                                0.000    45.000 r  clk (IN)
                         net (fo=0)                   0.000    45.000    clk
    U7                   IBUF (Prop_ibuf_I_O)         0.924    45.924 r  clk_IBUF_inst/O
                         net (fo=1, routed)           1.972    47.896    clk_IBUF
    BUFGCTRL_X0Y0        BUFG (Prop_bufg_I_O)         0.091    47.987 r  clk_IBUF_BUFG_inst/O
                         net (fo=4221, routed)        1.483    49.470    clk_IBUF_BUFG
    SLICE_X49Y16         FDCE                                         r  sig_reg[18]/C
                         clock pessimism              0.458    49.928    
                         clock uncertainty           -0.035    49.893    
    SLICE_X49Y16         FDCE (Setup_fdce_C_D)        0.029    49.922    sig_reg[18]
  -------------------------------------------------------------------
                         required time                         49.922    
                         arrival time                         -49.338    
  -------------------------------------------------------------------
                         slack                                  0.585    

Slack (MET) :             0.585ns  (required time - arrival time)
  Source:                 dut/id_stage_i/rs_values_o_reg[rs1][28]/C
                            (rising edge-triggered cell FDCE clocked by clk  {rise@0.000ns fall@22.500ns period=45.000ns})
  Destination:            sig_reg[18]/D
                            (rising edge-triggered cell FDCE clocked by clk  {rise@0.000ns fall@22.500ns period=45.000ns})
  Path Group:             clk
  Path Type:              Setup (Max at Slow Process Corner)
  Requirement:            45.000ns  (clk rise@45.000ns - clk rise@0.000ns)
  Data Path Delay:        44.341ns  (logic 27.675ns (62.414%)  route 16.666ns (37.586%))
  Logic Levels:           53  (CARRY4=26 DSP48E1=5 LUT2=7 LUT3=2 LUT4=5 LUT5=3 LUT6=4 MUXF7=1)
  Clock Path Skew:        -0.068ns (DCD - SCD + CPR)
    Destination Clock Delay (DCD):    4.470ns = ( 49.470 - 45.000 ) 
    Source Clock Delay      (SCD):    4.996ns
    Clock Pessimism Removal (CPR):    0.458ns
  Clock Uncertainty:      0.035ns  ((TSJ^2 + TIJ^2)^1/2 + DJ) / 2 + PE
    Total System Jitter     (TSJ):    0.071ns
    Total Input Jitter      (TIJ):    0.000ns
    Discrete Jitter          (DJ):    0.000ns
    Phase Error              (PE):    0.000ns

    Location             Delay type                Incr(ns)  Path(ns)    Netlist Resource(s)
  -------------------------------------------------------------------    -------------------
                         (clock clk rise edge)        0.000     0.000 r  
    U7                                                0.000     0.000 r  clk (IN)
                         net (fo=0)                   0.000     0.000    clk
    U7                   IBUF (Prop_ibuf_I_O)         1.058     1.058 r  clk_IBUF_inst/O
                         net (fo=1, routed)           2.171     3.229    clk_IBUF
    BUFGCTRL_X0Y0        BUFG (Prop_bufg_I_O)         0.101     3.330 r  clk_IBUF_BUFG_inst/O
                         net (fo=4221, routed)        1.666     4.996    dut/id_stage_i/clk_IBUF_BUFG
    SLICE_X37Y6          FDCE                                         r  dut/id_stage_i/rs_values_o_reg[rs1][28]/C
  -------------------------------------------------------------------    -------------------
    SLICE_X37Y6          FDCE (Prop_fdce_C_Q)         0.456     5.452 r  dut/id_stage_i/rs_values_o_reg[rs1][28]/Q
                         net (fo=153, routed)         1.079     6.532    dut/id_stage_i/rs_values_o[rs1][21]
    SLICE_X37Y5          LUT4 (Prop_lut4_I0_O)        0.124     6.656 r  dut/id_stage_i/int_prod_i_165/O
                         net (fo=1, routed)           0.000     6.656    dut/id_stage_i/int_prod_i_165_n_0
    SLICE_X37Y5          CARRY4 (Prop_carry4_S[2]_CO[3])
                                                      0.398     7.054 r  dut/id_stage_i/int_prod_i_156/CO[3]
                         net (fo=9, routed)           1.181     8.235    dut/id_stage_i/i_horcrux/multiplier_tree_inst/mul_op_b2
    SLICE_X36Y2          LUT4 (Prop_lut4_I1_O)        0.124     8.359 r  dut/id_stage_i/int_prod_i_146/O
                         net (fo=1, routed)           0.000     8.359    dut/id_stage_i/int_prod_i_146_n_0
    SLICE_X36Y2          CARRY4 (Prop_carry4_S[1]_CO[3])
                                                      0.533     8.892 r  dut/id_stage_i/int_prod_i_84/CO[3]
                         net (fo=1, routed)           0.000     8.892    dut/id_stage_i/int_prod_i_84_n_0
    SLICE_X36Y3          CARRY4 (Prop_carry4_CI_CO[3])
                                                      0.117     9.009 r  dut/id_stage_i/int_prod_i_81/CO[3]
                         net (fo=1, routed)           0.000     9.009    dut/id_stage_i/int_prod_i_81_n_0
    SLICE_X36Y4          CARRY4 (Prop_carry4_CI_CO[3])
                                                      0.117     9.126 r  dut/id_stage_i/int_prod_i_78/CO[3]
                         net (fo=1, routed)           0.000     9.126    dut/id_stage_i/int_prod_i_78_n_0
    SLICE_X36Y5          CARRY4 (Prop_carry4_CI_O[2])
                                                      0.239     9.365 f  dut/id_stage_i/int_prod_i_75/O[2]
                         net (fo=2, routed)           0.811    10.176    dut/id_stage_i/i_horcrux/multiplier_tree_inst/data2[14]
    SLICE_X36Y7          LUT3 (Prop_lut3_I0_O)        0.301    10.477 f  dut/id_stage_i/int_prod_i_42/O
                         net (fo=1, routed)           0.541    11.018    dut/id_stage_i/int_prod_i_42_n_0
    SLICE_X36Y7          LUT6 (Prop_lut6_I2_O)        0.124    11.142 f  dut/id_stage_i/int_prod_i_18/O
                         net (fo=35, routed)          0.495    11.637    dut/i_horcrux/multiplier_tree_inst/u_shared_mul/u_primary_mul/B[14]
    DSP48_X2Y2           DSP48E1 (Prop_dsp48e1_B[14]_PCOUT[47])
                                                      3.851    15.488 r  dut/i_horcrux/multiplier_tree_inst/u_shared_mul/u_primary_mul/int_prod__1/PCOUT[47]
                         net (fo=1, routed)           0.002    15.490    dut/i_horcrux/multiplier_tree_inst/u_shared_mul/u_primary_mul/int_prod__1_n_106
    DSP48_X2Y3           DSP48E1 (Prop_dsp48e1_PCIN[47]_P[0])
                                                      1.518    17.008 r  dut/i_horcrux/multiplier_tree_inst/u_shared_mul/u_primary_mul/int_prod__2/P[0]
                         net (fo=2, routed)           0.846    17.853    dut/i_horcrux/multiplier_tree_inst/u_shared_mul/u_primary_mul/int_prod__2_n_105
    SLICE_X34Y1          LUT2 (Prop_lut2_I0_O)        0.124    17.977 r  dut/i_horcrux/multiplier_tree_inst/u_shared_mul/u_primary_mul/int_prod_carry_i_3/O
                         net (fo=1, routed)           0.000    17.977    dut/i_horcrux/multiplier_tree_inst/u_shared_mul/u_primary_mul/int_prod_carry_i_3_n_0
    SLICE_X34Y1          CARRY4 (Prop_carry4_S[1]_CO[3])
                                                      0.533    18.510 r  dut/i_horcrux/multiplier_tree_inst/u_shared_mul/u_primary_mul/int_prod_carry/CO[3]
                         net (fo=1, routed)           0.000    18.510    dut/i_horcrux/multiplier_tree_inst/u_shared_mul/u_primary_mul/int_prod_carry_n_0
    SLICE_X34Y2          CARRY4 (Prop_carry4_CI_O[2])
                                                      0.239    18.749 r  dut/i_horcrux/multiplier_tree_inst/u_shared_mul/u_primary_mul/int_prod_carry__0/O[2]
                         net (fo=1, routed)           0.848    19.598    dut/id_stage_i/int_prod__140[6]
    SLICE_X35Y2          LUT6 (Prop_lut6_I5_O)        0.301    19.899 r  dut/id_stage_i/stage_a_result_i_40/O
                         net (fo=8, routed)           0.924    20.823    dut/id_stage_i/i_horcrux/multiplier_tree_inst/u_shared_mul/full_prod[22]
    SLICE_X23Y2          LUT4 (Prop_lut4_I3_O)        0.124    20.947 r  dut/id_stage_i/stage_a_result_i_16/O
                         net (fo=1, routed)           0.540    21.487    dut/i_horcrux/multiplier_tree_inst/u_shared_mul/stage_a_result_0[5]
    DSP48_X1Y0           DSP48E1 (Prop_dsp48e1_A[5]_P[3])
                                                      3.841    25.328 r  dut/i_horcrux/multiplier_tree_inst/u_shared_mul/stage_a_result/P[3]
                         net (fo=1, routed)           0.849    26.177    dut/i_horcrux/multiplier_tree_inst/u_shared_mul/stage_a_result_n_102
    SLICE_X20Y7          LUT2 (Prop_lut2_I1_O)        0.124    26.301 r  dut/i_horcrux/multiplier_tree_inst/u_shared_mul/modp_tp_i_31/O
                         net (fo=1, routed)           0.000    26.301    dut/i_horcrux/multiplier_tree_inst/u_shared_mul/modp_tp_i_31_n_0
    SLICE_X20Y7          CARRY4 (Prop_carry4_S[0]_CO[3])
                                                      0.513    26.814 r  dut/i_horcrux/multiplier_tree_inst/u_shared_mul/modp_tp_i_18/CO[3]
                         net (fo=1, routed)           0.000    26.814    dut/i_horcrux/multiplier_tree_inst/u_shared_mul/modp_tp_i_18_n_0
    SLICE_X20Y8          CARRY4 (Prop_carry4_CI_CO[3])
                                                      0.117    26.931 r  dut/i_horcrux/multiplier_tree_inst/u_shared_mul/modp_tp_i_17/CO[3]
                         net (fo=1, routed)           0.000    26.931    dut/i_horcrux/multiplier_tree_inst/u_shared_mul/modp_tp_i_17_n_0
    SLICE_X20Y9          CARRY4 (Prop_carry4_CI_O[2])
                                                      0.239    27.170 r  dut/i_horcrux/multiplier_tree_inst/u_shared_mul/modp_tp_i_16/O[2]
                         net (fo=2, routed)           0.665    27.835    dut/id_stage_i/stage_a_result__2[14]
    SLICE_X20Y13         LUT5 (Prop_lut5_I4_O)        0.301    28.136 r  dut/id_stage_i/modp_tp_i_2/O
                         net (fo=2, routed)           0.576    28.712    dut/i_horcrux/multiplier_tree_inst/u_shared_mul/modp_tp_0[14]
    DSP48_X1Y4           DSP48E1 (Prop_dsp48e1_B[13]_PCOUT[47])
                                                      3.851    32.563 r  dut/i_horcrux/multiplier_tree_inst/u_shared_mul/modp_tp/PCOUT[47]
                         net (fo=1, routed)           0.002    32.565    dut/i_horcrux/multiplier_tree_inst/u_shared_mul/modp_tp_n_106
    DSP48_X1Y5           DSP48E1 (Prop_dsp48e1_PCIN[47]_P[3])
                                                      1.518    34.083 r  dut/i_horcrux/multiplier_tree_inst/u_shared_mul/modp_tp__0/P[3]
                         net (fo=1, routed)           1.030    35.113    dut/i_horcrux/multiplier_tree_inst/u_shared_mul/modp_tp__0_n_102
    SLICE_X30Y11         LUT2 (Prop_lut2_I1_O)        0.124    35.237 r  dut/i_horcrux/multiplier_tree_inst/u_shared_mul/reg_B[11]_i_51/O
                         net (fo=1, routed)           0.000    35.237    dut/i_horcrux/multiplier_tree_inst/u_shared_mul/reg_B[11]_i_51_n_0
    SLICE_X30Y11         CARRY4 (Prop_carry4_S[1]_CO[3])
                                                      0.533    35.770 r  dut/i_horcrux/multiplier_tree_inst/u_shared_mul/reg_B_reg[11]_i_48/CO[3]
                         net (fo=1, routed)           0.000    35.770    dut/i_horcrux/multiplier_tree_inst/u_shared_mul/reg_B_reg[11]_i_48_n_0
    SLICE_X30Y12         CARRY4 (Prop_carry4_CI_CO[3])
                                                      0.117    35.887 r  dut/i_horcrux/multiplier_tree_inst/u_shared_mul/reg_B_reg[15]_i_41/CO[3]
                         net (fo=1, routed)           0.000    35.887    dut/i_horcrux/multiplier_tree_inst/u_shared_mul/reg_B_reg[15]_i_41_n_0
    SLICE_X30Y13         CARRY4 (Prop_carry4_CI_CO[3])
                                                      0.117    36.004 r  dut/i_horcrux/multiplier_tree_inst/u_shared_mul/reg_B_reg[19]_i_71/CO[3]
                         net (fo=1, routed)           0.000    36.004    dut/i_horcrux/multiplier_tree_inst/u_shared_mul/reg_B_reg[19]_i_71_n_0
    SLICE_X30Y14         CARRY4 (Prop_carry4_CI_CO[3])
                                                      0.117    36.121 r  dut/i_horcrux/multiplier_tree_inst/u_shared_mul/reg_B_reg[23]_i_77/CO[3]
                         net (fo=1, routed)           0.000    36.121    dut/i_horcrux/multiplier_tree_inst/u_shared_mul/reg_B_reg[23]_i_77_n_0
    SLICE_X30Y15         CARRY4 (Prop_carry4_CI_O[0])
                                                      0.219    36.340 r  dut/i_horcrux/multiplier_tree_inst/u_shared_mul/reg_B_reg[27]_i_73/O[0]
                         net (fo=1, routed)           0.625    36.965    dut/id_stage_i/modp_tp__3[36]
    SLICE_X31Y15         LUT4 (Prop_lut4_I3_O)        0.295    37.260 r  dut/id_stage_i/reg_B[27]_i_72/O
                         net (fo=1, routed)           0.000    37.260    dut/id_stage_i/reg_B[27]_i_72_n_0
    SLICE_X31Y15         CARRY4 (Prop_carry4_S[0]_CO[3])
                                                      0.532    37.792 r  dut/id_stage_i/reg_B_reg[27]_i_47/CO[3]
                         net (fo=1, routed)           0.000    37.792    dut/id_stage_i/reg_B_reg[27]_i_47_n_0
    SLICE_X31Y16         CARRY4 (Prop_carry4_CI_O[0])
                                                      0.222    38.014 r  dut/id_stage_i/reg_B_reg[31]_i_43/O[0]
                         net (fo=2, routed)           0.550    38.564    dut/id_stage_i/i_horcrux/multiplier_tree_inst/u_shared_mul/modp_shifted[25]
    SLICE_X32Y15         LUT2 (Prop_lut2_I0_O)        0.299    38.863 r  dut/id_stage_i/reg_B[27]_i_50/O
                         net (fo=1, routed)           0.000    38.863    dut/id_stage_i/reg_B[27]_i_50_n_0
    SLICE_X32Y15         CARRY4 (Prop_carry4_S[1]_CO[3])
                                                      0.533    39.396 r  dut/id_stage_i/reg_B_reg[27]_i_36/CO[3]
                         net (fo=1, routed)           0.000    39.396    dut/id_stage_i/reg_B_reg[27]_i_36_n_0
    SLICE_X32Y16         CARRY4 (Prop_carry4_CI_O[3])
                                                      0.315    39.711 r  dut/id_stage_i/reg_B_reg[31]_i_14/O[3]
                         net (fo=32, routed)          0.719    40.431    dut/id_stage_i/i_horcrux/multiplier_tree_inst/u_shared_mul/modp_sub[31]
    SLICE_X33Y11         LUT3 (Prop_lut3_I2_O)        0.307    40.738 r  dut/id_stage_i/reg_B[0]_i_14/O
                         net (fo=1, routed)           0.000    40.738    dut/id_stage_i/reg_B[0]_i_14_n_0
    SLICE_X33Y11         CARRY4 (Prop_carry4_S[1]_CO[3])
                                                      0.550    41.288 r  dut/id_stage_i/reg_B_reg[0]_i_4/CO[3]
                         net (fo=1, routed)           0.000    41.288    dut/id_stage_i/reg_B_reg[0]_i_4_n_0
    SLICE_X33Y12         CARRY4 (Prop_carry4_CI_CO[3])
                                                      0.114    41.402 r  dut/id_stage_i/reg_B_reg[7]_i_11/CO[3]
                         net (fo=1, routed)           0.000    41.402    dut/id_stage_i/reg_B_reg[7]_i_11_n_0
    SLICE_X33Y13         CARRY4 (Prop_carry4_CI_CO[3])
                                                      0.114    41.516 r  dut/id_stage_i/reg_B_reg[11]_i_9/CO[3]
                         net (fo=1, routed)           0.000    41.516    dut/id_stage_i/reg_B_reg[11]_i_9_n_0
    SLICE_X33Y14         CARRY4 (Prop_carry4_CI_O[2])
                                                      0.239    41.755 r  dut/id_stage_i/reg_B_reg[15]_i_7/O[2]
                         net (fo=1, routed)           0.733    42.487    dut/id_stage_i/i_horcrux/multiplier_tree_inst/u_shared_mul/data4[14]
    SLICE_X34Y17         LUT4 (Prop_lut4_I0_O)        0.302    42.789 r  dut/id_stage_i/reg_B[14]_i_4/O
                         net (fo=1, routed)           0.598    43.388    dut/id_stage_i/reg_B[14]_i_4_n_0
    SLICE_X34Y17         LUT5 (Prop_lut5_I0_O)        0.124    43.512 r  dut/id_stage_i/reg_B[14]_i_2/O
                         net (fo=15, routed)          0.543    44.055    dut/id_stage_i/i_horcrux/multiplier_tree_inst/mul_res_lo[14]
    SLICE_X41Y17         LUT2 (Prop_lut2_I1_O)        0.124    44.179 r  dut/id_stage_i/sig[31]_i_64/O
                         net (fo=1, routed)           0.000    44.179    dut/id_stage_i/sig[31]_i_64_n_0
    SLICE_X41Y17         CARRY4 (Prop_carry4_S[2]_CO[3])
                                                      0.398    44.577 r  dut/id_stage_i/sig_reg[31]_i_42/CO[3]
                         net (fo=1, routed)           0.000    44.577    dut/id_stage_i/sig_reg[31]_i_42_n_0
    SLICE_X41Y18         CARRY4 (Prop_carry4_CI_CO[0])
                                                      0.271    44.848 r  dut/id_stage_i/sig_reg[31]_i_43/CO[0]
                         net (fo=6, routed)           0.349    45.196    dut/id_stage_i/sig_reg[31]_i_43_n_3
    SLICE_X42Y17         LUT2 (Prop_lut2_I1_O)        0.373    45.569 r  dut/id_stage_i/sig[19]_i_30/O
                         net (fo=1, routed)           0.000    45.569    dut/id_stage_i/sig[19]_i_30_n_0
    SLICE_X42Y17         CARRY4 (Prop_carry4_S[0]_O[2])
                                                      0.544    46.113 r  dut/id_stage_i/sig_reg[19]_i_18/O[2]
                         net (fo=1, routed)           0.575    46.688    dut/id_stage_i/i_horcrux/multiplier_tree_inst/result_o0[2]
    SLICE_X41Y19         LUT6 (Prop_lut6_I3_O)        0.301    46.989 r  dut/id_stage_i/sig[18]_i_17/O
                         net (fo=1, routed)           0.000    46.989    dut/id_stage_i/sig[18]_i_17_n_0
    SLICE_X41Y19         MUXF7 (Prop_muxf7_I1_O)      0.217    47.206 r  dut/id_stage_i/sig_reg[18]_i_9/O
                         net (fo=1, routed)           0.637    47.843    dut/id_stage_i/sig_reg[18]_i_9_n_0
    SLICE_X49Y19         LUT5 (Prop_lut5_I4_O)        0.299    48.142 r  dut/id_stage_i/sig[18]_i_5/O
                         net (fo=1, routed)           0.544    48.687    dut/id_stage_i/sig[18]_i_5_n_0
    SLICE_X49Y16         LUT6 (Prop_lut6_I4_O)        0.124    48.811 r  dut/id_stage_i/sig[18]_i_2/O
                         net (fo=1, routed)           0.403    49.214    dut/id_stage_i/rd_values[rd1][18]
    SLICE_X49Y16         LUT2 (Prop_lut2_I0_O)        0.124    49.338 r  dut/id_stage_i/sig[18]_i_1/O
                         net (fo=1, routed)           0.000    49.338    dut_n_13
    SLICE_X49Y16         FDCE                                         r  sig_reg[18]/D
  -------------------------------------------------------------------    -------------------

                         (clock clk rise edge)       45.000    45.000 r  
    U7                                                0.000    45.000 r  clk (IN)
                         net (fo=0)                   0.000    45.000    clk
    U7                   IBUF (Prop_ibuf_I_O)         0.924    45.924 r  clk_IBUF_inst/O
                         net (fo=1, routed)           1.972    47.896    clk_IBUF
    BUFGCTRL_X0Y0        BUFG (Prop_bufg_I_O)         0.091    47.987 r  clk_IBUF_BUFG_inst/O
                         net (fo=4221, routed)        1.483    49.470    clk_IBUF_BUFG
    SLICE_X49Y16         FDCE                                         r  sig_reg[18]/C
                         clock pessimism              0.458    49.928    
                         clock uncertainty           -0.035    49.893    
    SLICE_X49Y16         FDCE (Setup_fdce_C_D)        0.029    49.922    sig_reg[18]
  -------------------------------------------------------------------
                         required time                         49.922    
                         arrival time                         -49.338    
  -------------------------------------------------------------------
                         slack                                  0.585    

Slack (MET) :             0.585ns  (required time - arrival time)
  Source:                 dut/id_stage_i/rs_values_o_reg[rs1][28]/C
                            (rising edge-triggered cell FDCE clocked by clk  {rise@0.000ns fall@22.500ns period=45.000ns})
  Destination:            sig_reg[18]/D
                            (rising edge-triggered cell FDCE clocked by clk  {rise@0.000ns fall@22.500ns period=45.000ns})
  Path Group:             clk
  Path Type:              Setup (Max at Slow Process Corner)
  Requirement:            45.000ns  (clk rise@45.000ns - clk rise@0.000ns)
  Data Path Delay:        44.341ns  (logic 27.675ns (62.414%)  route 16.666ns (37.586%))
  Logic Levels:           53  (CARRY4=26 DSP48E1=5 LUT2=7 LUT3=2 LUT4=5 LUT5=3 LUT6=4 MUXF7=1)
  Clock Path Skew:        -0.068ns (DCD - SCD + CPR)
    Destination Clock Delay (DCD):    4.470ns = ( 49.470 - 45.000 ) 
    Source Clock Delay      (SCD):    4.996ns
    Clock Pessimism Removal (CPR):    0.458ns
  Clock Uncertainty:      0.035ns  ((TSJ^2 + TIJ^2)^1/2 + DJ) / 2 + PE
    Total System Jitter     (TSJ):    0.071ns
    Total Input Jitter      (TIJ):    0.000ns
    Discrete Jitter          (DJ):    0.000ns
    Phase Error              (PE):    0.000ns

    Location             Delay type                Incr(ns)  Path(ns)    Netlist Resource(s)
  -------------------------------------------------------------------    -------------------
                         (clock clk rise edge)        0.000     0.000 r  
    U7                                                0.000     0.000 r  clk (IN)
                         net (fo=0)                   0.000     0.000    clk
    U7                   IBUF (Prop_ibuf_I_O)         1.058     1.058 r  clk_IBUF_inst/O
                         net (fo=1, routed)           2.171     3.229    clk_IBUF
    BUFGCTRL_X0Y0        BUFG (Prop_bufg_I_O)         0.101     3.330 r  clk_IBUF_BUFG_inst/O
                         net (fo=4221, routed)        1.666     4.996    dut/id_stage_i/clk_IBUF_BUFG
    SLICE_X37Y6          FDCE                                         r  dut/id_stage_i/rs_values_o_reg[rs1][28]/C
  -------------------------------------------------------------------    -------------------
    SLICE_X37Y6          FDCE (Prop_fdce_C_Q)         0.456     5.452 r  dut/id_stage_i/rs_values_o_reg[rs1][28]/Q
                         net (fo=153, routed)         1.079     6.532    dut/id_stage_i/rs_values_o[rs1][21]
    SLICE_X37Y5          LUT4 (Prop_lut4_I0_O)        0.124     6.656 r  dut/id_stage_i/int_prod_i_165/O
                         net (fo=1, routed)           0.000     6.656    dut/id_stage_i/int_prod_i_165_n_0
    SLICE_X37Y5          CARRY4 (Prop_carry4_S[2]_CO[3])
                                                      0.398     7.054 r  dut/id_stage_i/int_prod_i_156/CO[3]
                         net (fo=9, routed)           1.181     8.235    dut/id_stage_i/i_horcrux/multiplier_tree_inst/mul_op_b2
    SLICE_X36Y2          LUT4 (Prop_lut4_I1_O)        0.124     8.359 r  dut/id_stage_i/int_prod_i_146/O
                         net (fo=1, routed)           0.000     8.359    dut/id_stage_i/int_prod_i_146_n_0
    SLICE_X36Y2          CARRY4 (Prop_carry4_S[1]_CO[3])
                                                      0.533     8.892 r  dut/id_stage_i/int_prod_i_84/CO[3]
                         net (fo=1, routed)           0.000     8.892    dut/id_stage_i/int_prod_i_84_n_0
    SLICE_X36Y3          CARRY4 (Prop_carry4_CI_CO[3])
                                                      0.117     9.009 r  dut/id_stage_i/int_prod_i_81/CO[3]
                         net (fo=1, routed)           0.000     9.009    dut/id_stage_i/int_prod_i_81_n_0
    SLICE_X36Y4          CARRY4 (Prop_carry4_CI_CO[3])
                                                      0.117     9.126 r  dut/id_stage_i/int_prod_i_78/CO[3]
                         net (fo=1, routed)           0.000     9.126    dut/id_stage_i/int_prod_i_78_n_0
    SLICE_X36Y5          CARRY4 (Prop_carry4_CI_O[2])
                                                      0.239     9.365 r  dut/id_stage_i/int_prod_i_75/O[2]
                         net (fo=2, routed)           0.811    10.176    dut/id_stage_i/i_horcrux/multiplier_tree_inst/data2[14]
    SLICE_X36Y7          LUT3 (Prop_lut3_I0_O)        0.301    10.477 r  dut/id_stage_i/int_prod_i_42/O
                         net (fo=1, routed)           0.541    11.018    dut/id_stage_i/int_prod_i_42_n_0
    SLICE_X36Y7          LUT6 (Prop_lut6_I2_O)        0.124    11.142 r  dut/id_stage_i/int_prod_i_18/O
                         net (fo=35, routed)          0.495    11.637    dut/i_horcrux/multiplier_tree_inst/u_shared_mul/u_primary_mul/B[14]
    DSP48_X2Y2           DSP48E1 (Prop_dsp48e1_B[14]_PCOUT[47])
                                                      3.851    15.488 r  dut/i_horcrux/multiplier_tree_inst/u_shared_mul/u_primary_mul/int_prod__1/PCOUT[47]
                         net (fo=1, routed)           0.002    15.490    dut/i_horcrux/multiplier_tree_inst/u_shared_mul/u_primary_mul/int_prod__1_n_106
    DSP48_X2Y3           DSP48E1 (Prop_dsp48e1_PCIN[47]_P[0])
                                                      1.518    17.008 r  dut/i_horcrux/multiplier_tree_inst/u_shared_mul/u_primary_mul/int_prod__2/P[0]
                         net (fo=2, routed)           0.846    17.853    dut/i_horcrux/multiplier_tree_inst/u_shared_mul/u_primary_mul/int_prod__2_n_105
    SLICE_X34Y1          LUT2 (Prop_lut2_I0_O)        0.124    17.977 f  dut/i_horcrux/multiplier_tree_inst/u_shared_mul/u_primary_mul/int_prod_carry_i_3/O
                         net (fo=1, routed)           0.000    17.977    dut/i_horcrux/multiplier_tree_inst/u_shared_mul/u_primary_mul/int_prod_carry_i_3_n_0
    SLICE_X34Y1          CARRY4 (Prop_carry4_S[1]_CO[3])
                                                      0.533    18.510 r  dut/i_horcrux/multiplier_tree_inst/u_shared_mul/u_primary_mul/int_prod_carry/CO[3]
                         net (fo=1, routed)           0.000    18.510    dut/i_horcrux/multiplier_tree_inst/u_shared_mul/u_primary_mul/int_prod_carry_n_0
    SLICE_X34Y2          CARRY4 (Prop_carry4_CI_O[2])
                                                      0.239    18.749 r  dut/i_horcrux/multiplier_tree_inst/u_shared_mul/u_primary_mul/int_prod_carry__0/O[2]
                         net (fo=1, routed)           0.848    19.598    dut/id_stage_i/int_prod__140[6]
    SLICE_X35Y2          LUT6 (Prop_lut6_I5_O)        0.301    19.899 r  dut/id_stage_i/stage_a_result_i_40/O
                         net (fo=8, routed)           0.924    20.823    dut/id_stage_i/i_horcrux/multiplier_tree_inst/u_shared_mul/full_prod[22]
    SLICE_X23Y2          LUT4 (Prop_lut4_I3_O)        0.124    20.947 r  dut/id_stage_i/stage_a_result_i_16/O
                         net (fo=1, routed)           0.540    21.487    dut/i_horcrux/multiplier_tree_inst/u_shared_mul/stage_a_result_0[5]
    DSP48_X1Y0           DSP48E1 (Prop_dsp48e1_A[5]_P[3])
                                                      3.841    25.328 r  dut/i_horcrux/multiplier_tree_inst/u_shared_mul/stage_a_result/P[3]
                         net (fo=1, routed)           0.849    26.177    dut/i_horcrux/multiplier_tree_inst/u_shared_mul/stage_a_result_n_102
    SLICE_X20Y7          LUT2 (Prop_lut2_I1_O)        0.124    26.301 r  dut/i_horcrux/multiplier_tree_inst/u_shared_mul/modp_tp_i_31/O
                         net (fo=1, routed)           0.000    26.301    dut/i_horcrux/multiplier_tree_inst/u_shared_mul/modp_tp_i_31_n_0
    SLICE_X20Y7          CARRY4 (Prop_carry4_S[0]_CO[3])
                                                      0.513    26.814 r  dut/i_horcrux/multiplier_tree_inst/u_shared_mul/modp_tp_i_18/CO[3]
                         net (fo=1, routed)           0.000    26.814    dut/i_horcrux/multiplier_tree_inst/u_shared_mul/modp_tp_i_18_n_0
    SLICE_X20Y8          CARRY4 (Prop_carry4_CI_CO[3])
                                                      0.117    26.931 r  dut/i_horcrux/multiplier_tree_inst/u_shared_mul/modp_tp_i_17/CO[3]
                         net (fo=1, routed)           0.000    26.931    dut/i_horcrux/multiplier_tree_inst/u_shared_mul/modp_tp_i_17_n_0
    SLICE_X20Y9          CARRY4 (Prop_carry4_CI_O[2])
                                                      0.239    27.170 r  dut/i_horcrux/multiplier_tree_inst/u_shared_mul/modp_tp_i_16/O[2]
                         net (fo=2, routed)           0.665    27.835    dut/id_stage_i/stage_a_result__2[14]
    SLICE_X20Y13         LUT5 (Prop_lut5_I4_O)        0.301    28.136 r  dut/id_stage_i/modp_tp_i_2/O
                         net (fo=2, routed)           0.576    28.712    dut/i_horcrux/multiplier_tree_inst/u_shared_mul/modp_tp_0[14]
    DSP48_X1Y4           DSP48E1 (Prop_dsp48e1_B[13]_PCOUT[47])
                                                      3.851    32.563 r  dut/i_horcrux/multiplier_tree_inst/u_shared_mul/modp_tp/PCOUT[47]
                         net (fo=1, routed)           0.002    32.565    dut/i_horcrux/multiplier_tree_inst/u_shared_mul/modp_tp_n_106
    DSP48_X1Y5           DSP48E1 (Prop_dsp48e1_PCIN[47]_P[3])
                                                      1.518    34.083 r  dut/i_horcrux/multiplier_tree_inst/u_shared_mul/modp_tp__0/P[3]
                         net (fo=1, routed)           1.030    35.113    dut/i_horcrux/multiplier_tree_inst/u_shared_mul/modp_tp__0_n_102
    SLICE_X30Y11         LUT2 (Prop_lut2_I1_O)        0.124    35.237 r  dut/i_horcrux/multiplier_tree_inst/u_shared_mul/reg_B[11]_i_51/O
                         net (fo=1, routed)           0.000    35.237    dut/i_horcrux/multiplier_tree_inst/u_shared_mul/reg_B[11]_i_51_n_0
    SLICE_X30Y11         CARRY4 (Prop_carry4_S[1]_CO[3])
                                                      0.533    35.770 r  dut/i_horcrux/multiplier_tree_inst/u_shared_mul/reg_B_reg[11]_i_48/CO[3]
                         net (fo=1, routed)           0.000    35.770    dut/i_horcrux/multiplier_tree_inst/u_shared_mul/reg_B_reg[11]_i_48_n_0
    SLICE_X30Y12         CARRY4 (Prop_carry4_CI_CO[3])
                                                      0.117    35.887 r  dut/i_horcrux/multiplier_tree_inst/u_shared_mul/reg_B_reg[15]_i_41/CO[3]
                         net (fo=1, routed)           0.000    35.887    dut/i_horcrux/multiplier_tree_inst/u_shared_mul/reg_B_reg[15]_i_41_n_0
    SLICE_X30Y13         CARRY4 (Prop_carry4_CI_CO[3])
                                                      0.117    36.004 r  dut/i_horcrux/multiplier_tree_inst/u_shared_mul/reg_B_reg[19]_i_71/CO[3]
                         net (fo=1, routed)           0.000    36.004    dut/i_horcrux/multiplier_tree_inst/u_shared_mul/reg_B_reg[19]_i_71_n_0
    SLICE_X30Y14         CARRY4 (Prop_carry4_CI_CO[3])
                                                      0.117    36.121 r  dut/i_horcrux/multiplier_tree_inst/u_shared_mul/reg_B_reg[23]_i_77/CO[3]
                         net (fo=1, routed)           0.000    36.121    dut/i_horcrux/multiplier_tree_inst/u_shared_mul/reg_B_reg[23]_i_77_n_0
    SLICE_X30Y15         CARRY4 (Prop_carry4_CI_O[0])
                                                      0.219    36.340 r  dut/i_horcrux/multiplier_tree_inst/u_shared_mul/reg_B_reg[27]_i_73/O[0]
                         net (fo=1, routed)           0.625    36.965    dut/id_stage_i/modp_tp__3[36]
    SLICE_X31Y15         LUT4 (Prop_lut4_I3_O)        0.295    37.260 r  dut/id_stage_i/reg_B[27]_i_72/O
                         net (fo=1, routed)           0.000    37.260    dut/id_stage_i/reg_B[27]_i_72_n_0
    SLICE_X31Y15         CARRY4 (Prop_carry4_S[0]_CO[3])
                                                      0.532    37.792 r  dut/id_stage_i/reg_B_reg[27]_i_47/CO[3]
                         net (fo=1, routed)           0.000    37.792    dut/id_stage_i/reg_B_reg[27]_i_47_n_0
    SLICE_X31Y16         CARRY4 (Prop_carry4_CI_O[0])
                                                      0.222    38.014 r  dut/id_stage_i/reg_B_reg[31]_i_43/O[0]
                         net (fo=2, routed)           0.550    38.564    dut/id_stage_i/i_horcrux/multiplier_tree_inst/u_shared_mul/modp_shifted[25]
    SLICE_X32Y15         LUT2 (Prop_lut2_I0_O)        0.299    38.863 r  dut/id_stage_i/reg_B[27]_i_50/O
                         net (fo=1, routed)           0.000    38.863    dut/id_stage_i/reg_B[27]_i_50_n_0
    SLICE_X32Y15         CARRY4 (Prop_carry4_S[1]_CO[3])
                                                      0.533    39.396 r  dut/id_stage_i/reg_B_reg[27]_i_36/CO[3]
                         net (fo=1, routed)           0.000    39.396    dut/id_stage_i/reg_B_reg[27]_i_36_n_0
    SLICE_X32Y16         CARRY4 (Prop_carry4_CI_O[3])
                                                      0.315    39.711 r  dut/id_stage_i/reg_B_reg[31]_i_14/O[3]
                         net (fo=32, routed)          0.719    40.431    dut/id_stage_i/i_horcrux/multiplier_tree_inst/u_shared_mul/modp_sub[31]
    SLICE_X33Y11         LUT3 (Prop_lut3_I2_O)        0.307    40.738 r  dut/id_stage_i/reg_B[0]_i_14/O
                         net (fo=1, routed)           0.000    40.738    dut/id_stage_i/reg_B[0]_i_14_n_0
    SLICE_X33Y11         CARRY4 (Prop_carry4_S[1]_CO[3])
                                                      0.550    41.288 r  dut/id_stage_i/reg_B_reg[0]_i_4/CO[3]
                         net (fo=1, routed)           0.000    41.288    dut/id_stage_i/reg_B_reg[0]_i_4_n_0
    SLICE_X33Y12         CARRY4 (Prop_carry4_CI_CO[3])
                                                      0.114    41.402 r  dut/id_stage_i/reg_B_reg[7]_i_11/CO[3]
                         net (fo=1, routed)           0.000    41.402    dut/id_stage_i/reg_B_reg[7]_i_11_n_0
    SLICE_X33Y13         CARRY4 (Prop_carry4_CI_CO[3])
                                                      0.114    41.516 r  dut/id_stage_i/reg_B_reg[11]_i_9/CO[3]
                         net (fo=1, routed)           0.000    41.516    dut/id_stage_i/reg_B_reg[11]_i_9_n_0
    SLICE_X33Y14         CARRY4 (Prop_carry4_CI_O[2])
                                                      0.239    41.755 r  dut/id_stage_i/reg_B_reg[15]_i_7/O[2]
                         net (fo=1, routed)           0.733    42.487    dut/id_stage_i/i_horcrux/multiplier_tree_inst/u_shared_mul/data4[14]
    SLICE_X34Y17         LUT4 (Prop_lut4_I0_O)        0.302    42.789 r  dut/id_stage_i/reg_B[14]_i_4/O
                         net (fo=1, routed)           0.598    43.388    dut/id_stage_i/reg_B[14]_i_4_n_0
    SLICE_X34Y17         LUT5 (Prop_lut5_I0_O)        0.124    43.512 r  dut/id_stage_i/reg_B[14]_i_2/O
                         net (fo=15, routed)          0.543    44.055    dut/id_stage_i/i_horcrux/multiplier_tree_inst/mul_res_lo[14]
    SLICE_X41Y17         LUT2 (Prop_lut2_I1_O)        0.124    44.179 r  dut/id_stage_i/sig[31]_i_64/O
                         net (fo=1, routed)           0.000    44.179    dut/id_stage_i/sig[31]_i_64_n_0
    SLICE_X41Y17         CARRY4 (Prop_carry4_S[2]_CO[3])
                                                      0.398    44.577 r  dut/id_stage_i/sig_reg[31]_i_42/CO[3]
                         net (fo=1, routed)           0.000    44.577    dut/id_stage_i/sig_reg[31]_i_42_n_0
    SLICE_X41Y18         CARRY4 (Prop_carry4_CI_CO[0])
                                                      0.271    44.848 r  dut/id_stage_i/sig_reg[31]_i_43/CO[0]
                         net (fo=6, routed)           0.349    45.196    dut/id_stage_i/sig_reg[31]_i_43_n_3
    SLICE_X42Y17         LUT2 (Prop_lut2_I1_O)        0.373    45.569 r  dut/id_stage_i/sig[19]_i_30/O
                         net (fo=1, routed)           0.000    45.569    dut/id_stage_i/sig[19]_i_30_n_0
    SLICE_X42Y17         CARRY4 (Prop_carry4_S[0]_O[2])
                                                      0.544    46.113 r  dut/id_stage_i/sig_reg[19]_i_18/O[2]
                         net (fo=1, routed)           0.575    46.688    dut/id_stage_i/i_horcrux/multiplier_tree_inst/result_o0[2]
    SLICE_X41Y19         LUT6 (Prop_lut6_I3_O)        0.301    46.989 r  dut/id_stage_i/sig[18]_i_17/O
                         net (fo=1, routed)           0.000    46.989    dut/id_stage_i/sig[18]_i_17_n_0
    SLICE_X41Y19         MUXF7 (Prop_muxf7_I1_O)      0.217    47.206 r  dut/id_stage_i/sig_reg[18]_i_9/O
                         net (fo=1, routed)           0.637    47.843    dut/id_stage_i/sig_reg[18]_i_9_n_0
    SLICE_X49Y19         LUT5 (Prop_lut5_I4_O)        0.299    48.142 r  dut/id_stage_i/sig[18]_i_5/O
                         net (fo=1, routed)           0.544    48.687    dut/id_stage_i/sig[18]_i_5_n_0
    SLICE_X49Y16         LUT6 (Prop_lut6_I4_O)        0.124    48.811 r  dut/id_stage_i/sig[18]_i_2/O
                         net (fo=1, routed)           0.403    49.214    dut/id_stage_i/rd_values[rd1][18]
    SLICE_X49Y16         LUT2 (Prop_lut2_I0_O)        0.124    49.338 r  dut/id_stage_i/sig[18]_i_1/O
                         net (fo=1, routed)           0.000    49.338    dut_n_13
    SLICE_X49Y16         FDCE                                         r  sig_reg[18]/D
  -------------------------------------------------------------------    -------------------

                         (clock clk rise edge)       45.000    45.000 r  
    U7                                                0.000    45.000 r  clk (IN)
                         net (fo=0)                   0.000    45.000    clk
    U7                   IBUF (Prop_ibuf_I_O)         0.924    45.924 r  clk_IBUF_inst/O
                         net (fo=1, routed)           1.972    47.896    clk_IBUF
    BUFGCTRL_X0Y0        BUFG (Prop_bufg_I_O)         0.091    47.987 r  clk_IBUF_BUFG_inst/O
                         net (fo=4221, routed)        1.483    49.470    clk_IBUF_BUFG
    SLICE_X49Y16         FDCE                                         r  sig_reg[18]/C
                         clock pessimism              0.458    49.928    
                         clock uncertainty           -0.035    49.893    
    SLICE_X49Y16         FDCE (Setup_fdce_C_D)        0.029    49.922    sig_reg[18]
  -------------------------------------------------------------------
                         required time                         49.922    
                         arrival time                         -49.338    
  -------------------------------------------------------------------
                         slack                                  0.585    

Slack (MET) :             0.585ns  (required time - arrival time)
  Source:                 dut/id_stage_i/rs_values_o_reg[rs1][28]/C
                            (rising edge-triggered cell FDCE clocked by clk  {rise@0.000ns fall@22.500ns period=45.000ns})
  Destination:            sig_reg[18]/D
                            (rising edge-triggered cell FDCE clocked by clk  {rise@0.000ns fall@22.500ns period=45.000ns})
  Path Group:             clk
  Path Type:              Setup (Max at Slow Process Corner)
  Requirement:            45.000ns  (clk rise@45.000ns - clk rise@0.000ns)
  Data Path Delay:        44.341ns  (logic 27.675ns (62.414%)  route 16.666ns (37.586%))
  Logic Levels:           53  (CARRY4=26 DSP48E1=5 LUT2=7 LUT3=2 LUT4=5 LUT5=3 LUT6=4 MUXF7=1)
  Clock Path Skew:        -0.068ns (DCD - SCD + CPR)
    Destination Clock Delay (DCD):    4.470ns = ( 49.470 - 45.000 ) 
    Source Clock Delay      (SCD):    4.996ns
    Clock Pessimism Removal (CPR):    0.458ns
  Clock Uncertainty:      0.035ns  ((TSJ^2 + TIJ^2)^1/2 + DJ) / 2 + PE
    Total System Jitter     (TSJ):    0.071ns
    Total Input Jitter      (TIJ):    0.000ns
    Discrete Jitter          (DJ):    0.000ns
    Phase Error              (PE):    0.000ns

    Location             Delay type                Incr(ns)  Path(ns)    Netlist Resource(s)
  -------------------------------------------------------------------    -------------------
                         (clock clk rise edge)        0.000     0.000 r  
    U7                                                0.000     0.000 r  clk (IN)
                         net (fo=0)                   0.000     0.000    clk
    U7                   IBUF (Prop_ibuf_I_O)         1.058     1.058 r  clk_IBUF_inst/O
                         net (fo=1, routed)           2.171     3.229    clk_IBUF
    BUFGCTRL_X0Y0        BUFG (Prop_bufg_I_O)         0.101     3.330 r  clk_IBUF_BUFG_inst/O
                         net (fo=4221, routed)        1.666     4.996    dut/id_stage_i/clk_IBUF_BUFG
    SLICE_X37Y6          FDCE                                         r  dut/id_stage_i/rs_values_o_reg[rs1][28]/C
  -------------------------------------------------------------------    -------------------
    SLICE_X37Y6          FDCE (Prop_fdce_C_Q)         0.456     5.452 r  dut/id_stage_i/rs_values_o_reg[rs1][28]/Q
                         net (fo=153, routed)         1.079     6.532    dut/id_stage_i/rs_values_o[rs1][21]
    SLICE_X37Y5          LUT4 (Prop_lut4_I0_O)        0.124     6.656 r  dut/id_stage_i/int_prod_i_165/O
                         net (fo=1, routed)           0.000     6.656    dut/id_stage_i/int_prod_i_165_n_0
    SLICE_X37Y5          CARRY4 (Prop_carry4_S[2]_CO[3])
                                                      0.398     7.054 r  dut/id_stage_i/int_prod_i_156/CO[3]
                         net (fo=9, routed)           1.181     8.235    dut/id_stage_i/i_horcrux/multiplier_tree_inst/mul_op_b2
    SLICE_X36Y2          LUT4 (Prop_lut4_I1_O)        0.124     8.359 r  dut/id_stage_i/int_prod_i_146/O
                         net (fo=1, routed)           0.000     8.359    dut/id_stage_i/int_prod_i_146_n_0
    SLICE_X36Y2          CARRY4 (Prop_carry4_S[1]_CO[3])
                                                      0.533     8.892 r  dut/id_stage_i/int_prod_i_84/CO[3]
                         net (fo=1, routed)           0.000     8.892    dut/id_stage_i/int_prod_i_84_n_0
    SLICE_X36Y3          CARRY4 (Prop_carry4_CI_CO[3])
                                                      0.117     9.009 r  dut/id_stage_i/int_prod_i_81/CO[3]
                         net (fo=1, routed)           0.000     9.009    dut/id_stage_i/int_prod_i_81_n_0
    SLICE_X36Y4          CARRY4 (Prop_carry4_CI_CO[3])
                                                      0.117     9.126 r  dut/id_stage_i/int_prod_i_78/CO[3]
                         net (fo=1, routed)           0.000     9.126    dut/id_stage_i/int_prod_i_78_n_0
    SLICE_X36Y5          CARRY4 (Prop_carry4_CI_O[2])
                                                      0.239     9.365 f  dut/id_stage_i/int_prod_i_75/O[2]
                         net (fo=2, routed)           0.811    10.176    dut/id_stage_i/i_horcrux/multiplier_tree_inst/data2[14]
    SLICE_X36Y7          LUT3 (Prop_lut3_I0_O)        0.301    10.477 f  dut/id_stage_i/int_prod_i_42/O
                         net (fo=1, routed)           0.541    11.018    dut/id_stage_i/int_prod_i_42_n_0
    SLICE_X36Y7          LUT6 (Prop_lut6_I2_O)        0.124    11.142 f  dut/id_stage_i/int_prod_i_18/O
                         net (fo=35, routed)          0.495    11.637    dut/i_horcrux/multiplier_tree_inst/u_shared_mul/u_primary_mul/B[14]
    DSP48_X2Y2           DSP48E1 (Prop_dsp48e1_B[14]_PCOUT[47])
                                                      3.851    15.488 r  dut/i_horcrux/multiplier_tree_inst/u_shared_mul/u_primary_mul/int_prod__1/PCOUT[47]
                         net (fo=1, routed)           0.002    15.490    dut/i_horcrux/multiplier_tree_inst/u_shared_mul/u_primary_mul/int_prod__1_n_106
    DSP48_X2Y3           DSP48E1 (Prop_dsp48e1_PCIN[47]_P[0])
                                                      1.518    17.008 r  dut/i_horcrux/multiplier_tree_inst/u_shared_mul/u_primary_mul/int_prod__2/P[0]
                         net (fo=2, routed)           0.846    17.853    dut/i_horcrux/multiplier_tree_inst/u_shared_mul/u_primary_mul/int_prod__2_n_105
    SLICE_X34Y1          LUT2 (Prop_lut2_I0_O)        0.124    17.977 f  dut/i_horcrux/multiplier_tree_inst/u_shared_mul/u_primary_mul/int_prod_carry_i_3/O
                         net (fo=1, routed)           0.000    17.977    dut/i_horcrux/multiplier_tree_inst/u_shared_mul/u_primary_mul/int_prod_carry_i_3_n_0
    SLICE_X34Y1          CARRY4 (Prop_carry4_S[1]_CO[3])
                                                      0.533    18.510 r  dut/i_horcrux/multiplier_tree_inst/u_shared_mul/u_primary_mul/int_prod_carry/CO[3]
                         net (fo=1, routed)           0.000    18.510    dut/i_horcrux/multiplier_tree_inst/u_shared_mul/u_primary_mul/int_prod_carry_n_0
    SLICE_X34Y2          CARRY4 (Prop_carry4_CI_O[2])
                                                      0.239    18.749 r  dut/i_horcrux/multiplier_tree_inst/u_shared_mul/u_primary_mul/int_prod_carry__0/O[2]
                         net (fo=1, routed)           0.848    19.598    dut/id_stage_i/int_prod__140[6]
    SLICE_X35Y2          LUT6 (Prop_lut6_I5_O)        0.301    19.899 r  dut/id_stage_i/stage_a_result_i_40/O
                         net (fo=8, routed)           0.924    20.823    dut/id_stage_i/i_horcrux/multiplier_tree_inst/u_shared_mul/full_prod[22]
    SLICE_X23Y2          LUT4 (Prop_lut4_I3_O)        0.124    20.947 r  dut/id_stage_i/stage_a_result_i_16/O
                         net (fo=1, routed)           0.540    21.487    dut/i_horcrux/multiplier_tree_inst/u_shared_mul/stage_a_result_0[5]
    DSP48_X1Y0           DSP48E1 (Prop_dsp48e1_A[5]_P[3])
                                                      3.841    25.328 r  dut/i_horcrux/multiplier_tree_inst/u_shared_mul/stage_a_result/P[3]
                         net (fo=1, routed)           0.849    26.177    dut/i_horcrux/multiplier_tree_inst/u_shared_mul/stage_a_result_n_102
    SLICE_X20Y7          LUT2 (Prop_lut2_I1_O)        0.124    26.301 r  dut/i_horcrux/multiplier_tree_inst/u_shared_mul/modp_tp_i_31/O
                         net (fo=1, routed)           0.000    26.301    dut/i_horcrux/multiplier_tree_inst/u_shared_mul/modp_tp_i_31_n_0
    SLICE_X20Y7          CARRY4 (Prop_carry4_S[0]_CO[3])
                                                      0.513    26.814 r  dut/i_horcrux/multiplier_tree_inst/u_shared_mul/modp_tp_i_18/CO[3]
                         net (fo=1, routed)           0.000    26.814    dut/i_horcrux/multiplier_tree_inst/u_shared_mul/modp_tp_i_18_n_0
    SLICE_X20Y8          CARRY4 (Prop_carry4_CI_CO[3])
                                                      0.117    26.931 r  dut/i_horcrux/multiplier_tree_inst/u_shared_mul/modp_tp_i_17/CO[3]
                         net (fo=1, routed)           0.000    26.931    dut/i_horcrux/multiplier_tree_inst/u_shared_mul/modp_tp_i_17_n_0
    SLICE_X20Y9          CARRY4 (Prop_carry4_CI_O[2])
                                                      0.239    27.170 r  dut/i_horcrux/multiplier_tree_inst/u_shared_mul/modp_tp_i_16/O[2]
                         net (fo=2, routed)           0.665    27.835    dut/id_stage_i/stage_a_result__2[14]
    SLICE_X20Y13         LUT5 (Prop_lut5_I4_O)        0.301    28.136 r  dut/id_stage_i/modp_tp_i_2/O
                         net (fo=2, routed)           0.576    28.712    dut/i_horcrux/multiplier_tree_inst/u_shared_mul/modp_tp_0[14]
    DSP48_X1Y4           DSP48E1 (Prop_dsp48e1_B[13]_PCOUT[47])
                                                      3.851    32.563 r  dut/i_horcrux/multiplier_tree_inst/u_shared_mul/modp_tp/PCOUT[47]
                         net (fo=1, routed)           0.002    32.565    dut/i_horcrux/multiplier_tree_inst/u_shared_mul/modp_tp_n_106
    DSP48_X1Y5           DSP48E1 (Prop_dsp48e1_PCIN[47]_P[3])
                                                      1.518    34.083 r  dut/i_horcrux/multiplier_tree_inst/u_shared_mul/modp_tp__0/P[3]
                         net (fo=1, routed)           1.030    35.113    dut/i_horcrux/multiplier_tree_inst/u_shared_mul/modp_tp__0_n_102
    SLICE_X30Y11         LUT2 (Prop_lut2_I1_O)        0.124    35.237 r  dut/i_horcrux/multiplier_tree_inst/u_shared_mul/reg_B[11]_i_51/O
                         net (fo=1, routed)           0.000    35.237    dut/i_horcrux/multiplier_tree_inst/u_shared_mul/reg_B[11]_i_51_n_0
    SLICE_X30Y11         CARRY4 (Prop_carry4_S[1]_CO[3])
                                                      0.533    35.770 r  dut/i_horcrux/multiplier_tree_inst/u_shared_mul/reg_B_reg[11]_i_48/CO[3]
                         net (fo=1, routed)           0.000    35.770    dut/i_horcrux/multiplier_tree_inst/u_shared_mul/reg_B_reg[11]_i_48_n_0
    SLICE_X30Y12         CARRY4 (Prop_carry4_CI_CO[3])
                                                      0.117    35.887 r  dut/i_horcrux/multiplier_tree_inst/u_shared_mul/reg_B_reg[15]_i_41/CO[3]
                         net (fo=1, routed)           0.000    35.887    dut/i_horcrux/multiplier_tree_inst/u_shared_mul/reg_B_reg[15]_i_41_n_0
    SLICE_X30Y13         CARRY4 (Prop_carry4_CI_CO[3])
                                                      0.117    36.004 r  dut/i_horcrux/multiplier_tree_inst/u_shared_mul/reg_B_reg[19]_i_71/CO[3]
                         net (fo=1, routed)           0.000    36.004    dut/i_horcrux/multiplier_tree_inst/u_shared_mul/reg_B_reg[19]_i_71_n_0
    SLICE_X30Y14         CARRY4 (Prop_carry4_CI_CO[3])
                                                      0.117    36.121 r  dut/i_horcrux/multiplier_tree_inst/u_shared_mul/reg_B_reg[23]_i_77/CO[3]
                         net (fo=1, routed)           0.000    36.121    dut/i_horcrux/multiplier_tree_inst/u_shared_mul/reg_B_reg[23]_i_77_n_0
    SLICE_X30Y15         CARRY4 (Prop_carry4_CI_O[0])
                                                      0.219    36.340 r  dut/i_horcrux/multiplier_tree_inst/u_shared_mul/reg_B_reg[27]_i_73/O[0]
                         net (fo=1, routed)           0.625    36.965    dut/id_stage_i/modp_tp__3[36]
    SLICE_X31Y15         LUT4 (Prop_lut4_I3_O)        0.295    37.260 r  dut/id_stage_i/reg_B[27]_i_72/O
                         net (fo=1, routed)           0.000    37.260    dut/id_stage_i/reg_B[27]_i_72_n_0
    SLICE_X31Y15         CARRY4 (Prop_carry4_S[0]_CO[3])
                                                      0.532    37.792 r  dut/id_stage_i/reg_B_reg[27]_i_47/CO[3]
                         net (fo=1, routed)           0.000    37.792    dut/id_stage_i/reg_B_reg[27]_i_47_n_0
    SLICE_X31Y16         CARRY4 (Prop_carry4_CI_O[0])
                                                      0.222    38.014 r  dut/id_stage_i/reg_B_reg[31]_i_43/O[0]
                         net (fo=2, routed)           0.550    38.564    dut/id_stage_i/i_horcrux/multiplier_tree_inst/u_shared_mul/modp_shifted[25]
    SLICE_X32Y15         LUT2 (Prop_lut2_I0_O)        0.299    38.863 r  dut/id_stage_i/reg_B[27]_i_50/O
                         net (fo=1, routed)           0.000    38.863    dut/id_stage_i/reg_B[27]_i_50_n_0
    SLICE_X32Y15         CARRY4 (Prop_carry4_S[1]_CO[3])
                                                      0.533    39.396 r  dut/id_stage_i/reg_B_reg[27]_i_36/CO[3]
                         net (fo=1, routed)           0.000    39.396    dut/id_stage_i/reg_B_reg[27]_i_36_n_0
    SLICE_X32Y16         CARRY4 (Prop_carry4_CI_O[3])
                                                      0.315    39.711 r  dut/id_stage_i/reg_B_reg[31]_i_14/O[3]
                         net (fo=32, routed)          0.719    40.431    dut/id_stage_i/i_horcrux/multiplier_tree_inst/u_shared_mul/modp_sub[31]
    SLICE_X33Y11         LUT3 (Prop_lut3_I2_O)        0.307    40.738 r  dut/id_stage_i/reg_B[0]_i_14/O
                         net (fo=1, routed)           0.000    40.738    dut/id_stage_i/reg_B[0]_i_14_n_0
    SLICE_X33Y11         CARRY4 (Prop_carry4_S[1]_CO[3])
                                                      0.550    41.288 r  dut/id_stage_i/reg_B_reg[0]_i_4/CO[3]
                         net (fo=1, routed)           0.000    41.288    dut/id_stage_i/reg_B_reg[0]_i_4_n_0
    SLICE_X33Y12         CARRY4 (Prop_carry4_CI_CO[3])
                                                      0.114    41.402 r  dut/id_stage_i/reg_B_reg[7]_i_11/CO[3]
                         net (fo=1, routed)           0.000    41.402    dut/id_stage_i/reg_B_reg[7]_i_11_n_0
    SLICE_X33Y13         CARRY4 (Prop_carry4_CI_CO[3])
                                                      0.114    41.516 r  dut/id_stage_i/reg_B_reg[11]_i_9/CO[3]
                         net (fo=1, routed)           0.000    41.516    dut/id_stage_i/reg_B_reg[11]_i_9_n_0
    SLICE_X33Y14         CARRY4 (Prop_carry4_CI_O[2])
                                                      0.239    41.755 r  dut/id_stage_i/reg_B_reg[15]_i_7/O[2]
                         net (fo=1, routed)           0.733    42.487    dut/id_stage_i/i_horcrux/multiplier_tree_inst/u_shared_mul/data4[14]
    SLICE_X34Y17         LUT4 (Prop_lut4_I0_O)        0.302    42.789 r  dut/id_stage_i/reg_B[14]_i_4/O
                         net (fo=1, routed)           0.598    43.388    dut/id_stage_i/reg_B[14]_i_4_n_0
    SLICE_X34Y17         LUT5 (Prop_lut5_I0_O)        0.124    43.512 r  dut/id_stage_i/reg_B[14]_i_2/O
                         net (fo=15, routed)          0.543    44.055    dut/id_stage_i/i_horcrux/multiplier_tree_inst/mul_res_lo[14]
    SLICE_X41Y17         LUT2 (Prop_lut2_I1_O)        0.124    44.179 r  dut/id_stage_i/sig[31]_i_64/O
                         net (fo=1, routed)           0.000    44.179    dut/id_stage_i/sig[31]_i_64_n_0
    SLICE_X41Y17         CARRY4 (Prop_carry4_S[2]_CO[3])
                                                      0.398    44.577 r  dut/id_stage_i/sig_reg[31]_i_42/CO[3]
                         net (fo=1, routed)           0.000    44.577    dut/id_stage_i/sig_reg[31]_i_42_n_0
    SLICE_X41Y18         CARRY4 (Prop_carry4_CI_CO[0])
                                                      0.271    44.848 r  dut/id_stage_i/sig_reg[31]_i_43/CO[0]
                         net (fo=6, routed)           0.349    45.196    dut/id_stage_i/sig_reg[31]_i_43_n_3
    SLICE_X42Y17         LUT2 (Prop_lut2_I1_O)        0.373    45.569 r  dut/id_stage_i/sig[19]_i_30/O
                         net (fo=1, routed)           0.000    45.569    dut/id_stage_i/sig[19]_i_30_n_0
    SLICE_X42Y17         CARRY4 (Prop_carry4_S[0]_O[2])
                                                      0.544    46.113 r  dut/id_stage_i/sig_reg[19]_i_18/O[2]
                         net (fo=1, routed)           0.575    46.688    dut/id_stage_i/i_horcrux/multiplier_tree_inst/result_o0[2]
    SLICE_X41Y19         LUT6 (Prop_lut6_I3_O)        0.301    46.989 r  dut/id_stage_i/sig[18]_i_17/O
                         net (fo=1, routed)           0.000    46.989    dut/id_stage_i/sig[18]_i_17_n_0
    SLICE_X41Y19         MUXF7 (Prop_muxf7_I1_O)      0.217    47.206 r  dut/id_stage_i/sig_reg[18]_i_9/O
                         net (fo=1, routed)           0.637    47.843    dut/id_stage_i/sig_reg[18]_i_9_n_0
    SLICE_X49Y19         LUT5 (Prop_lut5_I4_O)        0.299    48.142 r  dut/id_stage_i/sig[18]_i_5/O
                         net (fo=1, routed)           0.544    48.687    dut/id_stage_i/sig[18]_i_5_n_0
    SLICE_X49Y16         LUT6 (Prop_lut6_I4_O)        0.124    48.811 r  dut/id_stage_i/sig[18]_i_2/O
                         net (fo=1, routed)           0.403    49.214    dut/id_stage_i/rd_values[rd1][18]
    SLICE_X49Y16         LUT2 (Prop_lut2_I0_O)        0.124    49.338 r  dut/id_stage_i/sig[18]_i_1/O
                         net (fo=1, routed)           0.000    49.338    dut_n_13
    SLICE_X49Y16         FDCE                                         r  sig_reg[18]/D
  -------------------------------------------------------------------    -------------------

                         (clock clk rise edge)       45.000    45.000 r  
    U7                                                0.000    45.000 r  clk (IN)
                         net (fo=0)                   0.000    45.000    clk
    U7                   IBUF (Prop_ibuf_I_O)         0.924    45.924 r  clk_IBUF_inst/O
                         net (fo=1, routed)           1.972    47.896    clk_IBUF
    BUFGCTRL_X0Y0        BUFG (Prop_bufg_I_O)         0.091    47.987 r  clk_IBUF_BUFG_inst/O
                         net (fo=4221, routed)        1.483    49.470    clk_IBUF_BUFG
    SLICE_X49Y16         FDCE                                         r  sig_reg[18]/C
                         clock pessimism              0.458    49.928    
                         clock uncertainty           -0.035    49.893    
    SLICE_X49Y16         FDCE (Setup_fdce_C_D)        0.029    49.922    sig_reg[18]
  -------------------------------------------------------------------
                         required time                         49.922    
                         arrival time                         -49.338    
  -------------------------------------------------------------------
                         slack                                  0.585    

Slack (MET) :             0.585ns  (required time - arrival time)
  Source:                 dut/id_stage_i/rs_values_o_reg[rs1][28]/C
                            (rising edge-triggered cell FDCE clocked by clk  {rise@0.000ns fall@22.500ns period=45.000ns})
  Destination:            sig_reg[18]/D
                            (rising edge-triggered cell FDCE clocked by clk  {rise@0.000ns fall@22.500ns period=45.000ns})
  Path Group:             clk
  Path Type:              Setup (Max at Slow Process Corner)
  Requirement:            45.000ns  (clk rise@45.000ns - clk rise@0.000ns)
  Data Path Delay:        44.341ns  (logic 27.675ns (62.414%)  route 16.666ns (37.586%))
  Logic Levels:           53  (CARRY4=26 DSP48E1=5 LUT2=7 LUT3=2 LUT4=5 LUT5=3 LUT6=4 MUXF7=1)
  Clock Path Skew:        -0.068ns (DCD - SCD + CPR)
    Destination Clock Delay (DCD):    4.470ns = ( 49.470 - 45.000 ) 
    Source Clock Delay      (SCD):    4.996ns
    Clock Pessimism Removal (CPR):    0.458ns
  Clock Uncertainty:      0.035ns  ((TSJ^2 + TIJ^2)^1/2 + DJ) / 2 + PE
    Total System Jitter     (TSJ):    0.071ns
    Total Input Jitter      (TIJ):    0.000ns
    Discrete Jitter          (DJ):    0.000ns
    Phase Error              (PE):    0.000ns

    Location             Delay type                Incr(ns)  Path(ns)    Netlist Resource(s)
  -------------------------------------------------------------------    -------------------
                         (clock clk rise edge)        0.000     0.000 r  
    U7                                                0.000     0.000 r  clk (IN)
                         net (fo=0)                   0.000     0.000    clk
    U7                   IBUF (Prop_ibuf_I_O)         1.058     1.058 r  clk_IBUF_inst/O
                         net (fo=1, routed)           2.171     3.229    clk_IBUF
    BUFGCTRL_X0Y0        BUFG (Prop_bufg_I_O)         0.101     3.330 r  clk_IBUF_BUFG_inst/O
                         net (fo=4221, routed)        1.666     4.996    dut/id_stage_i/clk_IBUF_BUFG
    SLICE_X37Y6          FDCE                                         r  dut/id_stage_i/rs_values_o_reg[rs1][28]/C
  -------------------------------------------------------------------    -------------------
    SLICE_X37Y6          FDCE (Prop_fdce_C_Q)         0.456     5.452 r  dut/id_stage_i/rs_values_o_reg[rs1][28]/Q
                         net (fo=153, routed)         1.079     6.532    dut/id_stage_i/rs_values_o[rs1][21]
    SLICE_X37Y5          LUT4 (Prop_lut4_I0_O)        0.124     6.656 r  dut/id_stage_i/int_prod_i_165/O
                         net (fo=1, routed)           0.000     6.656    dut/id_stage_i/int_prod_i_165_n_0
    SLICE_X37Y5          CARRY4 (Prop_carry4_S[2]_CO[3])
                                                      0.398     7.054 r  dut/id_stage_i/int_prod_i_156/CO[3]
                         net (fo=9, routed)           1.181     8.235    dut/id_stage_i/i_horcrux/multiplier_tree_inst/mul_op_b2
    SLICE_X36Y2          LUT4 (Prop_lut4_I1_O)        0.124     8.359 r  dut/id_stage_i/int_prod_i_146/O
                         net (fo=1, routed)           0.000     8.359    dut/id_stage_i/int_prod_i_146_n_0
    SLICE_X36Y2          CARRY4 (Prop_carry4_S[1]_CO[3])
                                                      0.533     8.892 r  dut/id_stage_i/int_prod_i_84/CO[3]
                         net (fo=1, routed)           0.000     8.892    dut/id_stage_i/int_prod_i_84_n_0
    SLICE_X36Y3          CARRY4 (Prop_carry4_CI_CO[3])
                                                      0.117     9.009 r  dut/id_stage_i/int_prod_i_81/CO[3]
                         net (fo=1, routed)           0.000     9.009    dut/id_stage_i/int_prod_i_81_n_0
    SLICE_X36Y4          CARRY4 (Prop_carry4_CI_CO[3])
                                                      0.117     9.126 r  dut/id_stage_i/int_prod_i_78/CO[3]
                         net (fo=1, routed)           0.000     9.126    dut/id_stage_i/int_prod_i_78_n_0
    SLICE_X36Y5          CARRY4 (Prop_carry4_CI_O[2])
                                                      0.239     9.365 r  dut/id_stage_i/int_prod_i_75/O[2]
                         net (fo=2, routed)           0.811    10.176    dut/id_stage_i/i_horcrux/multiplier_tree_inst/data2[14]
    SLICE_X36Y7          LUT3 (Prop_lut3_I0_O)        0.301    10.477 r  dut/id_stage_i/int_prod_i_42/O
                         net (fo=1, routed)           0.541    11.018    dut/id_stage_i/int_prod_i_42_n_0
    SLICE_X36Y7          LUT6 (Prop_lut6_I2_O)        0.124    11.142 r  dut/id_stage_i/int_prod_i_18/O
                         net (fo=35, routed)          0.495    11.637    dut/i_horcrux/multiplier_tree_inst/u_shared_mul/u_primary_mul/B[14]
    DSP48_X2Y2           DSP48E1 (Prop_dsp48e1_B[14]_PCOUT[47])
                                                      3.851    15.488 r  dut/i_horcrux/multiplier_tree_inst/u_shared_mul/u_primary_mul/int_prod__1/PCOUT[47]
                         net (fo=1, routed)           0.002    15.490    dut/i_horcrux/multiplier_tree_inst/u_shared_mul/u_primary_mul/int_prod__1_n_106
    DSP48_X2Y3           DSP48E1 (Prop_dsp48e1_PCIN[47]_P[0])
                                                      1.518    17.008 r  dut/i_horcrux/multiplier_tree_inst/u_shared_mul/u_primary_mul/int_prod__2/P[0]
                         net (fo=2, routed)           0.846    17.853    dut/i_horcrux/multiplier_tree_inst/u_shared_mul/u_primary_mul/int_prod__2_n_105
    SLICE_X34Y1          LUT2 (Prop_lut2_I0_O)        0.124    17.977 r  dut/i_horcrux/multiplier_tree_inst/u_shared_mul/u_primary_mul/int_prod_carry_i_3/O
                         net (fo=1, routed)           0.000    17.977    dut/i_horcrux/multiplier_tree_inst/u_shared_mul/u_primary_mul/int_prod_carry_i_3_n_0
    SLICE_X34Y1          CARRY4 (Prop_carry4_S[1]_CO[3])
                                                      0.533    18.510 f  dut/i_horcrux/multiplier_tree_inst/u_shared_mul/u_primary_mul/int_prod_carry/CO[3]
                         net (fo=1, routed)           0.000    18.510    dut/i_horcrux/multiplier_tree_inst/u_shared_mul/u_primary_mul/int_prod_carry_n_0
    SLICE_X34Y2          CARRY4 (Prop_carry4_CI_O[2])
                                                      0.239    18.749 r  dut/i_horcrux/multiplier_tree_inst/u_shared_mul/u_primary_mul/int_prod_carry__0/O[2]
                         net (fo=1, routed)           0.848    19.598    dut/id_stage_i/int_prod__140[6]
    SLICE_X35Y2          LUT6 (Prop_lut6_I5_O)        0.301    19.899 r  dut/id_stage_i/stage_a_result_i_40/O
                         net (fo=8, routed)           0.924    20.823    dut/id_stage_i/i_horcrux/multiplier_tree_inst/u_shared_mul/full_prod[22]
    SLICE_X23Y2          LUT4 (Prop_lut4_I3_O)        0.124    20.947 r  dut/id_stage_i/stage_a_result_i_16/O
                         net (fo=1, routed)           0.540    21.487    dut/i_horcrux/multiplier_tree_inst/u_shared_mul/stage_a_result_0[5]
    DSP48_X1Y0           DSP48E1 (Prop_dsp48e1_A[5]_P[3])
                                                      3.841    25.328 r  dut/i_horcrux/multiplier_tree_inst/u_shared_mul/stage_a_result/P[3]
                         net (fo=1, routed)           0.849    26.177    dut/i_horcrux/multiplier_tree_inst/u_shared_mul/stage_a_result_n_102
    SLICE_X20Y7          LUT2 (Prop_lut2_I1_O)        0.124    26.301 r  dut/i_horcrux/multiplier_tree_inst/u_shared_mul/modp_tp_i_31/O
                         net (fo=1, routed)           0.000    26.301    dut/i_horcrux/multiplier_tree_inst/u_shared_mul/modp_tp_i_31_n_0
    SLICE_X20Y7          CARRY4 (Prop_carry4_S[0]_CO[3])
                                                      0.513    26.814 r  dut/i_horcrux/multiplier_tree_inst/u_shared_mul/modp_tp_i_18/CO[3]
                         net (fo=1, routed)           0.000    26.814    dut/i_horcrux/multiplier_tree_inst/u_shared_mul/modp_tp_i_18_n_0
    SLICE_X20Y8          CARRY4 (Prop_carry4_CI_CO[3])
                                                      0.117    26.931 r  dut/i_horcrux/multiplier_tree_inst/u_shared_mul/modp_tp_i_17/CO[3]
                         net (fo=1, routed)           0.000    26.931    dut/i_horcrux/multiplier_tree_inst/u_shared_mul/modp_tp_i_17_n_0
    SLICE_X20Y9          CARRY4 (Prop_carry4_CI_O[2])
                                                      0.239    27.170 r  dut/i_horcrux/multiplier_tree_inst/u_shared_mul/modp_tp_i_16/O[2]
                         net (fo=2, routed)           0.665    27.835    dut/id_stage_i/stage_a_result__2[14]
    SLICE_X20Y13         LUT5 (Prop_lut5_I4_O)        0.301    28.136 r  dut/id_stage_i/modp_tp_i_2/O
                         net (fo=2, routed)           0.576    28.712    dut/i_horcrux/multiplier_tree_inst/u_shared_mul/modp_tp_0[14]
    DSP48_X1Y4           DSP48E1 (Prop_dsp48e1_B[13]_PCOUT[47])
                                                      3.851    32.563 r  dut/i_horcrux/multiplier_tree_inst/u_shared_mul/modp_tp/PCOUT[47]
                         net (fo=1, routed)           0.002    32.565    dut/i_horcrux/multiplier_tree_inst/u_shared_mul/modp_tp_n_106
    DSP48_X1Y5           DSP48E1 (Prop_dsp48e1_PCIN[47]_P[3])
                                                      1.518    34.083 r  dut/i_horcrux/multiplier_tree_inst/u_shared_mul/modp_tp__0/P[3]
                         net (fo=1, routed)           1.030    35.113    dut/i_horcrux/multiplier_tree_inst/u_shared_mul/modp_tp__0_n_102
    SLICE_X30Y11         LUT2 (Prop_lut2_I1_O)        0.124    35.237 r  dut/i_horcrux/multiplier_tree_inst/u_shared_mul/reg_B[11]_i_51/O
                         net (fo=1, routed)           0.000    35.237    dut/i_horcrux/multiplier_tree_inst/u_shared_mul/reg_B[11]_i_51_n_0
    SLICE_X30Y11         CARRY4 (Prop_carry4_S[1]_CO[3])
                                                      0.533    35.770 r  dut/i_horcrux/multiplier_tree_inst/u_shared_mul/reg_B_reg[11]_i_48/CO[3]
                         net (fo=1, routed)           0.000    35.770    dut/i_horcrux/multiplier_tree_inst/u_shared_mul/reg_B_reg[11]_i_48_n_0
    SLICE_X30Y12         CARRY4 (Prop_carry4_CI_CO[3])
                                                      0.117    35.887 r  dut/i_horcrux/multiplier_tree_inst/u_shared_mul/reg_B_reg[15]_i_41/CO[3]
                         net (fo=1, routed)           0.000    35.887    dut/i_horcrux/multiplier_tree_inst/u_shared_mul/reg_B_reg[15]_i_41_n_0
    SLICE_X30Y13         CARRY4 (Prop_carry4_CI_CO[3])
                                                      0.117    36.004 r  dut/i_horcrux/multiplier_tree_inst/u_shared_mul/reg_B_reg[19]_i_71/CO[3]
                         net (fo=1, routed)           0.000    36.004    dut/i_horcrux/multiplier_tree_inst/u_shared_mul/reg_B_reg[19]_i_71_n_0
    SLICE_X30Y14         CARRY4 (Prop_carry4_CI_CO[3])
                                                      0.117    36.121 r  dut/i_horcrux/multiplier_tree_inst/u_shared_mul/reg_B_reg[23]_i_77/CO[3]
                         net (fo=1, routed)           0.000    36.121    dut/i_horcrux/multiplier_tree_inst/u_shared_mul/reg_B_reg[23]_i_77_n_0
    SLICE_X30Y15         CARRY4 (Prop_carry4_CI_O[0])
                                                      0.219    36.340 r  dut/i_horcrux/multiplier_tree_inst/u_shared_mul/reg_B_reg[27]_i_73/O[0]
                         net (fo=1, routed)           0.625    36.965    dut/id_stage_i/modp_tp__3[36]
    SLICE_X31Y15         LUT4 (Prop_lut4_I3_O)        0.295    37.260 r  dut/id_stage_i/reg_B[27]_i_72/O
                         net (fo=1, routed)           0.000    37.260    dut/id_stage_i/reg_B[27]_i_72_n_0
    SLICE_X31Y15         CARRY4 (Prop_carry4_S[0]_CO[3])
                                                      0.532    37.792 r  dut/id_stage_i/reg_B_reg[27]_i_47/CO[3]
                         net (fo=1, routed)           0.000    37.792    dut/id_stage_i/reg_B_reg[27]_i_47_n_0
    SLICE_X31Y16         CARRY4 (Prop_carry4_CI_O[0])
                                                      0.222    38.014 r  dut/id_stage_i/reg_B_reg[31]_i_43/O[0]
                         net (fo=2, routed)           0.550    38.564    dut/id_stage_i/i_horcrux/multiplier_tree_inst/u_shared_mul/modp_shifted[25]
    SLICE_X32Y15         LUT2 (Prop_lut2_I0_O)        0.299    38.863 r  dut/id_stage_i/reg_B[27]_i_50/O
                         net (fo=1, routed)           0.000    38.863    dut/id_stage_i/reg_B[27]_i_50_n_0
    SLICE_X32Y15         CARRY4 (Prop_carry4_S[1]_CO[3])
                                                      0.533    39.396 r  dut/id_stage_i/reg_B_reg[27]_i_36/CO[3]
                         net (fo=1, routed)           0.000    39.396    dut/id_stage_i/reg_B_reg[27]_i_36_n_0
    SLICE_X32Y16         CARRY4 (Prop_carry4_CI_O[3])
                                                      0.315    39.711 r  dut/id_stage_i/reg_B_reg[31]_i_14/O[3]
                         net (fo=32, routed)          0.719    40.431    dut/id_stage_i/i_horcrux/multiplier_tree_inst/u_shared_mul/modp_sub[31]
    SLICE_X33Y11         LUT3 (Prop_lut3_I2_O)        0.307    40.738 r  dut/id_stage_i/reg_B[0]_i_14/O
                         net (fo=1, routed)           0.000    40.738    dut/id_stage_i/reg_B[0]_i_14_n_0
    SLICE_X33Y11         CARRY4 (Prop_carry4_S[1]_CO[3])
                                                      0.550    41.288 r  dut/id_stage_i/reg_B_reg[0]_i_4/CO[3]
                         net (fo=1, routed)           0.000    41.288    dut/id_stage_i/reg_B_reg[0]_i_4_n_0
    SLICE_X33Y12         CARRY4 (Prop_carry4_CI_CO[3])
                                                      0.114    41.402 r  dut/id_stage_i/reg_B_reg[7]_i_11/CO[3]
                         net (fo=1, routed)           0.000    41.402    dut/id_stage_i/reg_B_reg[7]_i_11_n_0
    SLICE_X33Y13         CARRY4 (Prop_carry4_CI_CO[3])
                                                      0.114    41.516 r  dut/id_stage_i/reg_B_reg[11]_i_9/CO[3]
                         net (fo=1, routed)           0.000    41.516    dut/id_stage_i/reg_B_reg[11]_i_9_n_0
    SLICE_X33Y14         CARRY4 (Prop_carry4_CI_O[2])
                                                      0.239    41.755 r  dut/id_stage_i/reg_B_reg[15]_i_7/O[2]
                         net (fo=1, routed)           0.733    42.487    dut/id_stage_i/i_horcrux/multiplier_tree_inst/u_shared_mul/data4[14]
    SLICE_X34Y17         LUT4 (Prop_lut4_I0_O)        0.302    42.789 r  dut/id_stage_i/reg_B[14]_i_4/O
                         net (fo=1, routed)           0.598    43.388    dut/id_stage_i/reg_B[14]_i_4_n_0
    SLICE_X34Y17         LUT5 (Prop_lut5_I0_O)        0.124    43.512 r  dut/id_stage_i/reg_B[14]_i_2/O
                         net (fo=15, routed)          0.543    44.055    dut/id_stage_i/i_horcrux/multiplier_tree_inst/mul_res_lo[14]
    SLICE_X41Y17         LUT2 (Prop_lut2_I1_O)        0.124    44.179 r  dut/id_stage_i/sig[31]_i_64/O
                         net (fo=1, routed)           0.000    44.179    dut/id_stage_i/sig[31]_i_64_n_0
    SLICE_X41Y17         CARRY4 (Prop_carry4_S[2]_CO[3])
                                                      0.398    44.577 r  dut/id_stage_i/sig_reg[31]_i_42/CO[3]
                         net (fo=1, routed)           0.000    44.577    dut/id_stage_i/sig_reg[31]_i_42_n_0
    SLICE_X41Y18         CARRY4 (Prop_carry4_CI_CO[0])
                                                      0.271    44.848 r  dut/id_stage_i/sig_reg[31]_i_43/CO[0]
                         net (fo=6, routed)           0.349    45.196    dut/id_stage_i/sig_reg[31]_i_43_n_3
    SLICE_X42Y17         LUT2 (Prop_lut2_I1_O)        0.373    45.569 r  dut/id_stage_i/sig[19]_i_30/O
                         net (fo=1, routed)           0.000    45.569    dut/id_stage_i/sig[19]_i_30_n_0
    SLICE_X42Y17         CARRY4 (Prop_carry4_S[0]_O[2])
                                                      0.544    46.113 r  dut/id_stage_i/sig_reg[19]_i_18/O[2]
                         net (fo=1, routed)           0.575    46.688    dut/id_stage_i/i_horcrux/multiplier_tree_inst/result_o0[2]
    SLICE_X41Y19         LUT6 (Prop_lut6_I3_O)        0.301    46.989 r  dut/id_stage_i/sig[18]_i_17/O
                         net (fo=1, routed)           0.000    46.989    dut/id_stage_i/sig[18]_i_17_n_0
    SLICE_X41Y19         MUXF7 (Prop_muxf7_I1_O)      0.217    47.206 r  dut/id_stage_i/sig_reg[18]_i_9/O
                         net (fo=1, routed)           0.637    47.843    dut/id_stage_i/sig_reg[18]_i_9_n_0
    SLICE_X49Y19         LUT5 (Prop_lut5_I4_O)        0.299    48.142 r  dut/id_stage_i/sig[18]_i_5/O
                         net (fo=1, routed)           0.544    48.687    dut/id_stage_i/sig[18]_i_5_n_0
    SLICE_X49Y16         LUT6 (Prop_lut6_I4_O)        0.124    48.811 r  dut/id_stage_i/sig[18]_i_2/O
                         net (fo=1, routed)           0.403    49.214    dut/id_stage_i/rd_values[rd1][18]
    SLICE_X49Y16         LUT2 (Prop_lut2_I0_O)        0.124    49.338 r  dut/id_stage_i/sig[18]_i_1/O
                         net (fo=1, routed)           0.000    49.338    dut_n_13
    SLICE_X49Y16         FDCE                                         r  sig_reg[18]/D
  -------------------------------------------------------------------    -------------------

                         (clock clk rise edge)       45.000    45.000 r  
    U7                                                0.000    45.000 r  clk (IN)
                         net (fo=0)                   0.000    45.000    clk
    U7                   IBUF (Prop_ibuf_I_O)         0.924    45.924 r  clk_IBUF_inst/O
                         net (fo=1, routed)           1.972    47.896    clk_IBUF
    BUFGCTRL_X0Y0        BUFG (Prop_bufg_I_O)         0.091    47.987 r  clk_IBUF_BUFG_inst/O
                         net (fo=4221, routed)        1.483    49.470    clk_IBUF_BUFG
    SLICE_X49Y16         FDCE                                         r  sig_reg[18]/C
                         clock pessimism              0.458    49.928    
                         clock uncertainty           -0.035    49.893    
    SLICE_X49Y16         FDCE (Setup_fdce_C_D)        0.029    49.922    sig_reg[18]
  -------------------------------------------------------------------
                         required time                         49.922    
                         arrival time                         -49.338    
  -------------------------------------------------------------------
                         slack                                  0.585    

Slack (MET) :             0.585ns  (required time - arrival time)
  Source:                 dut/id_stage_i/rs_values_o_reg[rs1][28]/C
                            (rising edge-triggered cell FDCE clocked by clk  {rise@0.000ns fall@22.500ns period=45.000ns})
  Destination:            sig_reg[18]/D
                            (rising edge-triggered cell FDCE clocked by clk  {rise@0.000ns fall@22.500ns period=45.000ns})
  Path Group:             clk
  Path Type:              Setup (Max at Slow Process Corner)
  Requirement:            45.000ns  (clk rise@45.000ns - clk rise@0.000ns)
  Data Path Delay:        44.341ns  (logic 27.675ns (62.414%)  route 16.666ns (37.586%))
  Logic Levels:           53  (CARRY4=26 DSP48E1=5 LUT2=7 LUT3=2 LUT4=5 LUT5=3 LUT6=4 MUXF7=1)
  Clock Path Skew:        -0.068ns (DCD - SCD + CPR)
    Destination Clock Delay (DCD):    4.470ns = ( 49.470 - 45.000 ) 
    Source Clock Delay      (SCD):    4.996ns
    Clock Pessimism Removal (CPR):    0.458ns
  Clock Uncertainty:      0.035ns  ((TSJ^2 + TIJ^2)^1/2 + DJ) / 2 + PE
    Total System Jitter     (TSJ):    0.071ns
    Total Input Jitter      (TIJ):    0.000ns
    Discrete Jitter          (DJ):    0.000ns
    Phase Error              (PE):    0.000ns

    Location             Delay type                Incr(ns)  Path(ns)    Netlist Resource(s)
  -------------------------------------------------------------------    -------------------
                         (clock clk rise edge)        0.000     0.000 r  
    U7                                                0.000     0.000 r  clk (IN)
                         net (fo=0)                   0.000     0.000    clk
    U7                   IBUF (Prop_ibuf_I_O)         1.058     1.058 r  clk_IBUF_inst/O
                         net (fo=1, routed)           2.171     3.229    clk_IBUF
    BUFGCTRL_X0Y0        BUFG (Prop_bufg_I_O)         0.101     3.330 r  clk_IBUF_BUFG_inst/O
                         net (fo=4221, routed)        1.666     4.996    dut/id_stage_i/clk_IBUF_BUFG
    SLICE_X37Y6          FDCE                                         r  dut/id_stage_i/rs_values_o_reg[rs1][28]/C
  -------------------------------------------------------------------    -------------------
    SLICE_X37Y6          FDCE (Prop_fdce_C_Q)         0.456     5.452 r  dut/id_stage_i/rs_values_o_reg[rs1][28]/Q
                         net (fo=153, routed)         1.079     6.532    dut/id_stage_i/rs_values_o[rs1][21]
    SLICE_X37Y5          LUT4 (Prop_lut4_I0_O)        0.124     6.656 r  dut/id_stage_i/int_prod_i_165/O
                         net (fo=1, routed)           0.000     6.656    dut/id_stage_i/int_prod_i_165_n_0
    SLICE_X37Y5          CARRY4 (Prop_carry4_S[2]_CO[3])
                                                      0.398     7.054 r  dut/id_stage_i/int_prod_i_156/CO[3]
                         net (fo=9, routed)           1.181     8.235    dut/id_stage_i/i_horcrux/multiplier_tree_inst/mul_op_b2
    SLICE_X36Y2          LUT4 (Prop_lut4_I1_O)        0.124     8.359 r  dut/id_stage_i/int_prod_i_146/O
                         net (fo=1, routed)           0.000     8.359    dut/id_stage_i/int_prod_i_146_n_0
    SLICE_X36Y2          CARRY4 (Prop_carry4_S[1]_CO[3])
                                                      0.533     8.892 r  dut/id_stage_i/int_prod_i_84/CO[3]
                         net (fo=1, routed)           0.000     8.892    dut/id_stage_i/int_prod_i_84_n_0
    SLICE_X36Y3          CARRY4 (Prop_carry4_CI_CO[3])
                                                      0.117     9.009 r  dut/id_stage_i/int_prod_i_81/CO[3]
                         net (fo=1, routed)           0.000     9.009    dut/id_stage_i/int_prod_i_81_n_0
    SLICE_X36Y4          CARRY4 (Prop_carry4_CI_CO[3])
                                                      0.117     9.126 r  dut/id_stage_i/int_prod_i_78/CO[3]
                         net (fo=1, routed)           0.000     9.126    dut/id_stage_i/int_prod_i_78_n_0
    SLICE_X36Y5          CARRY4 (Prop_carry4_CI_O[2])
                                                      0.239     9.365 f  dut/id_stage_i/int_prod_i_75/O[2]
                         net (fo=2, routed)           0.811    10.176    dut/id_stage_i/i_horcrux/multiplier_tree_inst/data2[14]
    SLICE_X36Y7          LUT3 (Prop_lut3_I0_O)        0.301    10.477 f  dut/id_stage_i/int_prod_i_42/O
                         net (fo=1, routed)           0.541    11.018    dut/id_stage_i/int_prod_i_42_n_0
    SLICE_X36Y7          LUT6 (Prop_lut6_I2_O)        0.124    11.142 f  dut/id_stage_i/int_prod_i_18/O
                         net (fo=35, routed)          0.495    11.637    dut/i_horcrux/multiplier_tree_inst/u_shared_mul/u_primary_mul/B[14]
    DSP48_X2Y2           DSP48E1 (Prop_dsp48e1_B[14]_PCOUT[47])
                                                      3.851    15.488 r  dut/i_horcrux/multiplier_tree_inst/u_shared_mul/u_primary_mul/int_prod__1/PCOUT[47]
                         net (fo=1, routed)           0.002    15.490    dut/i_horcrux/multiplier_tree_inst/u_shared_mul/u_primary_mul/int_prod__1_n_106
    DSP48_X2Y3           DSP48E1 (Prop_dsp48e1_PCIN[47]_P[0])
                                                      1.518    17.008 r  dut/i_horcrux/multiplier_tree_inst/u_shared_mul/u_primary_mul/int_prod__2/P[0]
                         net (fo=2, routed)           0.846    17.853    dut/i_horcrux/multiplier_tree_inst/u_shared_mul/u_primary_mul/int_prod__2_n_105
    SLICE_X34Y1          LUT2 (Prop_lut2_I0_O)        0.124    17.977 r  dut/i_horcrux/multiplier_tree_inst/u_shared_mul/u_primary_mul/int_prod_carry_i_3/O
                         net (fo=1, routed)           0.000    17.977    dut/i_horcrux/multiplier_tree_inst/u_shared_mul/u_primary_mul/int_prod_carry_i_3_n_0
    SLICE_X34Y1          CARRY4 (Prop_carry4_S[1]_CO[3])
                                                      0.533    18.510 f  dut/i_horcrux/multiplier_tree_inst/u_shared_mul/u_primary_mul/int_prod_carry/CO[3]
                         net (fo=1, routed)           0.000    18.510    dut/i_horcrux/multiplier_tree_inst/u_shared_mul/u_primary_mul/int_prod_carry_n_0
    SLICE_X34Y2          CARRY4 (Prop_carry4_CI_O[2])
                                                      0.239    18.749 r  dut/i_horcrux/multiplier_tree_inst/u_shared_mul/u_primary_mul/int_prod_carry__0/O[2]
                         net (fo=1, routed)           0.848    19.598    dut/id_stage_i/int_prod__140[6]
    SLICE_X35Y2          LUT6 (Prop_lut6_I5_O)        0.301    19.899 r  dut/id_stage_i/stage_a_result_i_40/O
                         net (fo=8, routed)           0.924    20.823    dut/id_stage_i/i_horcrux/multiplier_tree_inst/u_shared_mul/full_prod[22]
    SLICE_X23Y2          LUT4 (Prop_lut4_I3_O)        0.124    20.947 r  dut/id_stage_i/stage_a_result_i_16/O
                         net (fo=1, routed)           0.540    21.487    dut/i_horcrux/multiplier_tree_inst/u_shared_mul/stage_a_result_0[5]
    DSP48_X1Y0           DSP48E1 (Prop_dsp48e1_A[5]_P[3])
                                                      3.841    25.328 r  dut/i_horcrux/multiplier_tree_inst/u_shared_mul/stage_a_result/P[3]
                         net (fo=1, routed)           0.849    26.177    dut/i_horcrux/multiplier_tree_inst/u_shared_mul/stage_a_result_n_102
    SLICE_X20Y7          LUT2 (Prop_lut2_I1_O)        0.124    26.301 r  dut/i_horcrux/multiplier_tree_inst/u_shared_mul/modp_tp_i_31/O
                         net (fo=1, routed)           0.000    26.301    dut/i_horcrux/multiplier_tree_inst/u_shared_mul/modp_tp_i_31_n_0
    SLICE_X20Y7          CARRY4 (Prop_carry4_S[0]_CO[3])
                                                      0.513    26.814 r  dut/i_horcrux/multiplier_tree_inst/u_shared_mul/modp_tp_i_18/CO[3]
                         net (fo=1, routed)           0.000    26.814    dut/i_horcrux/multiplier_tree_inst/u_shared_mul/modp_tp_i_18_n_0
    SLICE_X20Y8          CARRY4 (Prop_carry4_CI_CO[3])
                                                      0.117    26.931 r  dut/i_horcrux/multiplier_tree_inst/u_shared_mul/modp_tp_i_17/CO[3]
                         net (fo=1, routed)           0.000    26.931    dut/i_horcrux/multiplier_tree_inst/u_shared_mul/modp_tp_i_17_n_0
    SLICE_X20Y9          CARRY4 (Prop_carry4_CI_O[2])
                                                      0.239    27.170 r  dut/i_horcrux/multiplier_tree_inst/u_shared_mul/modp_tp_i_16/O[2]
                         net (fo=2, routed)           0.665    27.835    dut/id_stage_i/stage_a_result__2[14]
    SLICE_X20Y13         LUT5 (Prop_lut5_I4_O)        0.301    28.136 r  dut/id_stage_i/modp_tp_i_2/O
                         net (fo=2, routed)           0.576    28.712    dut/i_horcrux/multiplier_tree_inst/u_shared_mul/modp_tp_0[14]
    DSP48_X1Y4           DSP48E1 (Prop_dsp48e1_B[13]_PCOUT[47])
                                                      3.851    32.563 r  dut/i_horcrux/multiplier_tree_inst/u_shared_mul/modp_tp/PCOUT[47]
                         net (fo=1, routed)           0.002    32.565    dut/i_horcrux/multiplier_tree_inst/u_shared_mul/modp_tp_n_106
    DSP48_X1Y5           DSP48E1 (Prop_dsp48e1_PCIN[47]_P[3])
                                                      1.518    34.083 r  dut/i_horcrux/multiplier_tree_inst/u_shared_mul/modp_tp__0/P[3]
                         net (fo=1, routed)           1.030    35.113    dut/i_horcrux/multiplier_tree_inst/u_shared_mul/modp_tp__0_n_102
    SLICE_X30Y11         LUT2 (Prop_lut2_I1_O)        0.124    35.237 r  dut/i_horcrux/multiplier_tree_inst/u_shared_mul/reg_B[11]_i_51/O
                         net (fo=1, routed)           0.000    35.237    dut/i_horcrux/multiplier_tree_inst/u_shared_mul/reg_B[11]_i_51_n_0
    SLICE_X30Y11         CARRY4 (Prop_carry4_S[1]_CO[3])
                                                      0.533    35.770 r  dut/i_horcrux/multiplier_tree_inst/u_shared_mul/reg_B_reg[11]_i_48/CO[3]
                         net (fo=1, routed)           0.000    35.770    dut/i_horcrux/multiplier_tree_inst/u_shared_mul/reg_B_reg[11]_i_48_n_0
    SLICE_X30Y12         CARRY4 (Prop_carry4_CI_CO[3])
                                                      0.117    35.887 r  dut/i_horcrux/multiplier_tree_inst/u_shared_mul/reg_B_reg[15]_i_41/CO[3]
                         net (fo=1, routed)           0.000    35.887    dut/i_horcrux/multiplier_tree_inst/u_shared_mul/reg_B_reg[15]_i_41_n_0
    SLICE_X30Y13         CARRY4 (Prop_carry4_CI_CO[3])
                                                      0.117    36.004 r  dut/i_horcrux/multiplier_tree_inst/u_shared_mul/reg_B_reg[19]_i_71/CO[3]
                         net (fo=1, routed)           0.000    36.004    dut/i_horcrux/multiplier_tree_inst/u_shared_mul/reg_B_reg[19]_i_71_n_0
    SLICE_X30Y14         CARRY4 (Prop_carry4_CI_CO[3])
                                                      0.117    36.121 r  dut/i_horcrux/multiplier_tree_inst/u_shared_mul/reg_B_reg[23]_i_77/CO[3]
                         net (fo=1, routed)           0.000    36.121    dut/i_horcrux/multiplier_tree_inst/u_shared_mul/reg_B_reg[23]_i_77_n_0
    SLICE_X30Y15         CARRY4 (Prop_carry4_CI_O[0])
                                                      0.219    36.340 r  dut/i_horcrux/multiplier_tree_inst/u_shared_mul/reg_B_reg[27]_i_73/O[0]
                         net (fo=1, routed)           0.625    36.965    dut/id_stage_i/modp_tp__3[36]
    SLICE_X31Y15         LUT4 (Prop_lut4_I3_O)        0.295    37.260 r  dut/id_stage_i/reg_B[27]_i_72/O
                         net (fo=1, routed)           0.000    37.260    dut/id_stage_i/reg_B[27]_i_72_n_0
    SLICE_X31Y15         CARRY4 (Prop_carry4_S[0]_CO[3])
                                                      0.532    37.792 r  dut/id_stage_i/reg_B_reg[27]_i_47/CO[3]
                         net (fo=1, routed)           0.000    37.792    dut/id_stage_i/reg_B_reg[27]_i_47_n_0
    SLICE_X31Y16         CARRY4 (Prop_carry4_CI_O[0])
                                                      0.222    38.014 r  dut/id_stage_i/reg_B_reg[31]_i_43/O[0]
                         net (fo=2, routed)           0.550    38.564    dut/id_stage_i/i_horcrux/multiplier_tree_inst/u_shared_mul/modp_shifted[25]
    SLICE_X32Y15         LUT2 (Prop_lut2_I0_O)        0.299    38.863 r  dut/id_stage_i/reg_B[27]_i_50/O
                         net (fo=1, routed)           0.000    38.863    dut/id_stage_i/reg_B[27]_i_50_n_0
    SLICE_X32Y15         CARRY4 (Prop_carry4_S[1]_CO[3])
                                                      0.533    39.396 r  dut/id_stage_i/reg_B_reg[27]_i_36/CO[3]
                         net (fo=1, routed)           0.000    39.396    dut/id_stage_i/reg_B_reg[27]_i_36_n_0
    SLICE_X32Y16         CARRY4 (Prop_carry4_CI_O[3])
                                                      0.315    39.711 r  dut/id_stage_i/reg_B_reg[31]_i_14/O[3]
                         net (fo=32, routed)          0.719    40.431    dut/id_stage_i/i_horcrux/multiplier_tree_inst/u_shared_mul/modp_sub[31]
    SLICE_X33Y11         LUT3 (Prop_lut3_I2_O)        0.307    40.738 r  dut/id_stage_i/reg_B[0]_i_14/O
                         net (fo=1, routed)           0.000    40.738    dut/id_stage_i/reg_B[0]_i_14_n_0
    SLICE_X33Y11         CARRY4 (Prop_carry4_S[1]_CO[3])
                                                      0.550    41.288 r  dut/id_stage_i/reg_B_reg[0]_i_4/CO[3]
                         net (fo=1, routed)           0.000    41.288    dut/id_stage_i/reg_B_reg[0]_i_4_n_0
    SLICE_X33Y12         CARRY4 (Prop_carry4_CI_CO[3])
                                                      0.114    41.402 r  dut/id_stage_i/reg_B_reg[7]_i_11/CO[3]
                         net (fo=1, routed)           0.000    41.402    dut/id_stage_i/reg_B_reg[7]_i_11_n_0
    SLICE_X33Y13         CARRY4 (Prop_carry4_CI_CO[3])
                                                      0.114    41.516 r  dut/id_stage_i/reg_B_reg[11]_i_9/CO[3]
                         net (fo=1, routed)           0.000    41.516    dut/id_stage_i/reg_B_reg[11]_i_9_n_0
    SLICE_X33Y14         CARRY4 (Prop_carry4_CI_O[2])
                                                      0.239    41.755 r  dut/id_stage_i/reg_B_reg[15]_i_7/O[2]
                         net (fo=1, routed)           0.733    42.487    dut/id_stage_i/i_horcrux/multiplier_tree_inst/u_shared_mul/data4[14]
    SLICE_X34Y17         LUT4 (Prop_lut4_I0_O)        0.302    42.789 r  dut/id_stage_i/reg_B[14]_i_4/O
                         net (fo=1, routed)           0.598    43.388    dut/id_stage_i/reg_B[14]_i_4_n_0
    SLICE_X34Y17         LUT5 (Prop_lut5_I0_O)        0.124    43.512 r  dut/id_stage_i/reg_B[14]_i_2/O
                         net (fo=15, routed)          0.543    44.055    dut/id_stage_i/i_horcrux/multiplier_tree_inst/mul_res_lo[14]
    SLICE_X41Y17         LUT2 (Prop_lut2_I1_O)        0.124    44.179 r  dut/id_stage_i/sig[31]_i_64/O
                         net (fo=1, routed)           0.000    44.179    dut/id_stage_i/sig[31]_i_64_n_0
    SLICE_X41Y17         CARRY4 (Prop_carry4_S[2]_CO[3])
                                                      0.398    44.577 r  dut/id_stage_i/sig_reg[31]_i_42/CO[3]
                         net (fo=1, routed)           0.000    44.577    dut/id_stage_i/sig_reg[31]_i_42_n_0
    SLICE_X41Y18         CARRY4 (Prop_carry4_CI_CO[0])
                                                      0.271    44.848 r  dut/id_stage_i/sig_reg[31]_i_43/CO[0]
                         net (fo=6, routed)           0.349    45.196    dut/id_stage_i/sig_reg[31]_i_43_n_3
    SLICE_X42Y17         LUT2 (Prop_lut2_I1_O)        0.373    45.569 r  dut/id_stage_i/sig[19]_i_30/O
                         net (fo=1, routed)           0.000    45.569    dut/id_stage_i/sig[19]_i_30_n_0
    SLICE_X42Y17         CARRY4 (Prop_carry4_S[0]_O[2])
                                                      0.544    46.113 r  dut/id_stage_i/sig_reg[19]_i_18/O[2]
                         net (fo=1, routed)           0.575    46.688    dut/id_stage_i/i_horcrux/multiplier_tree_inst/result_o0[2]
    SLICE_X41Y19         LUT6 (Prop_lut6_I3_O)        0.301    46.989 r  dut/id_stage_i/sig[18]_i_17/O
                         net (fo=1, routed)           0.000    46.989    dut/id_stage_i/sig[18]_i_17_n_0
    SLICE_X41Y19         MUXF7 (Prop_muxf7_I1_O)      0.217    47.206 r  dut/id_stage_i/sig_reg[18]_i_9/O
                         net (fo=1, routed)           0.637    47.843    dut/id_stage_i/sig_reg[18]_i_9_n_0
    SLICE_X49Y19         LUT5 (Prop_lut5_I4_O)        0.299    48.142 r  dut/id_stage_i/sig[18]_i_5/O
                         net (fo=1, routed)           0.544    48.687    dut/id_stage_i/sig[18]_i_5_n_0
    SLICE_X49Y16         LUT6 (Prop_lut6_I4_O)        0.124    48.811 r  dut/id_stage_i/sig[18]_i_2/O
                         net (fo=1, routed)           0.403    49.214    dut/id_stage_i/rd_values[rd1][18]
    SLICE_X49Y16         LUT2 (Prop_lut2_I0_O)        0.124    49.338 r  dut/id_stage_i/sig[18]_i_1/O
                         net (fo=1, routed)           0.000    49.338    dut_n_13
    SLICE_X49Y16         FDCE                                         r  sig_reg[18]/D
  -------------------------------------------------------------------    -------------------

                         (clock clk rise edge)       45.000    45.000 r  
    U7                                                0.000    45.000 r  clk (IN)
                         net (fo=0)                   0.000    45.000    clk
    U7                   IBUF (Prop_ibuf_I_O)         0.924    45.924 r  clk_IBUF_inst/O
                         net (fo=1, routed)           1.972    47.896    clk_IBUF
    BUFGCTRL_X0Y0        BUFG (Prop_bufg_I_O)         0.091    47.987 r  clk_IBUF_BUFG_inst/O
                         net (fo=4221, routed)        1.483    49.470    clk_IBUF_BUFG
    SLICE_X49Y16         FDCE                                         r  sig_reg[18]/C
                         clock pessimism              0.458    49.928    
                         clock uncertainty           -0.035    49.893    
    SLICE_X49Y16         FDCE (Setup_fdce_C_D)        0.029    49.922    sig_reg[18]
  -------------------------------------------------------------------
                         required time                         49.922    
                         arrival time                         -49.338    
  -------------------------------------------------------------------
                         slack                                  0.585    

Slack (MET) :             0.585ns  (required time - arrival time)
  Source:                 dut/id_stage_i/rs_values_o_reg[rs1][28]/C
                            (rising edge-triggered cell FDCE clocked by clk  {rise@0.000ns fall@22.500ns period=45.000ns})
  Destination:            sig_reg[18]/D
                            (rising edge-triggered cell FDCE clocked by clk  {rise@0.000ns fall@22.500ns period=45.000ns})
  Path Group:             clk
  Path Type:              Setup (Max at Slow Process Corner)
  Requirement:            45.000ns  (clk rise@45.000ns - clk rise@0.000ns)
  Data Path Delay:        44.341ns  (logic 27.675ns (62.414%)  route 16.666ns (37.586%))
  Logic Levels:           53  (CARRY4=26 DSP48E1=5 LUT2=7 LUT3=2 LUT4=5 LUT5=3 LUT6=4 MUXF7=1)
  Clock Path Skew:        -0.068ns (DCD - SCD + CPR)
    Destination Clock Delay (DCD):    4.470ns = ( 49.470 - 45.000 ) 
    Source Clock Delay      (SCD):    4.996ns
    Clock Pessimism Removal (CPR):    0.458ns
  Clock Uncertainty:      0.035ns  ((TSJ^2 + TIJ^2)^1/2 + DJ) / 2 + PE
    Total System Jitter     (TSJ):    0.071ns
    Total Input Jitter      (TIJ):    0.000ns
    Discrete Jitter          (DJ):    0.000ns
    Phase Error              (PE):    0.000ns

    Location             Delay type                Incr(ns)  Path(ns)    Netlist Resource(s)
  -------------------------------------------------------------------    -------------------
                         (clock clk rise edge)        0.000     0.000 r  
    U7                                                0.000     0.000 r  clk (IN)
                         net (fo=0)                   0.000     0.000    clk
    U7                   IBUF (Prop_ibuf_I_O)         1.058     1.058 r  clk_IBUF_inst/O
                         net (fo=1, routed)           2.171     3.229    clk_IBUF
    BUFGCTRL_X0Y0        BUFG (Prop_bufg_I_O)         0.101     3.330 r  clk_IBUF_BUFG_inst/O
                         net (fo=4221, routed)        1.666     4.996    dut/id_stage_i/clk_IBUF_BUFG
    SLICE_X37Y6          FDCE                                         r  dut/id_stage_i/rs_values_o_reg[rs1][28]/C
  -------------------------------------------------------------------    -------------------
    SLICE_X37Y6          FDCE (Prop_fdce_C_Q)         0.456     5.452 r  dut/id_stage_i/rs_values_o_reg[rs1][28]/Q
                         net (fo=153, routed)         1.079     6.532    dut/id_stage_i/rs_values_o[rs1][21]
    SLICE_X37Y5          LUT4 (Prop_lut4_I0_O)        0.124     6.656 r  dut/id_stage_i/int_prod_i_165/O
                         net (fo=1, routed)           0.000     6.656    dut/id_stage_i/int_prod_i_165_n_0
    SLICE_X37Y5          CARRY4 (Prop_carry4_S[2]_CO[3])
                                                      0.398     7.054 r  dut/id_stage_i/int_prod_i_156/CO[3]
                         net (fo=9, routed)           1.181     8.235    dut/id_stage_i/i_horcrux/multiplier_tree_inst/mul_op_b2
    SLICE_X36Y2          LUT4 (Prop_lut4_I1_O)        0.124     8.359 r  dut/id_stage_i/int_prod_i_146/O
                         net (fo=1, routed)           0.000     8.359    dut/id_stage_i/int_prod_i_146_n_0
    SLICE_X36Y2          CARRY4 (Prop_carry4_S[1]_CO[3])
                                                      0.533     8.892 r  dut/id_stage_i/int_prod_i_84/CO[3]
                         net (fo=1, routed)           0.000     8.892    dut/id_stage_i/int_prod_i_84_n_0
    SLICE_X36Y3          CARRY4 (Prop_carry4_CI_CO[3])
                                                      0.117     9.009 r  dut/id_stage_i/int_prod_i_81/CO[3]
                         net (fo=1, routed)           0.000     9.009    dut/id_stage_i/int_prod_i_81_n_0
    SLICE_X36Y4          CARRY4 (Prop_carry4_CI_CO[3])
                                                      0.117     9.126 r  dut/id_stage_i/int_prod_i_78/CO[3]
                         net (fo=1, routed)           0.000     9.126    dut/id_stage_i/int_prod_i_78_n_0
    SLICE_X36Y5          CARRY4 (Prop_carry4_CI_O[2])
                                                      0.239     9.365 r  dut/id_stage_i/int_prod_i_75/O[2]
                         net (fo=2, routed)           0.811    10.176    dut/id_stage_i/i_horcrux/multiplier_tree_inst/data2[14]
    SLICE_X36Y7          LUT3 (Prop_lut3_I0_O)        0.301    10.477 r  dut/id_stage_i/int_prod_i_42/O
                         net (fo=1, routed)           0.541    11.018    dut/id_stage_i/int_prod_i_42_n_0
    SLICE_X36Y7          LUT6 (Prop_lut6_I2_O)        0.124    11.142 r  dut/id_stage_i/int_prod_i_18/O
                         net (fo=35, routed)          0.495    11.637    dut/i_horcrux/multiplier_tree_inst/u_shared_mul/u_primary_mul/B[14]
    DSP48_X2Y2           DSP48E1 (Prop_dsp48e1_B[14]_PCOUT[47])
                                                      3.851    15.488 r  dut/i_horcrux/multiplier_tree_inst/u_shared_mul/u_primary_mul/int_prod__1/PCOUT[47]
                         net (fo=1, routed)           0.002    15.490    dut/i_horcrux/multiplier_tree_inst/u_shared_mul/u_primary_mul/int_prod__1_n_106
    DSP48_X2Y3           DSP48E1 (Prop_dsp48e1_PCIN[47]_P[0])
                                                      1.518    17.008 r  dut/i_horcrux/multiplier_tree_inst/u_shared_mul/u_primary_mul/int_prod__2/P[0]
                         net (fo=2, routed)           0.846    17.853    dut/i_horcrux/multiplier_tree_inst/u_shared_mul/u_primary_mul/int_prod__2_n_105
    SLICE_X34Y1          LUT2 (Prop_lut2_I0_O)        0.124    17.977 f  dut/i_horcrux/multiplier_tree_inst/u_shared_mul/u_primary_mul/int_prod_carry_i_3/O
                         net (fo=1, routed)           0.000    17.977    dut/i_horcrux/multiplier_tree_inst/u_shared_mul/u_primary_mul/int_prod_carry_i_3_n_0
    SLICE_X34Y1          CARRY4 (Prop_carry4_S[1]_CO[3])
                                                      0.533    18.510 f  dut/i_horcrux/multiplier_tree_inst/u_shared_mul/u_primary_mul/int_prod_carry/CO[3]
                         net (fo=1, routed)           0.000    18.510    dut/i_horcrux/multiplier_tree_inst/u_shared_mul/u_primary_mul/int_prod_carry_n_0
    SLICE_X34Y2          CARRY4 (Prop_carry4_CI_O[2])
                                                      0.239    18.749 r  dut/i_horcrux/multiplier_tree_inst/u_shared_mul/u_primary_mul/int_prod_carry__0/O[2]
                         net (fo=1, routed)           0.848    19.598    dut/id_stage_i/int_prod__140[6]
    SLICE_X35Y2          LUT6 (Prop_lut6_I5_O)        0.301    19.899 r  dut/id_stage_i/stage_a_result_i_40/O
                         net (fo=8, routed)           0.924    20.823    dut/id_stage_i/i_horcrux/multiplier_tree_inst/u_shared_mul/full_prod[22]
    SLICE_X23Y2          LUT4 (Prop_lut4_I3_O)        0.124    20.947 r  dut/id_stage_i/stage_a_result_i_16/O
                         net (fo=1, routed)           0.540    21.487    dut/i_horcrux/multiplier_tree_inst/u_shared_mul/stage_a_result_0[5]
    DSP48_X1Y0           DSP48E1 (Prop_dsp48e1_A[5]_P[3])
                                                      3.841    25.328 r  dut/i_horcrux/multiplier_tree_inst/u_shared_mul/stage_a_result/P[3]
                         net (fo=1, routed)           0.849    26.177    dut/i_horcrux/multiplier_tree_inst/u_shared_mul/stage_a_result_n_102
    SLICE_X20Y7          LUT2 (Prop_lut2_I1_O)        0.124    26.301 r  dut/i_horcrux/multiplier_tree_inst/u_shared_mul/modp_tp_i_31/O
                         net (fo=1, routed)           0.000    26.301    dut/i_horcrux/multiplier_tree_inst/u_shared_mul/modp_tp_i_31_n_0
    SLICE_X20Y7          CARRY4 (Prop_carry4_S[0]_CO[3])
                                                      0.513    26.814 r  dut/i_horcrux/multiplier_tree_inst/u_shared_mul/modp_tp_i_18/CO[3]
                         net (fo=1, routed)           0.000    26.814    dut/i_horcrux/multiplier_tree_inst/u_shared_mul/modp_tp_i_18_n_0
    SLICE_X20Y8          CARRY4 (Prop_carry4_CI_CO[3])
                                                      0.117    26.931 r  dut/i_horcrux/multiplier_tree_inst/u_shared_mul/modp_tp_i_17/CO[3]
                         net (fo=1, routed)           0.000    26.931    dut/i_horcrux/multiplier_tree_inst/u_shared_mul/modp_tp_i_17_n_0
    SLICE_X20Y9          CARRY4 (Prop_carry4_CI_O[2])
                                                      0.239    27.170 r  dut/i_horcrux/multiplier_tree_inst/u_shared_mul/modp_tp_i_16/O[2]
                         net (fo=2, routed)           0.665    27.835    dut/id_stage_i/stage_a_result__2[14]
    SLICE_X20Y13         LUT5 (Prop_lut5_I4_O)        0.301    28.136 r  dut/id_stage_i/modp_tp_i_2/O
                         net (fo=2, routed)           0.576    28.712    dut/i_horcrux/multiplier_tree_inst/u_shared_mul/modp_tp_0[14]
    DSP48_X1Y4           DSP48E1 (Prop_dsp48e1_B[13]_PCOUT[47])
                                                      3.851    32.563 r  dut/i_horcrux/multiplier_tree_inst/u_shared_mul/modp_tp/PCOUT[47]
                         net (fo=1, routed)           0.002    32.565    dut/i_horcrux/multiplier_tree_inst/u_shared_mul/modp_tp_n_106
    DSP48_X1Y5           DSP48E1 (Prop_dsp48e1_PCIN[47]_P[3])
                                                      1.518    34.083 r  dut/i_horcrux/multiplier_tree_inst/u_shared_mul/modp_tp__0/P[3]
                         net (fo=1, routed)           1.030    35.113    dut/i_horcrux/multiplier_tree_inst/u_shared_mul/modp_tp__0_n_102
    SLICE_X30Y11         LUT2 (Prop_lut2_I1_O)        0.124    35.237 r  dut/i_horcrux/multiplier_tree_inst/u_shared_mul/reg_B[11]_i_51/O
                         net (fo=1, routed)           0.000    35.237    dut/i_horcrux/multiplier_tree_inst/u_shared_mul/reg_B[11]_i_51_n_0
    SLICE_X30Y11         CARRY4 (Prop_carry4_S[1]_CO[3])
                                                      0.533    35.770 r  dut/i_horcrux/multiplier_tree_inst/u_shared_mul/reg_B_reg[11]_i_48/CO[3]
                         net (fo=1, routed)           0.000    35.770    dut/i_horcrux/multiplier_tree_inst/u_shared_mul/reg_B_reg[11]_i_48_n_0
    SLICE_X30Y12         CARRY4 (Prop_carry4_CI_CO[3])
                                                      0.117    35.887 r  dut/i_horcrux/multiplier_tree_inst/u_shared_mul/reg_B_reg[15]_i_41/CO[3]
                         net (fo=1, routed)           0.000    35.887    dut/i_horcrux/multiplier_tree_inst/u_shared_mul/reg_B_reg[15]_i_41_n_0
    SLICE_X30Y13         CARRY4 (Prop_carry4_CI_CO[3])
                                                      0.117    36.004 r  dut/i_horcrux/multiplier_tree_inst/u_shared_mul/reg_B_reg[19]_i_71/CO[3]
                         net (fo=1, routed)           0.000    36.004    dut/i_horcrux/multiplier_tree_inst/u_shared_mul/reg_B_reg[19]_i_71_n_0
    SLICE_X30Y14         CARRY4 (Prop_carry4_CI_CO[3])
                                                      0.117    36.121 r  dut/i_horcrux/multiplier_tree_inst/u_shared_mul/reg_B_reg[23]_i_77/CO[3]
                         net (fo=1, routed)           0.000    36.121    dut/i_horcrux/multiplier_tree_inst/u_shared_mul/reg_B_reg[23]_i_77_n_0
    SLICE_X30Y15         CARRY4 (Prop_carry4_CI_O[0])
                                                      0.219    36.340 r  dut/i_horcrux/multiplier_tree_inst/u_shared_mul/reg_B_reg[27]_i_73/O[0]
                         net (fo=1, routed)           0.625    36.965    dut/id_stage_i/modp_tp__3[36]
    SLICE_X31Y15         LUT4 (Prop_lut4_I3_O)        0.295    37.260 r  dut/id_stage_i/reg_B[27]_i_72/O
                         net (fo=1, routed)           0.000    37.260    dut/id_stage_i/reg_B[27]_i_72_n_0
    SLICE_X31Y15         CARRY4 (Prop_carry4_S[0]_CO[3])
                                                      0.532    37.792 r  dut/id_stage_i/reg_B_reg[27]_i_47/CO[3]
                         net (fo=1, routed)           0.000    37.792    dut/id_stage_i/reg_B_reg[27]_i_47_n_0
    SLICE_X31Y16         CARRY4 (Prop_carry4_CI_O[0])
                                                      0.222    38.014 r  dut/id_stage_i/reg_B_reg[31]_i_43/O[0]
                         net (fo=2, routed)           0.550    38.564    dut/id_stage_i/i_horcrux/multiplier_tree_inst/u_shared_mul/modp_shifted[25]
    SLICE_X32Y15         LUT2 (Prop_lut2_I0_O)        0.299    38.863 r  dut/id_stage_i/reg_B[27]_i_50/O
                         net (fo=1, routed)           0.000    38.863    dut/id_stage_i/reg_B[27]_i_50_n_0
    SLICE_X32Y15         CARRY4 (Prop_carry4_S[1]_CO[3])
                                                      0.533    39.396 r  dut/id_stage_i/reg_B_reg[27]_i_36/CO[3]
                         net (fo=1, routed)           0.000    39.396    dut/id_stage_i/reg_B_reg[27]_i_36_n_0
    SLICE_X32Y16         CARRY4 (Prop_carry4_CI_O[3])
                                                      0.315    39.711 r  dut/id_stage_i/reg_B_reg[31]_i_14/O[3]
                         net (fo=32, routed)          0.719    40.431    dut/id_stage_i/i_horcrux/multiplier_tree_inst/u_shared_mul/modp_sub[31]
    SLICE_X33Y11         LUT3 (Prop_lut3_I2_O)        0.307    40.738 r  dut/id_stage_i/reg_B[0]_i_14/O
                         net (fo=1, routed)           0.000    40.738    dut/id_stage_i/reg_B[0]_i_14_n_0
    SLICE_X33Y11         CARRY4 (Prop_carry4_S[1]_CO[3])
                                                      0.550    41.288 r  dut/id_stage_i/reg_B_reg[0]_i_4/CO[3]
                         net (fo=1, routed)           0.000    41.288    dut/id_stage_i/reg_B_reg[0]_i_4_n_0
    SLICE_X33Y12         CARRY4 (Prop_carry4_CI_CO[3])
                                                      0.114    41.402 r  dut/id_stage_i/reg_B_reg[7]_i_11/CO[3]
                         net (fo=1, routed)           0.000    41.402    dut/id_stage_i/reg_B_reg[7]_i_11_n_0
    SLICE_X33Y13         CARRY4 (Prop_carry4_CI_CO[3])
                                                      0.114    41.516 r  dut/id_stage_i/reg_B_reg[11]_i_9/CO[3]
                         net (fo=1, routed)           0.000    41.516    dut/id_stage_i/reg_B_reg[11]_i_9_n_0
    SLICE_X33Y14         CARRY4 (Prop_carry4_CI_O[2])
                                                      0.239    41.755 r  dut/id_stage_i/reg_B_reg[15]_i_7/O[2]
                         net (fo=1, routed)           0.733    42.487    dut/id_stage_i/i_horcrux/multiplier_tree_inst/u_shared_mul/data4[14]
    SLICE_X34Y17         LUT4 (Prop_lut4_I0_O)        0.302    42.789 r  dut/id_stage_i/reg_B[14]_i_4/O
                         net (fo=1, routed)           0.598    43.388    dut/id_stage_i/reg_B[14]_i_4_n_0
    SLICE_X34Y17         LUT5 (Prop_lut5_I0_O)        0.124    43.512 r  dut/id_stage_i/reg_B[14]_i_2/O
                         net (fo=15, routed)          0.543    44.055    dut/id_stage_i/i_horcrux/multiplier_tree_inst/mul_res_lo[14]
    SLICE_X41Y17         LUT2 (Prop_lut2_I1_O)        0.124    44.179 r  dut/id_stage_i/sig[31]_i_64/O
                         net (fo=1, routed)           0.000    44.179    dut/id_stage_i/sig[31]_i_64_n_0
    SLICE_X41Y17         CARRY4 (Prop_carry4_S[2]_CO[3])
                                                      0.398    44.577 r  dut/id_stage_i/sig_reg[31]_i_42/CO[3]
                         net (fo=1, routed)           0.000    44.577    dut/id_stage_i/sig_reg[31]_i_42_n_0
    SLICE_X41Y18         CARRY4 (Prop_carry4_CI_CO[0])
                                                      0.271    44.848 r  dut/id_stage_i/sig_reg[31]_i_43/CO[0]
                         net (fo=6, routed)           0.349    45.196    dut/id_stage_i/sig_reg[31]_i_43_n_3
    SLICE_X42Y17         LUT2 (Prop_lut2_I1_O)        0.373    45.569 r  dut/id_stage_i/sig[19]_i_30/O
                         net (fo=1, routed)           0.000    45.569    dut/id_stage_i/sig[19]_i_30_n_0
    SLICE_X42Y17         CARRY4 (Prop_carry4_S[0]_O[2])
                                                      0.544    46.113 r  dut/id_stage_i/sig_reg[19]_i_18/O[2]
                         net (fo=1, routed)           0.575    46.688    dut/id_stage_i/i_horcrux/multiplier_tree_inst/result_o0[2]
    SLICE_X41Y19         LUT6 (Prop_lut6_I3_O)        0.301    46.989 r  dut/id_stage_i/sig[18]_i_17/O
                         net (fo=1, routed)           0.000    46.989    dut/id_stage_i/sig[18]_i_17_n_0
    SLICE_X41Y19         MUXF7 (Prop_muxf7_I1_O)      0.217    47.206 r  dut/id_stage_i/sig_reg[18]_i_9/O
                         net (fo=1, routed)           0.637    47.843    dut/id_stage_i/sig_reg[18]_i_9_n_0
    SLICE_X49Y19         LUT5 (Prop_lut5_I4_O)        0.299    48.142 r  dut/id_stage_i/sig[18]_i_5/O
                         net (fo=1, routed)           0.544    48.687    dut/id_stage_i/sig[18]_i_5_n_0
    SLICE_X49Y16         LUT6 (Prop_lut6_I4_O)        0.124    48.811 r  dut/id_stage_i/sig[18]_i_2/O
                         net (fo=1, routed)           0.403    49.214    dut/id_stage_i/rd_values[rd1][18]
    SLICE_X49Y16         LUT2 (Prop_lut2_I0_O)        0.124    49.338 r  dut/id_stage_i/sig[18]_i_1/O
                         net (fo=1, routed)           0.000    49.338    dut_n_13
    SLICE_X49Y16         FDCE                                         r  sig_reg[18]/D
  -------------------------------------------------------------------    -------------------

                         (clock clk rise edge)       45.000    45.000 r  
    U7                                                0.000    45.000 r  clk (IN)
                         net (fo=0)                   0.000    45.000    clk
    U7                   IBUF (Prop_ibuf_I_O)         0.924    45.924 r  clk_IBUF_inst/O
                         net (fo=1, routed)           1.972    47.896    clk_IBUF
    BUFGCTRL_X0Y0        BUFG (Prop_bufg_I_O)         0.091    47.987 r  clk_IBUF_BUFG_inst/O
                         net (fo=4221, routed)        1.483    49.470    clk_IBUF_BUFG
    SLICE_X49Y16         FDCE                                         r  sig_reg[18]/C
                         clock pessimism              0.458    49.928    
                         clock uncertainty           -0.035    49.893    
    SLICE_X49Y16         FDCE (Setup_fdce_C_D)        0.029    49.922    sig_reg[18]
  -------------------------------------------------------------------
                         required time                         49.922    
                         arrival time                         -49.338    
  -------------------------------------------------------------------
                         slack                                  0.585    

Slack (MET) :             0.585ns  (required time - arrival time)
  Source:                 dut/id_stage_i/rs_values_o_reg[rs1][28]/C
                            (rising edge-triggered cell FDCE clocked by clk  {rise@0.000ns fall@22.500ns period=45.000ns})
  Destination:            sig_reg[18]/D
                            (rising edge-triggered cell FDCE clocked by clk  {rise@0.000ns fall@22.500ns period=45.000ns})
  Path Group:             clk
  Path Type:              Setup (Max at Slow Process Corner)
  Requirement:            45.000ns  (clk rise@45.000ns - clk rise@0.000ns)
  Data Path Delay:        44.341ns  (logic 27.675ns (62.414%)  route 16.666ns (37.586%))
  Logic Levels:           53  (CARRY4=26 DSP48E1=5 LUT2=7 LUT3=2 LUT4=5 LUT5=3 LUT6=4 MUXF7=1)
  Clock Path Skew:        -0.068ns (DCD - SCD + CPR)
    Destination Clock Delay (DCD):    4.470ns = ( 49.470 - 45.000 ) 
    Source Clock Delay      (SCD):    4.996ns
    Clock Pessimism Removal (CPR):    0.458ns
  Clock Uncertainty:      0.035ns  ((TSJ^2 + TIJ^2)^1/2 + DJ) / 2 + PE
    Total System Jitter     (TSJ):    0.071ns
    Total Input Jitter      (TIJ):    0.000ns
    Discrete Jitter          (DJ):    0.000ns
    Phase Error              (PE):    0.000ns

    Location             Delay type                Incr(ns)  Path(ns)    Netlist Resource(s)
  -------------------------------------------------------------------    -------------------
                         (clock clk rise edge)        0.000     0.000 r  
    U7                                                0.000     0.000 r  clk (IN)
                         net (fo=0)                   0.000     0.000    clk
    U7                   IBUF (Prop_ibuf_I_O)         1.058     1.058 r  clk_IBUF_inst/O
                         net (fo=1, routed)           2.171     3.229    clk_IBUF
    BUFGCTRL_X0Y0        BUFG (Prop_bufg_I_O)         0.101     3.330 r  clk_IBUF_BUFG_inst/O
                         net (fo=4221, routed)        1.666     4.996    dut/id_stage_i/clk_IBUF_BUFG
    SLICE_X37Y6          FDCE                                         r  dut/id_stage_i/rs_values_o_reg[rs1][28]/C
  -------------------------------------------------------------------    -------------------
    SLICE_X37Y6          FDCE (Prop_fdce_C_Q)         0.456     5.452 r  dut/id_stage_i/rs_values_o_reg[rs1][28]/Q
                         net (fo=153, routed)         1.079     6.532    dut/id_stage_i/rs_values_o[rs1][21]
    SLICE_X37Y5          LUT4 (Prop_lut4_I0_O)        0.124     6.656 r  dut/id_stage_i/int_prod_i_165/O
                         net (fo=1, routed)           0.000     6.656    dut/id_stage_i/int_prod_i_165_n_0
    SLICE_X37Y5          CARRY4 (Prop_carry4_S[2]_CO[3])
                                                      0.398     7.054 r  dut/id_stage_i/int_prod_i_156/CO[3]
                         net (fo=9, routed)           1.181     8.235    dut/id_stage_i/i_horcrux/multiplier_tree_inst/mul_op_b2
    SLICE_X36Y2          LUT4 (Prop_lut4_I1_O)        0.124     8.359 r  dut/id_stage_i/int_prod_i_146/O
                         net (fo=1, routed)           0.000     8.359    dut/id_stage_i/int_prod_i_146_n_0
    SLICE_X36Y2          CARRY4 (Prop_carry4_S[1]_CO[3])
                                                      0.533     8.892 r  dut/id_stage_i/int_prod_i_84/CO[3]
                         net (fo=1, routed)           0.000     8.892    dut/id_stage_i/int_prod_i_84_n_0
    SLICE_X36Y3          CARRY4 (Prop_carry4_CI_CO[3])
                                                      0.117     9.009 r  dut/id_stage_i/int_prod_i_81/CO[3]
                         net (fo=1, routed)           0.000     9.009    dut/id_stage_i/int_prod_i_81_n_0
    SLICE_X36Y4          CARRY4 (Prop_carry4_CI_CO[3])
                                                      0.117     9.126 r  dut/id_stage_i/int_prod_i_78/CO[3]
                         net (fo=1, routed)           0.000     9.126    dut/id_stage_i/int_prod_i_78_n_0
    SLICE_X36Y5          CARRY4 (Prop_carry4_CI_O[2])
                                                      0.239     9.365 f  dut/id_stage_i/int_prod_i_75/O[2]
                         net (fo=2, routed)           0.811    10.176    dut/id_stage_i/i_horcrux/multiplier_tree_inst/data2[14]
    SLICE_X36Y7          LUT3 (Prop_lut3_I0_O)        0.301    10.477 f  dut/id_stage_i/int_prod_i_42/O
                         net (fo=1, routed)           0.541    11.018    dut/id_stage_i/int_prod_i_42_n_0
    SLICE_X36Y7          LUT6 (Prop_lut6_I2_O)        0.124    11.142 f  dut/id_stage_i/int_prod_i_18/O
                         net (fo=35, routed)          0.495    11.637    dut/i_horcrux/multiplier_tree_inst/u_shared_mul/u_primary_mul/B[14]
    DSP48_X2Y2           DSP48E1 (Prop_dsp48e1_B[14]_PCOUT[47])
                                                      3.851    15.488 r  dut/i_horcrux/multiplier_tree_inst/u_shared_mul/u_primary_mul/int_prod__1/PCOUT[47]
                         net (fo=1, routed)           0.002    15.490    dut/i_horcrux/multiplier_tree_inst/u_shared_mul/u_primary_mul/int_prod__1_n_106
    DSP48_X2Y3           DSP48E1 (Prop_dsp48e1_PCIN[47]_P[0])
                                                      1.518    17.008 r  dut/i_horcrux/multiplier_tree_inst/u_shared_mul/u_primary_mul/int_prod__2/P[0]
                         net (fo=2, routed)           0.846    17.853    dut/i_horcrux/multiplier_tree_inst/u_shared_mul/u_primary_mul/int_prod__2_n_105
    SLICE_X34Y1          LUT2 (Prop_lut2_I0_O)        0.124    17.977 f  dut/i_horcrux/multiplier_tree_inst/u_shared_mul/u_primary_mul/int_prod_carry_i_3/O
                         net (fo=1, routed)           0.000    17.977    dut/i_horcrux/multiplier_tree_inst/u_shared_mul/u_primary_mul/int_prod_carry_i_3_n_0
    SLICE_X34Y1          CARRY4 (Prop_carry4_S[1]_CO[3])
                                                      0.533    18.510 f  dut/i_horcrux/multiplier_tree_inst/u_shared_mul/u_primary_mul/int_prod_carry/CO[3]
                         net (fo=1, routed)           0.000    18.510    dut/i_horcrux/multiplier_tree_inst/u_shared_mul/u_primary_mul/int_prod_carry_n_0
    SLICE_X34Y2          CARRY4 (Prop_carry4_CI_O[2])
                                                      0.239    18.749 r  dut/i_horcrux/multiplier_tree_inst/u_shared_mul/u_primary_mul/int_prod_carry__0/O[2]
                         net (fo=1, routed)           0.848    19.598    dut/id_stage_i/int_prod__140[6]
    SLICE_X35Y2          LUT6 (Prop_lut6_I5_O)        0.301    19.899 r  dut/id_stage_i/stage_a_result_i_40/O
                         net (fo=8, routed)           0.924    20.823    dut/id_stage_i/i_horcrux/multiplier_tree_inst/u_shared_mul/full_prod[22]
    SLICE_X23Y2          LUT4 (Prop_lut4_I3_O)        0.124    20.947 r  dut/id_stage_i/stage_a_result_i_16/O
                         net (fo=1, routed)           0.540    21.487    dut/i_horcrux/multiplier_tree_inst/u_shared_mul/stage_a_result_0[5]
    DSP48_X1Y0           DSP48E1 (Prop_dsp48e1_A[5]_P[3])
                                                      3.841    25.328 r  dut/i_horcrux/multiplier_tree_inst/u_shared_mul/stage_a_result/P[3]
                         net (fo=1, routed)           0.849    26.177    dut/i_horcrux/multiplier_tree_inst/u_shared_mul/stage_a_result_n_102
    SLICE_X20Y7          LUT2 (Prop_lut2_I1_O)        0.124    26.301 r  dut/i_horcrux/multiplier_tree_inst/u_shared_mul/modp_tp_i_31/O
                         net (fo=1, routed)           0.000    26.301    dut/i_horcrux/multiplier_tree_inst/u_shared_mul/modp_tp_i_31_n_0
    SLICE_X20Y7          CARRY4 (Prop_carry4_S[0]_CO[3])
                                                      0.513    26.814 r  dut/i_horcrux/multiplier_tree_inst/u_shared_mul/modp_tp_i_18/CO[3]
                         net (fo=1, routed)           0.000    26.814    dut/i_horcrux/multiplier_tree_inst/u_shared_mul/modp_tp_i_18_n_0
    SLICE_X20Y8          CARRY4 (Prop_carry4_CI_CO[3])
                                                      0.117    26.931 r  dut/i_horcrux/multiplier_tree_inst/u_shared_mul/modp_tp_i_17/CO[3]
                         net (fo=1, routed)           0.000    26.931    dut/i_horcrux/multiplier_tree_inst/u_shared_mul/modp_tp_i_17_n_0
    SLICE_X20Y9          CARRY4 (Prop_carry4_CI_O[2])
                                                      0.239    27.170 r  dut/i_horcrux/multiplier_tree_inst/u_shared_mul/modp_tp_i_16/O[2]
                         net (fo=2, routed)           0.665    27.835    dut/id_stage_i/stage_a_result__2[14]
    SLICE_X20Y13         LUT5 (Prop_lut5_I4_O)        0.301    28.136 r  dut/id_stage_i/modp_tp_i_2/O
                         net (fo=2, routed)           0.576    28.712    dut/i_horcrux/multiplier_tree_inst/u_shared_mul/modp_tp_0[14]
    DSP48_X1Y4           DSP48E1 (Prop_dsp48e1_B[13]_PCOUT[47])
                                                      3.851    32.563 r  dut/i_horcrux/multiplier_tree_inst/u_shared_mul/modp_tp/PCOUT[47]
                         net (fo=1, routed)           0.002    32.565    dut/i_horcrux/multiplier_tree_inst/u_shared_mul/modp_tp_n_106
    DSP48_X1Y5           DSP48E1 (Prop_dsp48e1_PCIN[47]_P[3])
                                                      1.518    34.083 r  dut/i_horcrux/multiplier_tree_inst/u_shared_mul/modp_tp__0/P[3]
                         net (fo=1, routed)           1.030    35.113    dut/i_horcrux/multiplier_tree_inst/u_shared_mul/modp_tp__0_n_102
    SLICE_X30Y11         LUT2 (Prop_lut2_I1_O)        0.124    35.237 r  dut/i_horcrux/multiplier_tree_inst/u_shared_mul/reg_B[11]_i_51/O
                         net (fo=1, routed)           0.000    35.237    dut/i_horcrux/multiplier_tree_inst/u_shared_mul/reg_B[11]_i_51_n_0
    SLICE_X30Y11         CARRY4 (Prop_carry4_S[1]_CO[3])
                                                      0.533    35.770 r  dut/i_horcrux/multiplier_tree_inst/u_shared_mul/reg_B_reg[11]_i_48/CO[3]
                         net (fo=1, routed)           0.000    35.770    dut/i_horcrux/multiplier_tree_inst/u_shared_mul/reg_B_reg[11]_i_48_n_0
    SLICE_X30Y12         CARRY4 (Prop_carry4_CI_CO[3])
                                                      0.117    35.887 r  dut/i_horcrux/multiplier_tree_inst/u_shared_mul/reg_B_reg[15]_i_41/CO[3]
                         net (fo=1, routed)           0.000    35.887    dut/i_horcrux/multiplier_tree_inst/u_shared_mul/reg_B_reg[15]_i_41_n_0
    SLICE_X30Y13         CARRY4 (Prop_carry4_CI_CO[3])
                                                      0.117    36.004 r  dut/i_horcrux/multiplier_tree_inst/u_shared_mul/reg_B_reg[19]_i_71/CO[3]
                         net (fo=1, routed)           0.000    36.004    dut/i_horcrux/multiplier_tree_inst/u_shared_mul/reg_B_reg[19]_i_71_n_0
    SLICE_X30Y14         CARRY4 (Prop_carry4_CI_CO[3])
                                                      0.117    36.121 r  dut/i_horcrux/multiplier_tree_inst/u_shared_mul/reg_B_reg[23]_i_77/CO[3]
                         net (fo=1, routed)           0.000    36.121    dut/i_horcrux/multiplier_tree_inst/u_shared_mul/reg_B_reg[23]_i_77_n_0
    SLICE_X30Y15         CARRY4 (Prop_carry4_CI_O[0])
                                                      0.219    36.340 r  dut/i_horcrux/multiplier_tree_inst/u_shared_mul/reg_B_reg[27]_i_73/O[0]
                         net (fo=1, routed)           0.625    36.965    dut/id_stage_i/modp_tp__3[36]
    SLICE_X31Y15         LUT4 (Prop_lut4_I3_O)        0.295    37.260 r  dut/id_stage_i/reg_B[27]_i_72/O
                         net (fo=1, routed)           0.000    37.260    dut/id_stage_i/reg_B[27]_i_72_n_0
    SLICE_X31Y15         CARRY4 (Prop_carry4_S[0]_CO[3])
                                                      0.532    37.792 r  dut/id_stage_i/reg_B_reg[27]_i_47/CO[3]
                         net (fo=1, routed)           0.000    37.792    dut/id_stage_i/reg_B_reg[27]_i_47_n_0
    SLICE_X31Y16         CARRY4 (Prop_carry4_CI_O[0])
                                                      0.222    38.014 r  dut/id_stage_i/reg_B_reg[31]_i_43/O[0]
                         net (fo=2, routed)           0.550    38.564    dut/id_stage_i/i_horcrux/multiplier_tree_inst/u_shared_mul/modp_shifted[25]
    SLICE_X32Y15         LUT2 (Prop_lut2_I0_O)        0.299    38.863 r  dut/id_stage_i/reg_B[27]_i_50/O
                         net (fo=1, routed)           0.000    38.863    dut/id_stage_i/reg_B[27]_i_50_n_0
    SLICE_X32Y15         CARRY4 (Prop_carry4_S[1]_CO[3])
                                                      0.533    39.396 r  dut/id_stage_i/reg_B_reg[27]_i_36/CO[3]
                         net (fo=1, routed)           0.000    39.396    dut/id_stage_i/reg_B_reg[27]_i_36_n_0
    SLICE_X32Y16         CARRY4 (Prop_carry4_CI_O[3])
                                                      0.315    39.711 r  dut/id_stage_i/reg_B_reg[31]_i_14/O[3]
                         net (fo=32, routed)          0.719    40.431    dut/id_stage_i/i_horcrux/multiplier_tree_inst/u_shared_mul/modp_sub[31]
    SLICE_X33Y11         LUT3 (Prop_lut3_I2_O)        0.307    40.738 r  dut/id_stage_i/reg_B[0]_i_14/O
                         net (fo=1, routed)           0.000    40.738    dut/id_stage_i/reg_B[0]_i_14_n_0
    SLICE_X33Y11         CARRY4 (Prop_carry4_S[1]_CO[3])
                                                      0.550    41.288 r  dut/id_stage_i/reg_B_reg[0]_i_4/CO[3]
                         net (fo=1, routed)           0.000    41.288    dut/id_stage_i/reg_B_reg[0]_i_4_n_0
    SLICE_X33Y12         CARRY4 (Prop_carry4_CI_CO[3])
                                                      0.114    41.402 r  dut/id_stage_i/reg_B_reg[7]_i_11/CO[3]
                         net (fo=1, routed)           0.000    41.402    dut/id_stage_i/reg_B_reg[7]_i_11_n_0
    SLICE_X33Y13         CARRY4 (Prop_carry4_CI_CO[3])
                                                      0.114    41.516 r  dut/id_stage_i/reg_B_reg[11]_i_9/CO[3]
                         net (fo=1, routed)           0.000    41.516    dut/id_stage_i/reg_B_reg[11]_i_9_n_0
    SLICE_X33Y14         CARRY4 (Prop_carry4_CI_O[2])
                                                      0.239    41.755 r  dut/id_stage_i/reg_B_reg[15]_i_7/O[2]
                         net (fo=1, routed)           0.733    42.487    dut/id_stage_i/i_horcrux/multiplier_tree_inst/u_shared_mul/data4[14]
    SLICE_X34Y17         LUT4 (Prop_lut4_I0_O)        0.302    42.789 r  dut/id_stage_i/reg_B[14]_i_4/O
                         net (fo=1, routed)           0.598    43.388    dut/id_stage_i/reg_B[14]_i_4_n_0
    SLICE_X34Y17         LUT5 (Prop_lut5_I0_O)        0.124    43.512 r  dut/id_stage_i/reg_B[14]_i_2/O
                         net (fo=15, routed)          0.543    44.055    dut/id_stage_i/i_horcrux/multiplier_tree_inst/mul_res_lo[14]
    SLICE_X41Y17         LUT2 (Prop_lut2_I1_O)        0.124    44.179 r  dut/id_stage_i/sig[31]_i_64/O
                         net (fo=1, routed)           0.000    44.179    dut/id_stage_i/sig[31]_i_64_n_0
    SLICE_X41Y17         CARRY4 (Prop_carry4_S[2]_CO[3])
                                                      0.398    44.577 r  dut/id_stage_i/sig_reg[31]_i_42/CO[3]
                         net (fo=1, routed)           0.000    44.577    dut/id_stage_i/sig_reg[31]_i_42_n_0
    SLICE_X41Y18         CARRY4 (Prop_carry4_CI_CO[0])
                                                      0.271    44.848 r  dut/id_stage_i/sig_reg[31]_i_43/CO[0]
                         net (fo=6, routed)           0.349    45.196    dut/id_stage_i/sig_reg[31]_i_43_n_3
    SLICE_X42Y17         LUT2 (Prop_lut2_I1_O)        0.373    45.569 r  dut/id_stage_i/sig[19]_i_30/O
                         net (fo=1, routed)           0.000    45.569    dut/id_stage_i/sig[19]_i_30_n_0
    SLICE_X42Y17         CARRY4 (Prop_carry4_S[0]_O[2])
                                                      0.544    46.113 r  dut/id_stage_i/sig_reg[19]_i_18/O[2]
                         net (fo=1, routed)           0.575    46.688    dut/id_stage_i/i_horcrux/multiplier_tree_inst/result_o0[2]
    SLICE_X41Y19         LUT6 (Prop_lut6_I3_O)        0.301    46.989 r  dut/id_stage_i/sig[18]_i_17/O
                         net (fo=1, routed)           0.000    46.989    dut/id_stage_i/sig[18]_i_17_n_0
    SLICE_X41Y19         MUXF7 (Prop_muxf7_I1_O)      0.217    47.206 r  dut/id_stage_i/sig_reg[18]_i_9/O
                         net (fo=1, routed)           0.637    47.843    dut/id_stage_i/sig_reg[18]_i_9_n_0
    SLICE_X49Y19         LUT5 (Prop_lut5_I4_O)        0.299    48.142 r  dut/id_stage_i/sig[18]_i_5/O
                         net (fo=1, routed)           0.544    48.687    dut/id_stage_i/sig[18]_i_5_n_0
    SLICE_X49Y16         LUT6 (Prop_lut6_I4_O)        0.124    48.811 r  dut/id_stage_i/sig[18]_i_2/O
                         net (fo=1, routed)           0.403    49.214    dut/id_stage_i/rd_values[rd1][18]
    SLICE_X49Y16         LUT2 (Prop_lut2_I0_O)        0.124    49.338 r  dut/id_stage_i/sig[18]_i_1/O
                         net (fo=1, routed)           0.000    49.338    dut_n_13
    SLICE_X49Y16         FDCE                                         r  sig_reg[18]/D
  -------------------------------------------------------------------    -------------------

                         (clock clk rise edge)       45.000    45.000 r  
    U7                                                0.000    45.000 r  clk (IN)
                         net (fo=0)                   0.000    45.000    clk
    U7                   IBUF (Prop_ibuf_I_O)         0.924    45.924 r  clk_IBUF_inst/O
                         net (fo=1, routed)           1.972    47.896    clk_IBUF
    BUFGCTRL_X0Y0        BUFG (Prop_bufg_I_O)         0.091    47.987 r  clk_IBUF_BUFG_inst/O
                         net (fo=4221, routed)        1.483    49.470    clk_IBUF_BUFG
    SLICE_X49Y16         FDCE                                         r  sig_reg[18]/C
                         clock pessimism              0.458    49.928    
                         clock uncertainty           -0.035    49.893    
    SLICE_X49Y16         FDCE (Setup_fdce_C_D)        0.029    49.922    sig_reg[18]
  -------------------------------------------------------------------
                         required time                         49.922    
                         arrival time                         -49.338    
  -------------------------------------------------------------------
                         slack                                  0.585    

Slack (MET) :             0.585ns  (required time - arrival time)
  Source:                 dut/id_stage_i/rs_values_o_reg[rs1][28]/C
                            (rising edge-triggered cell FDCE clocked by clk  {rise@0.000ns fall@22.500ns period=45.000ns})
  Destination:            sig_reg[18]/D
                            (rising edge-triggered cell FDCE clocked by clk  {rise@0.000ns fall@22.500ns period=45.000ns})
  Path Group:             clk
  Path Type:              Setup (Max at Slow Process Corner)
  Requirement:            45.000ns  (clk rise@45.000ns - clk rise@0.000ns)
  Data Path Delay:        44.341ns  (logic 27.675ns (62.414%)  route 16.666ns (37.586%))
  Logic Levels:           53  (CARRY4=26 DSP48E1=5 LUT2=7 LUT3=2 LUT4=5 LUT5=3 LUT6=4 MUXF7=1)
  Clock Path Skew:        -0.068ns (DCD - SCD + CPR)
    Destination Clock Delay (DCD):    4.470ns = ( 49.470 - 45.000 ) 
    Source Clock Delay      (SCD):    4.996ns
    Clock Pessimism Removal (CPR):    0.458ns
  Clock Uncertainty:      0.035ns  ((TSJ^2 + TIJ^2)^1/2 + DJ) / 2 + PE
    Total System Jitter     (TSJ):    0.071ns
    Total Input Jitter      (TIJ):    0.000ns
    Discrete Jitter          (DJ):    0.000ns
    Phase Error              (PE):    0.000ns

    Location             Delay type                Incr(ns)  Path(ns)    Netlist Resource(s)
  -------------------------------------------------------------------    -------------------
                         (clock clk rise edge)        0.000     0.000 r  
    U7                                                0.000     0.000 r  clk (IN)
                         net (fo=0)                   0.000     0.000    clk
    U7                   IBUF (Prop_ibuf_I_O)         1.058     1.058 r  clk_IBUF_inst/O
                         net (fo=1, routed)           2.171     3.229    clk_IBUF
    BUFGCTRL_X0Y0        BUFG (Prop_bufg_I_O)         0.101     3.330 r  clk_IBUF_BUFG_inst/O
                         net (fo=4221, routed)        1.666     4.996    dut/id_stage_i/clk_IBUF_BUFG
    SLICE_X37Y6          FDCE                                         r  dut/id_stage_i/rs_values_o_reg[rs1][28]/C
  -------------------------------------------------------------------    -------------------
    SLICE_X37Y6          FDCE (Prop_fdce_C_Q)         0.456     5.452 r  dut/id_stage_i/rs_values_o_reg[rs1][28]/Q
                         net (fo=153, routed)         1.079     6.532    dut/id_stage_i/rs_values_o[rs1][21]
    SLICE_X37Y5          LUT4 (Prop_lut4_I0_O)        0.124     6.656 r  dut/id_stage_i/int_prod_i_165/O
                         net (fo=1, routed)           0.000     6.656    dut/id_stage_i/int_prod_i_165_n_0
    SLICE_X37Y5          CARRY4 (Prop_carry4_S[2]_CO[3])
                                                      0.398     7.054 r  dut/id_stage_i/int_prod_i_156/CO[3]
                         net (fo=9, routed)           1.181     8.235    dut/id_stage_i/i_horcrux/multiplier_tree_inst/mul_op_b2
    SLICE_X36Y2          LUT4 (Prop_lut4_I1_O)        0.124     8.359 r  dut/id_stage_i/int_prod_i_146/O
                         net (fo=1, routed)           0.000     8.359    dut/id_stage_i/int_prod_i_146_n_0
    SLICE_X36Y2          CARRY4 (Prop_carry4_S[1]_CO[3])
                                                      0.533     8.892 r  dut/id_stage_i/int_prod_i_84/CO[3]
                         net (fo=1, routed)           0.000     8.892    dut/id_stage_i/int_prod_i_84_n_0
    SLICE_X36Y3          CARRY4 (Prop_carry4_CI_CO[3])
                                                      0.117     9.009 r  dut/id_stage_i/int_prod_i_81/CO[3]
                         net (fo=1, routed)           0.000     9.009    dut/id_stage_i/int_prod_i_81_n_0
    SLICE_X36Y4          CARRY4 (Prop_carry4_CI_CO[3])
                                                      0.117     9.126 r  dut/id_stage_i/int_prod_i_78/CO[3]
                         net (fo=1, routed)           0.000     9.126    dut/id_stage_i/int_prod_i_78_n_0
    SLICE_X36Y5          CARRY4 (Prop_carry4_CI_O[2])
                                                      0.239     9.365 r  dut/id_stage_i/int_prod_i_75/O[2]
                         net (fo=2, routed)           0.811    10.176    dut/id_stage_i/i_horcrux/multiplier_tree_inst/data2[14]
    SLICE_X36Y7          LUT3 (Prop_lut3_I0_O)        0.301    10.477 r  dut/id_stage_i/int_prod_i_42/O
                         net (fo=1, routed)           0.541    11.018    dut/id_stage_i/int_prod_i_42_n_0
    SLICE_X36Y7          LUT6 (Prop_lut6_I2_O)        0.124    11.142 r  dut/id_stage_i/int_prod_i_18/O
                         net (fo=35, routed)          0.495    11.637    dut/i_horcrux/multiplier_tree_inst/u_shared_mul/u_primary_mul/B[14]
    DSP48_X2Y2           DSP48E1 (Prop_dsp48e1_B[14]_PCOUT[47])
                                                      3.851    15.488 r  dut/i_horcrux/multiplier_tree_inst/u_shared_mul/u_primary_mul/int_prod__1/PCOUT[47]
                         net (fo=1, routed)           0.002    15.490    dut/i_horcrux/multiplier_tree_inst/u_shared_mul/u_primary_mul/int_prod__1_n_106
    DSP48_X2Y3           DSP48E1 (Prop_dsp48e1_PCIN[47]_P[0])
                                                      1.518    17.008 r  dut/i_horcrux/multiplier_tree_inst/u_shared_mul/u_primary_mul/int_prod__2/P[0]
                         net (fo=2, routed)           0.846    17.853    dut/i_horcrux/multiplier_tree_inst/u_shared_mul/u_primary_mul/int_prod__2_n_105
    SLICE_X34Y1          LUT2 (Prop_lut2_I0_O)        0.124    17.977 r  dut/i_horcrux/multiplier_tree_inst/u_shared_mul/u_primary_mul/int_prod_carry_i_3/O
                         net (fo=1, routed)           0.000    17.977    dut/i_horcrux/multiplier_tree_inst/u_shared_mul/u_primary_mul/int_prod_carry_i_3_n_0
    SLICE_X34Y1          CARRY4 (Prop_carry4_S[1]_CO[3])
                                                      0.533    18.510 r  dut/i_horcrux/multiplier_tree_inst/u_shared_mul/u_primary_mul/int_prod_carry/CO[3]
                         net (fo=1, routed)           0.000    18.510    dut/i_horcrux/multiplier_tree_inst/u_shared_mul/u_primary_mul/int_prod_carry_n_0
    SLICE_X34Y2          CARRY4 (Prop_carry4_CI_O[2])
                                                      0.239    18.749 r  dut/i_horcrux/multiplier_tree_inst/u_shared_mul/u_primary_mul/int_prod_carry__0/O[2]
                         net (fo=1, routed)           0.848    19.598    dut/id_stage_i/int_prod__140[6]
    SLICE_X35Y2          LUT6 (Prop_lut6_I5_O)        0.301    19.899 r  dut/id_stage_i/stage_a_result_i_40/O
                         net (fo=8, routed)           0.924    20.823    dut/id_stage_i/i_horcrux/multiplier_tree_inst/u_shared_mul/full_prod[22]
    SLICE_X23Y2          LUT4 (Prop_lut4_I3_O)        0.124    20.947 r  dut/id_stage_i/stage_a_result_i_16/O
                         net (fo=1, routed)           0.540    21.487    dut/i_horcrux/multiplier_tree_inst/u_shared_mul/stage_a_result_0[5]
    DSP48_X1Y0           DSP48E1 (Prop_dsp48e1_A[5]_P[3])
                                                      3.841    25.328 r  dut/i_horcrux/multiplier_tree_inst/u_shared_mul/stage_a_result/P[3]
                         net (fo=1, routed)           0.849    26.177    dut/i_horcrux/multiplier_tree_inst/u_shared_mul/stage_a_result_n_102
    SLICE_X20Y7          LUT2 (Prop_lut2_I1_O)        0.124    26.301 r  dut/i_horcrux/multiplier_tree_inst/u_shared_mul/modp_tp_i_31/O
                         net (fo=1, routed)           0.000    26.301    dut/i_horcrux/multiplier_tree_inst/u_shared_mul/modp_tp_i_31_n_0
    SLICE_X20Y7          CARRY4 (Prop_carry4_S[0]_CO[3])
                                                      0.513    26.814 r  dut/i_horcrux/multiplier_tree_inst/u_shared_mul/modp_tp_i_18/CO[3]
                         net (fo=1, routed)           0.000    26.814    dut/i_horcrux/multiplier_tree_inst/u_shared_mul/modp_tp_i_18_n_0
    SLICE_X20Y8          CARRY4 (Prop_carry4_CI_CO[3])
                                                      0.117    26.931 r  dut/i_horcrux/multiplier_tree_inst/u_shared_mul/modp_tp_i_17/CO[3]
                         net (fo=1, routed)           0.000    26.931    dut/i_horcrux/multiplier_tree_inst/u_shared_mul/modp_tp_i_17_n_0
    SLICE_X20Y9          CARRY4 (Prop_carry4_CI_O[2])
                                                      0.239    27.170 r  dut/i_horcrux/multiplier_tree_inst/u_shared_mul/modp_tp_i_16/O[2]
                         net (fo=2, routed)           0.665    27.835    dut/id_stage_i/stage_a_result__2[14]
    SLICE_X20Y13         LUT5 (Prop_lut5_I4_O)        0.301    28.136 r  dut/id_stage_i/modp_tp_i_2/O
                         net (fo=2, routed)           0.576    28.712    dut/i_horcrux/multiplier_tree_inst/u_shared_mul/modp_tp_0[14]
    DSP48_X1Y4           DSP48E1 (Prop_dsp48e1_B[13]_PCOUT[47])
                                                      3.851    32.563 f  dut/i_horcrux/multiplier_tree_inst/u_shared_mul/modp_tp/PCOUT[47]
                         net (fo=1, routed)           0.002    32.565    dut/i_horcrux/multiplier_tree_inst/u_shared_mul/modp_tp_n_106
    DSP48_X1Y5           DSP48E1 (Prop_dsp48e1_PCIN[47]_P[3])
                                                      1.518    34.083 r  dut/i_horcrux/multiplier_tree_inst/u_shared_mul/modp_tp__0/P[3]
                         net (fo=1, routed)           1.030    35.113    dut/i_horcrux/multiplier_tree_inst/u_shared_mul/modp_tp__0_n_102
    SLICE_X30Y11         LUT2 (Prop_lut2_I1_O)        0.124    35.237 r  dut/i_horcrux/multiplier_tree_inst/u_shared_mul/reg_B[11]_i_51/O
                         net (fo=1, routed)           0.000    35.237    dut/i_horcrux/multiplier_tree_inst/u_shared_mul/reg_B[11]_i_51_n_0
    SLICE_X30Y11         CARRY4 (Prop_carry4_S[1]_CO[3])
                                                      0.533    35.770 r  dut/i_horcrux/multiplier_tree_inst/u_shared_mul/reg_B_reg[11]_i_48/CO[3]
                         net (fo=1, routed)           0.000    35.770    dut/i_horcrux/multiplier_tree_inst/u_shared_mul/reg_B_reg[11]_i_48_n_0
    SLICE_X30Y12         CARRY4 (Prop_carry4_CI_CO[3])
                                                      0.117    35.887 r  dut/i_horcrux/multiplier_tree_inst/u_shared_mul/reg_B_reg[15]_i_41/CO[3]
                         net (fo=1, routed)           0.000    35.887    dut/i_horcrux/multiplier_tree_inst/u_shared_mul/reg_B_reg[15]_i_41_n_0
    SLICE_X30Y13         CARRY4 (Prop_carry4_CI_CO[3])
                                                      0.117    36.004 r  dut/i_horcrux/multiplier_tree_inst/u_shared_mul/reg_B_reg[19]_i_71/CO[3]
                         net (fo=1, routed)           0.000    36.004    dut/i_horcrux/multiplier_tree_inst/u_shared_mul/reg_B_reg[19]_i_71_n_0
    SLICE_X30Y14         CARRY4 (Prop_carry4_CI_CO[3])
                                                      0.117    36.121 r  dut/i_horcrux/multiplier_tree_inst/u_shared_mul/reg_B_reg[23]_i_77/CO[3]
                         net (fo=1, routed)           0.000    36.121    dut/i_horcrux/multiplier_tree_inst/u_shared_mul/reg_B_reg[23]_i_77_n_0
    SLICE_X30Y15         CARRY4 (Prop_carry4_CI_O[0])
                                                      0.219    36.340 r  dut/i_horcrux/multiplier_tree_inst/u_shared_mul/reg_B_reg[27]_i_73/O[0]
                         net (fo=1, routed)           0.625    36.965    dut/id_stage_i/modp_tp__3[36]
    SLICE_X31Y15         LUT4 (Prop_lut4_I3_O)        0.295    37.260 r  dut/id_stage_i/reg_B[27]_i_72/O
                         net (fo=1, routed)           0.000    37.260    dut/id_stage_i/reg_B[27]_i_72_n_0
    SLICE_X31Y15         CARRY4 (Prop_carry4_S[0]_CO[3])
                                                      0.532    37.792 r  dut/id_stage_i/reg_B_reg[27]_i_47/CO[3]
                         net (fo=1, routed)           0.000    37.792    dut/id_stage_i/reg_B_reg[27]_i_47_n_0
    SLICE_X31Y16         CARRY4 (Prop_carry4_CI_O[0])
                                                      0.222    38.014 r  dut/id_stage_i/reg_B_reg[31]_i_43/O[0]
                         net (fo=2, routed)           0.550    38.564    dut/id_stage_i/i_horcrux/multiplier_tree_inst/u_shared_mul/modp_shifted[25]
    SLICE_X32Y15         LUT2 (Prop_lut2_I0_O)        0.299    38.863 r  dut/id_stage_i/reg_B[27]_i_50/O
                         net (fo=1, routed)           0.000    38.863    dut/id_stage_i/reg_B[27]_i_50_n_0
    SLICE_X32Y15         CARRY4 (Prop_carry4_S[1]_CO[3])
                                                      0.533    39.396 r  dut/id_stage_i/reg_B_reg[27]_i_36/CO[3]
                         net (fo=1, routed)           0.000    39.396    dut/id_stage_i/reg_B_reg[27]_i_36_n_0
    SLICE_X32Y16         CARRY4 (Prop_carry4_CI_O[3])
                                                      0.315    39.711 r  dut/id_stage_i/reg_B_reg[31]_i_14/O[3]
                         net (fo=32, routed)          0.719    40.431    dut/id_stage_i/i_horcrux/multiplier_tree_inst/u_shared_mul/modp_sub[31]
    SLICE_X33Y11         LUT3 (Prop_lut3_I2_O)        0.307    40.738 r  dut/id_stage_i/reg_B[0]_i_14/O
                         net (fo=1, routed)           0.000    40.738    dut/id_stage_i/reg_B[0]_i_14_n_0
    SLICE_X33Y11         CARRY4 (Prop_carry4_S[1]_CO[3])
                                                      0.550    41.288 r  dut/id_stage_i/reg_B_reg[0]_i_4/CO[3]
                         net (fo=1, routed)           0.000    41.288    dut/id_stage_i/reg_B_reg[0]_i_4_n_0
    SLICE_X33Y12         CARRY4 (Prop_carry4_CI_CO[3])
                                                      0.114    41.402 r  dut/id_stage_i/reg_B_reg[7]_i_11/CO[3]
                         net (fo=1, routed)           0.000    41.402    dut/id_stage_i/reg_B_reg[7]_i_11_n_0
    SLICE_X33Y13         CARRY4 (Prop_carry4_CI_CO[3])
                                                      0.114    41.516 r  dut/id_stage_i/reg_B_reg[11]_i_9/CO[3]
                         net (fo=1, routed)           0.000    41.516    dut/id_stage_i/reg_B_reg[11]_i_9_n_0
    SLICE_X33Y14         CARRY4 (Prop_carry4_CI_O[2])
                                                      0.239    41.755 r  dut/id_stage_i/reg_B_reg[15]_i_7/O[2]
                         net (fo=1, routed)           0.733    42.487    dut/id_stage_i/i_horcrux/multiplier_tree_inst/u_shared_mul/data4[14]
    SLICE_X34Y17         LUT4 (Prop_lut4_I0_O)        0.302    42.789 r  dut/id_stage_i/reg_B[14]_i_4/O
                         net (fo=1, routed)           0.598    43.388    dut/id_stage_i/reg_B[14]_i_4_n_0
    SLICE_X34Y17         LUT5 (Prop_lut5_I0_O)        0.124    43.512 r  dut/id_stage_i/reg_B[14]_i_2/O
                         net (fo=15, routed)          0.543    44.055    dut/id_stage_i/i_horcrux/multiplier_tree_inst/mul_res_lo[14]
    SLICE_X41Y17         LUT2 (Prop_lut2_I1_O)        0.124    44.179 r  dut/id_stage_i/sig[31]_i_64/O
                         net (fo=1, routed)           0.000    44.179    dut/id_stage_i/sig[31]_i_64_n_0
    SLICE_X41Y17         CARRY4 (Prop_carry4_S[2]_CO[3])
                                                      0.398    44.577 r  dut/id_stage_i/sig_reg[31]_i_42/CO[3]
                         net (fo=1, routed)           0.000    44.577    dut/id_stage_i/sig_reg[31]_i_42_n_0
    SLICE_X41Y18         CARRY4 (Prop_carry4_CI_CO[0])
                                                      0.271    44.848 r  dut/id_stage_i/sig_reg[31]_i_43/CO[0]
                         net (fo=6, routed)           0.349    45.196    dut/id_stage_i/sig_reg[31]_i_43_n_3
    SLICE_X42Y17         LUT2 (Prop_lut2_I1_O)        0.373    45.569 r  dut/id_stage_i/sig[19]_i_30/O
                         net (fo=1, routed)           0.000    45.569    dut/id_stage_i/sig[19]_i_30_n_0
    SLICE_X42Y17         CARRY4 (Prop_carry4_S[0]_O[2])
                                                      0.544    46.113 r  dut/id_stage_i/sig_reg[19]_i_18/O[2]
                         net (fo=1, routed)           0.575    46.688    dut/id_stage_i/i_horcrux/multiplier_tree_inst/result_o0[2]
    SLICE_X41Y19         LUT6 (Prop_lut6_I3_O)        0.301    46.989 r  dut/id_stage_i/sig[18]_i_17/O
                         net (fo=1, routed)           0.000    46.989    dut/id_stage_i/sig[18]_i_17_n_0
    SLICE_X41Y19         MUXF7 (Prop_muxf7_I1_O)      0.217    47.206 r  dut/id_stage_i/sig_reg[18]_i_9/O
                         net (fo=1, routed)           0.637    47.843    dut/id_stage_i/sig_reg[18]_i_9_n_0
    SLICE_X49Y19         LUT5 (Prop_lut5_I4_O)        0.299    48.142 r  dut/id_stage_i/sig[18]_i_5/O
                         net (fo=1, routed)           0.544    48.687    dut/id_stage_i/sig[18]_i_5_n_0
    SLICE_X49Y16         LUT6 (Prop_lut6_I4_O)        0.124    48.811 r  dut/id_stage_i/sig[18]_i_2/O
                         net (fo=1, routed)           0.403    49.214    dut/id_stage_i/rd_values[rd1][18]
    SLICE_X49Y16         LUT2 (Prop_lut2_I0_O)        0.124    49.338 r  dut/id_stage_i/sig[18]_i_1/O
                         net (fo=1, routed)           0.000    49.338    dut_n_13
    SLICE_X49Y16         FDCE                                         r  sig_reg[18]/D
  -------------------------------------------------------------------    -------------------

                         (clock clk rise edge)       45.000    45.000 r  
    U7                                                0.000    45.000 r  clk (IN)
                         net (fo=0)                   0.000    45.000    clk
    U7                   IBUF (Prop_ibuf_I_O)         0.924    45.924 r  clk_IBUF_inst/O
                         net (fo=1, routed)           1.972    47.896    clk_IBUF
    BUFGCTRL_X0Y0        BUFG (Prop_bufg_I_O)         0.091    47.987 r  clk_IBUF_BUFG_inst/O
                         net (fo=4221, routed)        1.483    49.470    clk_IBUF_BUFG
    SLICE_X49Y16         FDCE                                         r  sig_reg[18]/C
                         clock pessimism              0.458    49.928    
                         clock uncertainty           -0.035    49.893    
    SLICE_X49Y16         FDCE (Setup_fdce_C_D)        0.029    49.922    sig_reg[18]
  -------------------------------------------------------------------
                         required time                         49.922    
                         arrival time                         -49.338    
  -------------------------------------------------------------------
                         slack                                  0.585    

Slack (MET) :             0.585ns  (required time - arrival time)
  Source:                 dut/id_stage_i/rs_values_o_reg[rs1][28]/C
                            (rising edge-triggered cell FDCE clocked by clk  {rise@0.000ns fall@22.500ns period=45.000ns})
  Destination:            sig_reg[18]/D
                            (rising edge-triggered cell FDCE clocked by clk  {rise@0.000ns fall@22.500ns period=45.000ns})
  Path Group:             clk
  Path Type:              Setup (Max at Slow Process Corner)
  Requirement:            45.000ns  (clk rise@45.000ns - clk rise@0.000ns)
  Data Path Delay:        44.341ns  (logic 27.675ns (62.414%)  route 16.666ns (37.586%))
  Logic Levels:           53  (CARRY4=26 DSP48E1=5 LUT2=7 LUT3=2 LUT4=5 LUT5=3 LUT6=4 MUXF7=1)
  Clock Path Skew:        -0.068ns (DCD - SCD + CPR)
    Destination Clock Delay (DCD):    4.470ns = ( 49.470 - 45.000 ) 
    Source Clock Delay      (SCD):    4.996ns
    Clock Pessimism Removal (CPR):    0.458ns
  Clock Uncertainty:      0.035ns  ((TSJ^2 + TIJ^2)^1/2 + DJ) / 2 + PE
    Total System Jitter     (TSJ):    0.071ns
    Total Input Jitter      (TIJ):    0.000ns
    Discrete Jitter          (DJ):    0.000ns
    Phase Error              (PE):    0.000ns

    Location             Delay type                Incr(ns)  Path(ns)    Netlist Resource(s)
  -------------------------------------------------------------------    -------------------
                         (clock clk rise edge)        0.000     0.000 r  
    U7                                                0.000     0.000 r  clk (IN)
                         net (fo=0)                   0.000     0.000    clk
    U7                   IBUF (Prop_ibuf_I_O)         1.058     1.058 r  clk_IBUF_inst/O
                         net (fo=1, routed)           2.171     3.229    clk_IBUF
    BUFGCTRL_X0Y0        BUFG (Prop_bufg_I_O)         0.101     3.330 r  clk_IBUF_BUFG_inst/O
                         net (fo=4221, routed)        1.666     4.996    dut/id_stage_i/clk_IBUF_BUFG
    SLICE_X37Y6          FDCE                                         r  dut/id_stage_i/rs_values_o_reg[rs1][28]/C
  -------------------------------------------------------------------    -------------------
    SLICE_X37Y6          FDCE (Prop_fdce_C_Q)         0.456     5.452 r  dut/id_stage_i/rs_values_o_reg[rs1][28]/Q
                         net (fo=153, routed)         1.079     6.532    dut/id_stage_i/rs_values_o[rs1][21]
    SLICE_X37Y5          LUT4 (Prop_lut4_I0_O)        0.124     6.656 r  dut/id_stage_i/int_prod_i_165/O
                         net (fo=1, routed)           0.000     6.656    dut/id_stage_i/int_prod_i_165_n_0
    SLICE_X37Y5          CARRY4 (Prop_carry4_S[2]_CO[3])
                                                      0.398     7.054 r  dut/id_stage_i/int_prod_i_156/CO[3]
                         net (fo=9, routed)           1.181     8.235    dut/id_stage_i/i_horcrux/multiplier_tree_inst/mul_op_b2
    SLICE_X36Y2          LUT4 (Prop_lut4_I1_O)        0.124     8.359 r  dut/id_stage_i/int_prod_i_146/O
                         net (fo=1, routed)           0.000     8.359    dut/id_stage_i/int_prod_i_146_n_0
    SLICE_X36Y2          CARRY4 (Prop_carry4_S[1]_CO[3])
                                                      0.533     8.892 r  dut/id_stage_i/int_prod_i_84/CO[3]
                         net (fo=1, routed)           0.000     8.892    dut/id_stage_i/int_prod_i_84_n_0
    SLICE_X36Y3          CARRY4 (Prop_carry4_CI_CO[3])
                                                      0.117     9.009 r  dut/id_stage_i/int_prod_i_81/CO[3]
                         net (fo=1, routed)           0.000     9.009    dut/id_stage_i/int_prod_i_81_n_0
    SLICE_X36Y4          CARRY4 (Prop_carry4_CI_CO[3])
                                                      0.117     9.126 r  dut/id_stage_i/int_prod_i_78/CO[3]
                         net (fo=1, routed)           0.000     9.126    dut/id_stage_i/int_prod_i_78_n_0
    SLICE_X36Y5          CARRY4 (Prop_carry4_CI_O[2])
                                                      0.239     9.365 r  dut/id_stage_i/int_prod_i_75/O[2]
                         net (fo=2, routed)           0.811    10.176    dut/id_stage_i/i_horcrux/multiplier_tree_inst/data2[14]
    SLICE_X36Y7          LUT3 (Prop_lut3_I0_O)        0.301    10.477 r  dut/id_stage_i/int_prod_i_42/O
                         net (fo=1, routed)           0.541    11.018    dut/id_stage_i/int_prod_i_42_n_0
    SLICE_X36Y7          LUT6 (Prop_lut6_I2_O)        0.124    11.142 r  dut/id_stage_i/int_prod_i_18/O
                         net (fo=35, routed)          0.495    11.637    dut/i_horcrux/multiplier_tree_inst/u_shared_mul/u_primary_mul/B[14]
    DSP48_X2Y2           DSP48E1 (Prop_dsp48e1_B[14]_PCOUT[47])
                                                      3.851    15.488 r  dut/i_horcrux/multiplier_tree_inst/u_shared_mul/u_primary_mul/int_prod__1/PCOUT[47]
                         net (fo=1, routed)           0.002    15.490    dut/i_horcrux/multiplier_tree_inst/u_shared_mul/u_primary_mul/int_prod__1_n_106
    DSP48_X2Y3           DSP48E1 (Prop_dsp48e1_PCIN[47]_P[0])
                                                      1.518    17.008 r  dut/i_horcrux/multiplier_tree_inst/u_shared_mul/u_primary_mul/int_prod__2/P[0]
                         net (fo=2, routed)           0.846    17.853    dut/i_horcrux/multiplier_tree_inst/u_shared_mul/u_primary_mul/int_prod__2_n_105
    SLICE_X34Y1          LUT2 (Prop_lut2_I0_O)        0.124    17.977 f  dut/i_horcrux/multiplier_tree_inst/u_shared_mul/u_primary_mul/int_prod_carry_i_3/O
                         net (fo=1, routed)           0.000    17.977    dut/i_horcrux/multiplier_tree_inst/u_shared_mul/u_primary_mul/int_prod_carry_i_3_n_0
    SLICE_X34Y1          CARRY4 (Prop_carry4_S[1]_CO[3])
                                                      0.533    18.510 r  dut/i_horcrux/multiplier_tree_inst/u_shared_mul/u_primary_mul/int_prod_carry/CO[3]
                         net (fo=1, routed)           0.000    18.510    dut/i_horcrux/multiplier_tree_inst/u_shared_mul/u_primary_mul/int_prod_carry_n_0
    SLICE_X34Y2          CARRY4 (Prop_carry4_CI_O[2])
                                                      0.239    18.749 r  dut/i_horcrux/multiplier_tree_inst/u_shared_mul/u_primary_mul/int_prod_carry__0/O[2]
                         net (fo=1, routed)           0.848    19.598    dut/id_stage_i/int_prod__140[6]
    SLICE_X35Y2          LUT6 (Prop_lut6_I5_O)        0.301    19.899 r  dut/id_stage_i/stage_a_result_i_40/O
                         net (fo=8, routed)           0.924    20.823    dut/id_stage_i/i_horcrux/multiplier_tree_inst/u_shared_mul/full_prod[22]
    SLICE_X23Y2          LUT4 (Prop_lut4_I3_O)        0.124    20.947 r  dut/id_stage_i/stage_a_result_i_16/O
                         net (fo=1, routed)           0.540    21.487    dut/i_horcrux/multiplier_tree_inst/u_shared_mul/stage_a_result_0[5]
    DSP48_X1Y0           DSP48E1 (Prop_dsp48e1_A[5]_P[3])
                                                      3.841    25.328 r  dut/i_horcrux/multiplier_tree_inst/u_shared_mul/stage_a_result/P[3]
                         net (fo=1, routed)           0.849    26.177    dut/i_horcrux/multiplier_tree_inst/u_shared_mul/stage_a_result_n_102
    SLICE_X20Y7          LUT2 (Prop_lut2_I1_O)        0.124    26.301 r  dut/i_horcrux/multiplier_tree_inst/u_shared_mul/modp_tp_i_31/O
                         net (fo=1, routed)           0.000    26.301    dut/i_horcrux/multiplier_tree_inst/u_shared_mul/modp_tp_i_31_n_0
    SLICE_X20Y7          CARRY4 (Prop_carry4_S[0]_CO[3])
                                                      0.513    26.814 r  dut/i_horcrux/multiplier_tree_inst/u_shared_mul/modp_tp_i_18/CO[3]
                         net (fo=1, routed)           0.000    26.814    dut/i_horcrux/multiplier_tree_inst/u_shared_mul/modp_tp_i_18_n_0
    SLICE_X20Y8          CARRY4 (Prop_carry4_CI_CO[3])
                                                      0.117    26.931 r  dut/i_horcrux/multiplier_tree_inst/u_shared_mul/modp_tp_i_17/CO[3]
                         net (fo=1, routed)           0.000    26.931    dut/i_horcrux/multiplier_tree_inst/u_shared_mul/modp_tp_i_17_n_0
    SLICE_X20Y9          CARRY4 (Prop_carry4_CI_O[2])
                                                      0.239    27.170 r  dut/i_horcrux/multiplier_tree_inst/u_shared_mul/modp_tp_i_16/O[2]
                         net (fo=2, routed)           0.665    27.835    dut/id_stage_i/stage_a_result__2[14]
    SLICE_X20Y13         LUT5 (Prop_lut5_I4_O)        0.301    28.136 r  dut/id_stage_i/modp_tp_i_2/O
                         net (fo=2, routed)           0.576    28.712    dut/i_horcrux/multiplier_tree_inst/u_shared_mul/modp_tp_0[14]
    DSP48_X1Y4           DSP48E1 (Prop_dsp48e1_B[13]_PCOUT[47])
                                                      3.851    32.563 f  dut/i_horcrux/multiplier_tree_inst/u_shared_mul/modp_tp/PCOUT[47]
                         net (fo=1, routed)           0.002    32.565    dut/i_horcrux/multiplier_tree_inst/u_shared_mul/modp_tp_n_106
    DSP48_X1Y5           DSP48E1 (Prop_dsp48e1_PCIN[47]_P[3])
                                                      1.518    34.083 r  dut/i_horcrux/multiplier_tree_inst/u_shared_mul/modp_tp__0/P[3]
                         net (fo=1, routed)           1.030    35.113    dut/i_horcrux/multiplier_tree_inst/u_shared_mul/modp_tp__0_n_102
    SLICE_X30Y11         LUT2 (Prop_lut2_I1_O)        0.124    35.237 r  dut/i_horcrux/multiplier_tree_inst/u_shared_mul/reg_B[11]_i_51/O
                         net (fo=1, routed)           0.000    35.237    dut/i_horcrux/multiplier_tree_inst/u_shared_mul/reg_B[11]_i_51_n_0
    SLICE_X30Y11         CARRY4 (Prop_carry4_S[1]_CO[3])
                                                      0.533    35.770 r  dut/i_horcrux/multiplier_tree_inst/u_shared_mul/reg_B_reg[11]_i_48/CO[3]
                         net (fo=1, routed)           0.000    35.770    dut/i_horcrux/multiplier_tree_inst/u_shared_mul/reg_B_reg[11]_i_48_n_0
    SLICE_X30Y12         CARRY4 (Prop_carry4_CI_CO[3])
                                                      0.117    35.887 r  dut/i_horcrux/multiplier_tree_inst/u_shared_mul/reg_B_reg[15]_i_41/CO[3]
                         net (fo=1, routed)           0.000    35.887    dut/i_horcrux/multiplier_tree_inst/u_shared_mul/reg_B_reg[15]_i_41_n_0
    SLICE_X30Y13         CARRY4 (Prop_carry4_CI_CO[3])
                                                      0.117    36.004 r  dut/i_horcrux/multiplier_tree_inst/u_shared_mul/reg_B_reg[19]_i_71/CO[3]
                         net (fo=1, routed)           0.000    36.004    dut/i_horcrux/multiplier_tree_inst/u_shared_mul/reg_B_reg[19]_i_71_n_0
    SLICE_X30Y14         CARRY4 (Prop_carry4_CI_CO[3])
                                                      0.117    36.121 r  dut/i_horcrux/multiplier_tree_inst/u_shared_mul/reg_B_reg[23]_i_77/CO[3]
                         net (fo=1, routed)           0.000    36.121    dut/i_horcrux/multiplier_tree_inst/u_shared_mul/reg_B_reg[23]_i_77_n_0
    SLICE_X30Y15         CARRY4 (Prop_carry4_CI_O[0])
                                                      0.219    36.340 r  dut/i_horcrux/multiplier_tree_inst/u_shared_mul/reg_B_reg[27]_i_73/O[0]
                         net (fo=1, routed)           0.625    36.965    dut/id_stage_i/modp_tp__3[36]
    SLICE_X31Y15         LUT4 (Prop_lut4_I3_O)        0.295    37.260 r  dut/id_stage_i/reg_B[27]_i_72/O
                         net (fo=1, routed)           0.000    37.260    dut/id_stage_i/reg_B[27]_i_72_n_0
    SLICE_X31Y15         CARRY4 (Prop_carry4_S[0]_CO[3])
                                                      0.532    37.792 r  dut/id_stage_i/reg_B_reg[27]_i_47/CO[3]
                         net (fo=1, routed)           0.000    37.792    dut/id_stage_i/reg_B_reg[27]_i_47_n_0
    SLICE_X31Y16         CARRY4 (Prop_carry4_CI_O[0])
                                                      0.222    38.014 r  dut/id_stage_i/reg_B_reg[31]_i_43/O[0]
                         net (fo=2, routed)           0.550    38.564    dut/id_stage_i/i_horcrux/multiplier_tree_inst/u_shared_mul/modp_shifted[25]
    SLICE_X32Y15         LUT2 (Prop_lut2_I0_O)        0.299    38.863 r  dut/id_stage_i/reg_B[27]_i_50/O
                         net (fo=1, routed)           0.000    38.863    dut/id_stage_i/reg_B[27]_i_50_n_0
    SLICE_X32Y15         CARRY4 (Prop_carry4_S[1]_CO[3])
                                                      0.533    39.396 r  dut/id_stage_i/reg_B_reg[27]_i_36/CO[3]
                         net (fo=1, routed)           0.000    39.396    dut/id_stage_i/reg_B_reg[27]_i_36_n_0
    SLICE_X32Y16         CARRY4 (Prop_carry4_CI_O[3])
                                                      0.315    39.711 r  dut/id_stage_i/reg_B_reg[31]_i_14/O[3]
                         net (fo=32, routed)          0.719    40.431    dut/id_stage_i/i_horcrux/multiplier_tree_inst/u_shared_mul/modp_sub[31]
    SLICE_X33Y11         LUT3 (Prop_lut3_I2_O)        0.307    40.738 r  dut/id_stage_i/reg_B[0]_i_14/O
                         net (fo=1, routed)           0.000    40.738    dut/id_stage_i/reg_B[0]_i_14_n_0
    SLICE_X33Y11         CARRY4 (Prop_carry4_S[1]_CO[3])
                                                      0.550    41.288 r  dut/id_stage_i/reg_B_reg[0]_i_4/CO[3]
                         net (fo=1, routed)           0.000    41.288    dut/id_stage_i/reg_B_reg[0]_i_4_n_0
    SLICE_X33Y12         CARRY4 (Prop_carry4_CI_CO[3])
                                                      0.114    41.402 r  dut/id_stage_i/reg_B_reg[7]_i_11/CO[3]
                         net (fo=1, routed)           0.000    41.402    dut/id_stage_i/reg_B_reg[7]_i_11_n_0
    SLICE_X33Y13         CARRY4 (Prop_carry4_CI_CO[3])
                                                      0.114    41.516 r  dut/id_stage_i/reg_B_reg[11]_i_9/CO[3]
                         net (fo=1, routed)           0.000    41.516    dut/id_stage_i/reg_B_reg[11]_i_9_n_0
    SLICE_X33Y14         CARRY4 (Prop_carry4_CI_O[2])
                                                      0.239    41.755 r  dut/id_stage_i/reg_B_reg[15]_i_7/O[2]
                         net (fo=1, routed)           0.733    42.487    dut/id_stage_i/i_horcrux/multiplier_tree_inst/u_shared_mul/data4[14]
    SLICE_X34Y17         LUT4 (Prop_lut4_I0_O)        0.302    42.789 r  dut/id_stage_i/reg_B[14]_i_4/O
                         net (fo=1, routed)           0.598    43.388    dut/id_stage_i/reg_B[14]_i_4_n_0
    SLICE_X34Y17         LUT5 (Prop_lut5_I0_O)        0.124    43.512 r  dut/id_stage_i/reg_B[14]_i_2/O
                         net (fo=15, routed)          0.543    44.055    dut/id_stage_i/i_horcrux/multiplier_tree_inst/mul_res_lo[14]
    SLICE_X41Y17         LUT2 (Prop_lut2_I1_O)        0.124    44.179 r  dut/id_stage_i/sig[31]_i_64/O
                         net (fo=1, routed)           0.000    44.179    dut/id_stage_i/sig[31]_i_64_n_0
    SLICE_X41Y17         CARRY4 (Prop_carry4_S[2]_CO[3])
                                                      0.398    44.577 r  dut/id_stage_i/sig_reg[31]_i_42/CO[3]
                         net (fo=1, routed)           0.000    44.577    dut/id_stage_i/sig_reg[31]_i_42_n_0
    SLICE_X41Y18         CARRY4 (Prop_carry4_CI_CO[0])
                                                      0.271    44.848 r  dut/id_stage_i/sig_reg[31]_i_43/CO[0]
                         net (fo=6, routed)           0.349    45.196    dut/id_stage_i/sig_reg[31]_i_43_n_3
    SLICE_X42Y17         LUT2 (Prop_lut2_I1_O)        0.373    45.569 r  dut/id_stage_i/sig[19]_i_30/O
                         net (fo=1, routed)           0.000    45.569    dut/id_stage_i/sig[19]_i_30_n_0
    SLICE_X42Y17         CARRY4 (Prop_carry4_S[0]_O[2])
                                                      0.544    46.113 r  dut/id_stage_i/sig_reg[19]_i_18/O[2]
                         net (fo=1, routed)           0.575    46.688    dut/id_stage_i/i_horcrux/multiplier_tree_inst/result_o0[2]
    SLICE_X41Y19         LUT6 (Prop_lut6_I3_O)        0.301    46.989 r  dut/id_stage_i/sig[18]_i_17/O
                         net (fo=1, routed)           0.000    46.989    dut/id_stage_i/sig[18]_i_17_n_0
    SLICE_X41Y19         MUXF7 (Prop_muxf7_I1_O)      0.217    47.206 r  dut/id_stage_i/sig_reg[18]_i_9/O
                         net (fo=1, routed)           0.637    47.843    dut/id_stage_i/sig_reg[18]_i_9_n_0
    SLICE_X49Y19         LUT5 (Prop_lut5_I4_O)        0.299    48.142 r  dut/id_stage_i/sig[18]_i_5/O
                         net (fo=1, routed)           0.544    48.687    dut/id_stage_i/sig[18]_i_5_n_0
    SLICE_X49Y16         LUT6 (Prop_lut6_I4_O)        0.124    48.811 r  dut/id_stage_i/sig[18]_i_2/O
                         net (fo=1, routed)           0.403    49.214    dut/id_stage_i/rd_values[rd1][18]
    SLICE_X49Y16         LUT2 (Prop_lut2_I0_O)        0.124    49.338 r  dut/id_stage_i/sig[18]_i_1/O
                         net (fo=1, routed)           0.000    49.338    dut_n_13
    SLICE_X49Y16         FDCE                                         r  sig_reg[18]/D
  -------------------------------------------------------------------    -------------------

                         (clock clk rise edge)       45.000    45.000 r  
    U7                                                0.000    45.000 r  clk (IN)
                         net (fo=0)                   0.000    45.000    clk
    U7                   IBUF (Prop_ibuf_I_O)         0.924    45.924 r  clk_IBUF_inst/O
                         net (fo=1, routed)           1.972    47.896    clk_IBUF
    BUFGCTRL_X0Y0        BUFG (Prop_bufg_I_O)         0.091    47.987 r  clk_IBUF_BUFG_inst/O
                         net (fo=4221, routed)        1.483    49.470    clk_IBUF_BUFG
    SLICE_X49Y16         FDCE                                         r  sig_reg[18]/C
                         clock pessimism              0.458    49.928    
                         clock uncertainty           -0.035    49.893    
    SLICE_X49Y16         FDCE (Setup_fdce_C_D)        0.029    49.922    sig_reg[18]
  -------------------------------------------------------------------
                         required time                         49.922    
                         arrival time                         -49.338    
  -------------------------------------------------------------------
                         slack                                  0.585    




